#
# There is insufficient memory for the Java Runtime Environment to continue.
# Native memory allocation (mmap) failed to map 65536 bytes. Error detail: Failed to commit metaspace.
# Possible reasons:
#   The system is out of physical RAM or swap space
#   This process is running with CompressedOops enabled, and the Java Heap may be blocking the growth of the native heap
# Possible solutions:
#   Reduce memory load on the system
#   Increase physical memory or swap space
#   Check if swap backing store is full
#   Decrease Java heap size (-Xmx/-Xms)
#   Decrease number of Java threads
#   Decrease Java thread stack sizes (-Xss)
#   Set larger code cache with -XX:ReservedCodeCacheSize=
#   JVM is running with Unscaled Compressed Oops mode in which the Java heap is
#     placed in the first 4GB address space. The Java Heap base address is the
#     maximum limit for the native heap growth. Please use -XX:HeapBaseMinAddress
#     to set the Java Heap base and to place the Java Heap above 4GB virtual address.
# This output file may be truncated or incomplete.
#
#  Out of Memory Error (virtualSpaceNode.cpp:113), pid=34108, tid=44968
#
# JRE version: OpenJDK Runtime Environment Temurin-21.0.12.1+1 (21.0.12.1+1) (build 21.0.12.1+1-LTS)
# Java VM: OpenJDK 64-Bit Server VM Temurin-21.0.12.1+1 (21.0.12.1+1-LTS, mixed mode, sharing, tiered, compressed oops, compressed class ptrs, g1 gc, windows-amd64)
# No core dump will be written. Minidumps are not enabled by default on client versions of Windows
#

---------------  S U M M A R Y ------------

Command Line: --add-opens=java.base/java.lang=ALL-UNNAMED --add-opens=java.base/java.lang.invoke=ALL-UNNAMED --add-opens=java.base/java.util=ALL-UNNAMED --add-opens=java.prefs/java.util.prefs=ALL-UNNAMED --add-exports=jdk.compiler/com.sun.tools.javac.api=ALL-UNNAMED --add-exports=jdk.compiler/com.sun.tools.javac.util=ALL-UNNAMED --add-opens=java.base/java.util=ALL-UNNAMED --add-opens=java.prefs/java.util.prefs=ALL-UNNAMED --add-opens=java.base/java.nio.charset=ALL-UNNAMED --add-opens=java.base/java.net=ALL-UNNAMED --add-opens=java.base/java.util.concurrent.atomic=ALL-UNNAMED --add-opens=java.xml/javax.xml.namespace=ALL-UNNAMED -Xmx2048m -Dfile.encoding=UTF-8 -Duser.country=US -Duser.language=en -Duser.variant -javaagent:C:\Users\User\.gradle\wrapper\dists\gradle-8.11.1-bin\bpt9gzteqjrbo1mjrsomdt32c\gradle-8.11.1\lib\agents\gradle-instrumentation-agent-8.11.1.jar org.gradle.launcher.daemon.bootstrap.GradleDaemon 8.11.1

Host: 11th Gen Intel(R) Core(TM) i5-1135G7 @ 2.40GHz, 8 cores, 11G,  Windows 11 , 64 bit Build 26100 (10.0.26100.9549)
Time: Sun Oct  4 19:06:48 2026 Sri Lanka Standard Time elapsed time: 55.875618 seconds (0d 0h 0m 55s)

---------------  T H R E A D  ---------------

Current thread (0x0000027e54f206e0):  JavaThread "Daemon worker"        [_thread_in_vm, id=44968, stack(0x0000008ae4b00000,0x0000008ae4c00000) (1024K)]

Stack: [0x0000008ae4b00000,0x0000008ae4c00000]
Native frames: (J=compiled Java code, j=interpreted, Vv=VM code, C=native code)
V  [jvm.dll+0x6d83e9]
V  [jvm.dll+0x8b5736]
V  [jvm.dll+0x8b7cee]
V  [jvm.dll+0x8b83d3]
V  [jvm.dll+0x284596]
V  [jvm.dll+0x8b147e]
V  [jvm.dll+0x679ad4]
V  [jvm.dll+0x1e849b]
V  [jvm.dll+0x1e825e]
V  [jvm.dll+0x67c3d2]
V  [jvm.dll+0x67c202]
V  [jvm.dll+0x67a4ae]
V  [jvm.dll+0x26e440]
V  [jvm.dll+0x684715]
V  [jvm.dll+0x21973e]
V  [jvm.dll+0x219be5]
V  [jvm.dll+0x21a5d8]
V  [jvm.dll+0x20f80e]
V  [jvm.dll+0x5b6a7f]
V  [jvm.dll+0x82f606]
V  [jvm.dll+0x4792f8]
V  [jvm.dll+0x47f128]
C  [java.dll+0x17ec]

Java frames: (J=compiled Java code, j=interpreted, Vv=VM code)
J 827  java.lang.ClassLoader.defineClass1(Ljava/lang/ClassLoader;Ljava/lang/String;[BIILjava/security/ProtectionDomain;Ljava/lang/String;)Ljava/lang/Class; java.base@21.0.12.1 (0 bytes) @ 0x0000027e07b2a811 [0x0000027e07b2a740+0x00000000000000d1]
J 4096 c2 java.security.SecureClassLoader.defineClass(Ljava/lang/String;[BIILjava/security/CodeSource;)Ljava/lang/Class; java.base@21.0.12.1 (16 bytes) @ 0x0000027e07d20e18 [0x0000027e07d200e0+0x0000000000000d38]
J 4497 c2 java.lang.ClassLoader.loadClass(Ljava/lang/String;Z)Ljava/lang/Class; java.base@21.0.12.1 (121 bytes) @ 0x0000027e07d28f44 [0x0000027e07d27b40+0x0000000000001404]
J 4885 c2 java.lang.ClassLoader.loadClass(Ljava/lang/String;)Ljava/lang/Class; java.base@21.0.12.1 (7 bytes) @ 0x0000027e07d4456c [0x0000027e07d44520+0x000000000000004c]
v  ~StubRoutines::call_stub 0x0000027e075310e7
j  org.antlr.v4.runtime.atn.LexerATNSimulator.getEpsilonTarget(Lorg/antlr/v4/runtime/CharStream;Lorg/antlr/v4/runtime/atn/LexerATNConfig;Lorg/antlr/v4/runtime/atn/Transition;Lorg/antlr/v4/runtime/atn/ATNConfigSet;ZZ)Lorg/antlr/v4/runtime/atn/LexerATNConfig;+197
j  org.antlr.v4.runtime.atn.LexerATNSimulator.closure(Lorg/antlr/v4/runtime/CharStream;Lorg/antlr/v4/runtime/atn/LexerATNConfig;Lorg/antlr/v4/runtime/atn/ATNConfigSet;ZZZ)Z+263
j  org.antlr.v4.runtime.atn.LexerATNSimulator.closure(Lorg/antlr/v4/runtime/CharStream;Lorg/antlr/v4/runtime/atn/LexerATNConfig;Lorg/antlr/v4/runtime/atn/ATNConfigSet;ZZZ)Z+183
j  org.antlr.v4.runtime.atn.LexerATNSimulator.closure(Lorg/antlr/v4/runtime/CharStream;Lorg/antlr/v4/runtime/atn/LexerATNConfig;Lorg/antlr/v4/runtime/atn/ATNConfigSet;ZZZ)Z+284
j  org.antlr.v4.runtime.atn.LexerATNSimulator.getReachableConfigSet(Lorg/antlr/v4/runtime/CharStream;Lorg/antlr/v4/runtime/atn/ATNConfigSet;Lorg/antlr/v4/runtime/atn/ATNConfigSet;I)V+184
j  org.antlr.v4.runtime.atn.LexerATNSimulator.computeTargetState(Lorg/antlr/v4/runtime/CharStream;Lorg/antlr/v4/runtime/dfa/DFAState;I)Lorg/antlr/v4/runtime/dfa/DFAState;+18
j  org.antlr.v4.runtime.atn.LexerATNSimulator.execATN(Lorg/antlr/v4/runtime/CharStream;Lorg/antlr/v4/runtime/dfa/DFAState;)I+47
j  org.antlr.v4.runtime.atn.LexerATNSimulator.match(Lorg/antlr/v4/runtime/CharStream;I)I+77
j  org.antlr.v4.runtime.Lexer.nextToken()Lorg/antlr/v4/runtime/Token;+132
j  org.antlr.v4.runtime.BufferedTokenStream.fetch(I)I+20
j  org.antlr.v4.runtime.BufferedTokenStream.sync(I)Z+38
j  org.antlr.v4.runtime.BufferedTokenStream.consume()V+98
j  org.antlr.v4.runtime.Parser.consume()Lorg/antlr/v4/runtime/Token;+19
j  org.antlr.v4.runtime.Parser.match(I)Lorg/antlr/v4/runtime/Token;+36
j  org.tomlj.internal.TomlParser.standardTable()Lorg/tomlj/internal/TomlParser$StandardTableContext;+114
j  org.tomlj.internal.TomlParser.table()Lorg/tomlj/internal/TomlParser$TableContext;+94
j  org.tomlj.internal.TomlParser.expression()Lorg/tomlj/internal/TomlParser$ExpressionContext;+127
j  org.tomlj.internal.TomlParser.toml()Lorg/tomlj/internal/TomlParser$TomlContext;+159
j  org.tomlj.Parser.parse(Lorg/antlr/v4/runtime/CharStream;Lorg/tomlj/TomlVersion;)Lorg/tomlj/TomlParseResult;+45
j  org.tomlj.Toml.parse(Ljava/io/InputStream;Lorg/tomlj/TomlVersion;)Lorg/tomlj/TomlParseResult;+10
j  org.tomlj.Toml.parse(Ljava/io/InputStream;)Lorg/tomlj/TomlParseResult;+4
j  org.gradle.api.internal.catalog.parser.TomlCatalogFileParser.parse()V+31
j  org.gradle.api.internal.catalog.parser.TomlCatalogFileParser.parse(Ljava/nio/file/Path;Lorg/gradle/api/initialization/dsl/VersionCatalogBuilder;Ljava/util/function/Supplier;)V+10
j  org.gradle.api.internal.catalog.DefaultVersionCatalogBuilder.importCatalogFromFile(Ljava/io/File;)V+99
j  org.gradle.api.internal.catalog.DefaultVersionCatalogBuilder.lambda$maybeImportCatalogs$3(Ljava/io/File;)V+2
j  org.gradle.api.internal.catalog.DefaultVersionCatalogBuilder$$Lambda+0x0000027e107b4e80.run()V+8
j  org.gradle.api.internal.catalog.DefaultVersionCatalogBuilder.withContext(Ljava/lang/String;Ljava/lang/Runnable;)V+15
j  org.gradle.api.internal.catalog.DefaultVersionCatalogBuilder.maybeImportCatalogs()V+171
j  org.gradle.api.internal.catalog.DefaultVersionCatalogBuilder.doBuild()Lorg/gradle/api/internal/catalog/DefaultVersionCatalog;+1
j  org.gradle.api.internal.catalog.DefaultVersionCatalogBuilder$$Lambda+0x0000027e1077d6b0.get()Ljava/lang/Object;+4
j  org.gradle.internal.lazy.UnsafeLazy.get()Ljava/lang/Object;+12
j  org.gradle.api.internal.catalog.DefaultVersionCatalogBuilder.build()Lorg/gradle/api/internal/catalog/DefaultVersionCatalog;+4
j  org.gradle.api.internal.catalog.DefaultDependenciesAccessors.generateAccessors(Ljava/util/List;Lorg/gradle/api/internal/initialization/ClassLoaderScope;Lorg/gradle/api/initialization/Settings;)V+49
j  org.gradle.configuration.BuildTreePreparingProjectsPreparer.generateDependenciesAccessorsAndAssignPluginVersions(Lorg/gradle/internal/service/ServiceRegistry;Lorg/gradle/api/internal/SettingsInternal;Lorg/gradle/api/internal/initialization/ClassLoaderScope;)V+120
j  org.gradle.configuration.BuildTreePreparingProjectsPreparer.prepareProjects(Lorg/gradle/api/internal/GradleInternal;)V+70
j  org.gradle.configuration.BuildOperationFiringProjectsPreparer$ConfigureBuild.run(Lorg/gradle/internal/operations/BuildOperationContext;)V+11
j  org.gradle.internal.operations.DefaultBuildOperationRunner$1.execute(Lorg/gradle/internal/operations/RunnableBuildOperation;Lorg/gradle/internal/operations/BuildOperationContext;)V+2
j  org.gradle.internal.operations.DefaultBuildOperationRunner$1.execute(Lorg/gradle/internal/operations/BuildOperation;Lorg/gradle/internal/operations/BuildOperationContext;)V+6
j  org.gradle.internal.operations.DefaultBuildOperationRunner$2.execute(Lorg/gradle/internal/operations/BuildOperationDescriptor;Lorg/gradle/internal/operations/BuildOperationState;Lorg/gradle/internal/operations/BuildOperationState;Lorg/gradle/internal/operations/DefaultBuildOperationRunner$ReadableBuildOperationContext;Lorg/gradle/internal/operations/DefaultBuildOperationRunner$BuildOperationExecutionListener;)Lorg/gradle/internal/operations/BuildOperation;+22
j  org.gradle.internal.operations.DefaultBuildOperationRunner$2.execute(Lorg/gradle/internal/operations/BuildOperationDescriptor;Lorg/gradle/internal/operations/BuildOperationState;Lorg/gradle/internal/operations/BuildOperationState;Lorg/gradle/internal/operations/DefaultBuildOperationRunner$ReadableBuildOperationContext;Lorg/gradle/internal/operations/DefaultBuildOperationRunner$BuildOperationExecutionListener;)Ljava/lang/Object;+8
j  org.gradle.internal.operations.DefaultBuildOperationRunner.execute(Lorg/gradle/internal/operations/BuildOperationDescriptor$Builder;Lorg/gradle/internal/operations/BuildOperationState;Lorg/gradle/internal/operations/DefaultBuildOperationRunner$BuildOperationExecution;)Ljava/lang/Object;+141
j  org.gradle.internal.operations.DefaultBuildOperationRunner.execute(Lorg/gradle/internal/operations/BuildOperation;Lorg/gradle/internal/operations/BuildOperationWorker;Lorg/gradle/internal/operations/BuildOperationState;)V+18
j  org.gradle.internal.operations.DefaultBuildOperationRunner.run(Lorg/gradle/internal/operations/RunnableBuildOperation;)V+9
j  org.gradle.configuration.BuildOperationFiringProjectsPreparer.prepareProjects(Lorg/gradle/api/internal/GradleInternal;)V+13
j  org.gradle.initialization.VintageBuildModelController.lambda$prepareProjects$2()V+8
j  org.gradle.initialization.VintageBuildModelController$$Lambda+0x0000027e107716f0.run()V+4
j  org.gradle.internal.model.StateTransitionController.lambda$doTransition$14(Ljava/lang/Runnable;)Lorg/gradle/internal/build/ExecutionResult;+1
j  org.gradle.internal.model.StateTransitionController$$Lambda+0x0000027e1040bb48.get()Ljava/lang/Object;+4
j  org.gradle.internal.model.StateTransitionController.doTransition(Lorg/gradle/internal/model/StateTransitionController$State;Lorg/gradle/internal/model/StateTransitionController$State;Ljava/util/function/Supplier;)Lorg/gradle/internal/build/ExecutionResult;+24
j  org.gradle.internal.model.StateTransitionController.doTransition(Lorg/gradle/internal/model/StateTransitionController$State;Lorg/gradle/internal/model/StateTransitionController$State;Ljava/lang/Runnable;)V+9
j  org.gradle.internal.model.StateTransitionController.lambda$transitionIfNotPreviously$11(Lorg/gradle/internal/model/StateTransitionController$State;Lorg/gradle/internal/model/StateTransitionController$State;Ljava/lang/Runnable;)V+16
j  org.gradle.internal.model.StateTransitionController$$Lambda+0x0000027e1040bf98.run()V+16
j  org.gradle.internal.work.DefaultSynchronizer.withLock(Ljava/lang/Runnable;)V+6
j  org.gradle.internal.model.StateTransitionController.transitionIfNotPreviously(Lorg/gradle/internal/model/StateTransitionController$State;Lorg/gradle/internal/model/StateTransitionController$State;Ljava/lang/Runnable;)V+13
j  org.gradle.initialization.VintageBuildModelController.prepareProjects()V+16
j  org.gradle.initialization.VintageBuildModelController.prepareToScheduleTasks()V+5
j  org.gradle.internal.build.DefaultBuildLifecycleController.lambda$prepareToScheduleTasks$6()V+9
j  org.gradle.internal.build.DefaultBuildLifecycleController$$Lambda+0x0000027e1040b6f8.run()V+4
j  org.gradle.internal.model.StateTransitionController.lambda$doTransition$14(Ljava/lang/Runnable;)Lorg/gradle/internal/build/ExecutionResult;+1
j  org.gradle.internal.model.StateTransitionController$$Lambda+0x0000027e1040bb48.get()Ljava/lang/Object;+4
j  org.gradle.internal.model.StateTransitionController.doTransition(Lorg/gradle/internal/model/StateTransitionController$State;Lorg/gradle/internal/model/StateTransitionController$State;Ljava/util/function/Supplier;)Lorg/gradle/internal/build/ExecutionResult;+24
j  org.gradle.internal.model.StateTransitionController.doTransition(Lorg/gradle/internal/model/StateTransitionController$State;Lorg/gradle/internal/model/StateTransitionController$State;Ljava/lang/Runnable;)V+9
j  org.gradle.internal.model.StateTransitionController.lambda$maybeTransition$9(Lorg/gradle/internal/model/StateTransitionController$State;Lorg/gradle/internal/model/StateTransitionController$State;Ljava/lang/Runnable;)V+16
j  org.gradle.internal.model.StateTransitionController$$Lambda+0x0000027e1040b920.run()V+16
j  org.gradle.internal.work.DefaultSynchronizer.withLock(Ljava/lang/Runnable;)V+6
j  org.gradle.internal.model.StateTransitionController.maybeTransition(Lorg/gradle/internal/model/StateTransitionController$State;Lorg/gradle/internal/model/StateTransitionController$State;Ljava/lang/Runnable;)V+13
j  org.gradle.internal.build.DefaultBuildLifecycleController.prepareToScheduleTasks()V+16
j  org.gradle.internal.buildtree.DefaultBuildTreeWorkPreparer.scheduleRequestedTasks(Lorg/gradle/internal/buildtree/BuildTreeWorkGraph;Lorg/gradle/execution/EntryTaskSelector;)Lorg/gradle/internal/buildtree/BuildTreeWorkGraph$FinalizedGraph;+4
j  org.gradle.internal.cc.impl.VintageBuildTreeWorkController$scheduleAndRunRequestedTasks$1.apply(Lorg/gradle/internal/buildtree/BuildTreeWorkGraph;)Lorg/gradle/internal/build/ExecutionResult;+18
j  org.gradle.internal.cc.impl.VintageBuildTreeWorkController$scheduleAndRunRequestedTasks$1.apply(Ljava/lang/Object;)Ljava/lang/Object;+5
j  org.gradle.composite.internal.DefaultIncludedBuildTaskGraph.withNewWorkGraph(Ljava/util/function/Function;)Ljava/lang/Object;+30
j  org.gradle.internal.cc.impl.VintageBuildTreeWorkController.scheduleAndRunRequestedTasks(Lorg/gradle/execution/EntryTaskSelector;)Lorg/gradle/internal/build/ExecutionResult;+16
j  org.gradle.internal.buildtree.DefaultBuildTreeLifecycleController.lambda$scheduleAndRunTasks$1(Lorg/gradle/execution/EntryTaskSelector;)Lorg/gradle/internal/build/ExecutionResult;+5
j  org.gradle.internal.buildtree.DefaultBuildTreeLifecycleController$$Lambda+0x0000027e1040a858.get()Ljava/lang/Object;+8
j  org.gradle.internal.buildtree.DefaultBuildTreeLifecycleController.lambda$runBuild$4(Ljava/util/function/Supplier;)Ljava/lang/Object;+1
j  org.gradle.internal.buildtree.DefaultBuildTreeLifecycleController$$Lambda+0x0000027e1040aa80.get()Ljava/lang/Object;+8
j  org.gradle.internal.model.StateTransitionController.lambda$transition$6(Ljava/util/function/Supplier;)Lorg/gradle/internal/build/ExecutionResult;+1
j  org.gradle.internal.model.StateTransitionController$$Lambda+0x0000027e1040aed0.get()Ljava/lang/Object;+4
j  org.gradle.internal.model.StateTransitionController.doTransition(Lorg/gradle/internal/model/StateTransitionController$State;Lorg/gradle/internal/model/StateTransitionController$State;Ljava/util/function/Supplier;)Lorg/gradle/internal/build/ExecutionResult;+24
j  org.gradle.internal.model.StateTransitionController.lambda$transition$7(Lorg/gradle/internal/model/StateTransitionController$State;Lorg/gradle/internal/model/StateTransitionController$State;Ljava/util/function/Supplier;)Ljava/lang/Object;+9
j  org.gradle.internal.model.StateTransitionController$$Lambda+0x0000027e1040aca8.create()Ljava/lang/Object;+16
j  org.gradle.internal.work.DefaultSynchronizer.withLock(Lorg/gradle/internal/Factory;)Ljava/lang/Object;+6
j  org.gradle.internal.model.StateTransitionController.transition(Lorg/gradle/internal/model/StateTransitionController$State;Lorg/gradle/internal/model/StateTransitionController$State;Ljava/util/function/Supplier;)Ljava/lang/Object;+13
j  org.gradle.internal.buildtree.DefaultBuildTreeLifecycleController.runBuild(Ljava/util/function/Supplier;)Ljava/lang/Object;+17
j  org.gradle.internal.buildtree.DefaultBuildTreeLifecycleController.scheduleAndRunTasks(Lorg/gradle/execution/EntryTaskSelector;)V+8
j  org.gradle.internal.buildtree.DefaultBuildTreeLifecycleController.scheduleAndRunTasks()V+2
j  org.gradle.tooling.internal.provider.runner.BuildModelActionRunner.run(Lorg/gradle/internal/invocation/BuildAction;Lorg/gradle/internal/buildtree/BuildTreeLifecycleController;)Lorg/gradle/internal/buildtree/BuildActionRunner$Result;+65
j  org.gradle.launcher.exec.ChainingBuildActionRunner.run(Lorg/gradle/internal/invocation/BuildAction;Lorg/gradle/internal/buildtree/BuildTreeLifecycleController;)Lorg/gradle/internal/buildtree/BuildActionRunner$Result;+34
j  org.gradle.internal.buildtree.ProblemReportingBuildActionRunner.run(Lorg/gradle/internal/invocation/BuildAction;Lorg/gradle/internal/buildtree/BuildTreeLifecycleController;)Lorg/gradle/internal/buildtree/BuildActionRunner$Result;+12
j  org.gradle.launcher.exec.BuildOutcomeReportingBuildActionRunner.run(Lorg/gradle/internal/invocation/BuildAction;Lorg/gradle/internal/buildtree/BuildTreeLifecycleController;)Lorg/gradle/internal/buildtree/BuildActionRunner$Result;+69
j  org.gradle.tooling.internal.provider.FileSystemWatchingBuildActionRunner.run(Lorg/gradle/internal/invocation/BuildAction;Lorg/gradle/internal/buildtree/BuildTreeLifecycleController;)Lorg/gradle/internal/buildtree/BuildActionRunner$Result;+335
j  org.gradle.launcher.exec.BuildCompletionNotifyingBuildActionRunner.run(Lorg/gradle/internal/invocation/BuildAction;Lorg/gradle/internal/buildtree/BuildTreeLifecycleController;)Lorg/gradle/internal/buildtree/BuildActionRunner$Result;+6
j  org.gradle.launcher.exec.RootBuildLifecycleBuildActionExecutor.lambda$execute$0(Lorg/gradle/internal/invocation/BuildAction;Lorg/gradle/internal/buildtree/BuildTreeLifecycleController;)Lorg/gradle/internal/buildtree/BuildActionRunner$Result;+6
j  org.gradle.launcher.exec.RootBuildLifecycleBuildActionExecutor$$Lambda+0x0000027e103f6c60.apply(Ljava/lang/Object;)Ljava/lang/Object;+12
j  org.gradle.composite.internal.DefaultRootBuildState.run(Ljava/util/function/Function;)Ljava/lang/Object;+87
j  org.gradle.launcher.exec.RootBuildLifecycleBuildActionExecutor.execute(Lorg/gradle/internal/invocation/BuildAction;Lorg/gradle/internal/buildtree/BuildTreeContext;)Lorg/gradle/internal/buildtree/BuildActionRunner$Result;+75
j  org.gradle.internal.buildtree.InitDeprecationLoggingActionExecutor.execute(Lorg/gradle/internal/invocation/BuildAction;Lorg/gradle/internal/buildtree/BuildTreeContext;)Lorg/gradle/internal/buildtree/BuildActionRunner$Result;+83
j  org.gradle.internal.buildtree.InitProblems.execute(Lorg/gradle/internal/invocation/BuildAction;Lorg/gradle/internal/buildtree/BuildTreeContext;)Lorg/gradle/internal/buildtree/BuildActionRunner$Result;+13
j  org.gradle.internal.buildtree.DefaultBuildTreeContext.execute(Lorg/gradle/internal/invocation/BuildAction;)Lorg/gradle/internal/buildtree/BuildActionRunner$Result;+64
j  org.gradle.launcher.exec.BuildTreeLifecycleBuildActionExecutor.lambda$execute$0(Lorg/gradle/internal/invocation/BuildAction;Lorg/gradle/internal/buildtree/BuildTreeContext;)Lorg/gradle/internal/buildtree/BuildActionRunner$Result;+2
j  org.gradle.launcher.exec.BuildTreeLifecycleBuildActionExecutor$$Lambda+0x0000027e102aac68.apply(Ljava/lang/Object;)Ljava/lang/Object;+8
j  org.gradle.internal.buildtree.BuildTreeState.run(Ljava/util/function/Function;)Ljava/lang/Object;+47
j  org.gradle.launcher.exec.BuildTreeLifecycleBuildActionExecutor.execute(Lorg/gradle/internal/invocation/BuildAction;Lorg/gradle/internal/session/BuildSessionContext;)Lorg/gradle/internal/buildtree/BuildActionRunner$Result;+74
j  org.gradle.launcher.exec.RunAsBuildOperationBuildActionExecutor$3.call(Lorg/gradle/internal/operations/BuildOperationContext;)Lorg/gradle/internal/buildtree/BuildActionRunner$Result;+25
j  org.gradle.launcher.exec.RunAsBuildOperationBuildActionExecutor$3.call(Lorg/gradle/internal/operations/BuildOperationContext;)Ljava/lang/Object;+2
j  org.gradle.internal.operations.DefaultBuildOperationRunner$CallableBuildOperationWorker.execute(Lorg/gradle/internal/operations/CallableBuildOperation;Lorg/gradle/internal/operations/BuildOperationContext;)V+3
j  org.gradle.internal.operations.DefaultBuildOperationRunner$CallableBuildOperationWorker.execute(Lorg/gradle/internal/operations/BuildOperation;Lorg/gradle/internal/operations/BuildOperationContext;)V+6
j  org.gradle.internal.operations.DefaultBuildOperationRunner$2.execute(Lorg/gradle/internal/operations/BuildOperationDescriptor;Lorg/gradle/internal/operations/BuildOperationState;Lorg/gradle/internal/operations/BuildOperationState;Lorg/gradle/internal/operations/DefaultBuildOperationRunner$ReadableBuildOperationContext;Lorg/gradle/internal/operations/DefaultBuildOperationRunner$BuildOperationExecutionListener;)Lorg/gradle/internal/operations/BuildOperation;+22
j  org.gradle.internal.operations.DefaultBuildOperationRunner$2.execute(Lorg/gradle/internal/operations/BuildOperationDescriptor;Lorg/gradle/internal/operations/BuildOperationState;Lorg/gradle/internal/operations/BuildOperationState;Lorg/gradle/internal/operations/DefaultBuildOperationRunner$ReadableBuildOperationContext;Lorg/gradle/internal/operations/DefaultBuildOperationRunner$BuildOperationExecutionListener;)Ljava/lang/Object;+8
j  org.gradle.internal.operations.DefaultBuildOperationRunner.execute(Lorg/gradle/internal/operations/BuildOperationDescriptor$Builder;Lorg/gradle/internal/operations/BuildOperationState;Lorg/gradle/internal/operations/DefaultBuildOperationRunner$BuildOperationExecution;)Ljava/lang/Object;+141
j  org.gradle.internal.operations.DefaultBuildOperationRunner.execute(Lorg/gradle/internal/operations/BuildOperation;Lorg/gradle/internal/operations/BuildOperationWorker;Lorg/gradle/internal/operations/BuildOperationState;)V+18
j  org.gradle.internal.operations.DefaultBuildOperationRunner.call(Lorg/gradle/internal/operations/CallableBuildOperation;)Ljava/lang/Object;+16
j  org.gradle.launcher.exec.RunAsBuildOperationBuildActionExecutor.execute(Lorg/gradle/internal/invocation/BuildAction;Lorg/gradle/internal/session/BuildSessionContext;)Lorg/gradle/internal/buildtree/BuildActionRunner$Result;+23
j  org.gradle.launcher.exec.RunAsWorkerThreadBuildActionExecutor.lambda$execute$0(Lorg/gradle/internal/invocation/BuildAction;Lorg/gradle/internal/session/BuildSessionContext;)Lorg/gradle/internal/buildtree/BuildActionRunner$Result;+6
j  org.gradle.launcher.exec.RunAsWorkerThreadBuildActionExecutor$$Lambda+0x0000027e10276670.create()Ljava/lang/Object;+12
j  org.gradle.internal.work.DefaultWorkerLeaseService.withLocks(Ljava/util/Collection;Lorg/gradle/internal/Factory;)Ljava/lang/Object;+28
j  org.gradle.internal.work.DefaultWorkerLeaseService.runAsWorkerThread(Lorg/gradle/internal/Factory;)Ljava/lang/Object;+33
j  org.gradle.launcher.exec.RunAsWorkerThreadBuildActionExecutor.execute(Lorg/gradle/internal/invocation/BuildAction;Lorg/gradle/internal/session/BuildSessionContext;)Lorg/gradle/internal/buildtree/BuildActionRunner$Result;+12
j  org.gradle.tooling.internal.provider.continuous.ContinuousBuildActionExecutor.execute(Lorg/gradle/internal/invocation/BuildAction;Lorg/gradle/internal/session/BuildSessionContext;)Lorg/gradle/internal/buildtree/BuildActionRunner$Result;+58
j  org.gradle.tooling.internal.provider.SubscribableBuildActionExecutor.execute(Lorg/gradle/internal/invocation/BuildAction;Lorg/gradle/internal/session/BuildSessionContext;)Lorg/gradle/internal/buildtree/BuildActionRunner$Result;+30
j  org.gradle.internal.session.DefaultBuildSessionContext.execute(Lorg/gradle/internal/invocation/BuildAction;)Lorg/gradle/internal/buildtree/BuildActionRunner$Result;+64
j  org.gradle.internal.buildprocess.execution.BuildSessionLifecycleBuildActionExecutor$ActionImpl.apply(Lorg/gradle/internal/session/BuildSessionContext;)Lorg/gradle/launcher/exec/BuildActionResult;+6
j  org.gradle.internal.buildprocess.execution.BuildSessionLifecycleBuildActionExecutor$ActionImpl.apply(Ljava/lang/Object;)Ljava/lang/Object;+5
j  org.gradle.internal.session.BuildSessionState.run(Ljava/util/function/Function;)Ljava/lang/Object;+5
j  org.gradle.internal.buildprocess.execution.BuildSessionLifecycleBuildActionExecutor.execute(Lorg/gradle/internal/invocation/BuildAction;Lorg/gradle/launcher/exec/BuildActionParameters;Lorg/gradle/initialization/BuildRequestContext;)Lorg/gradle/launcher/exec/BuildActionResult;+95
j  org.gradle.internal.buildprocess.execution.BuildSessionLifecycleBuildActionExecutor.execute(Lorg/gradle/internal/invocation/BuildAction;Ljava/lang/Object;Ljava/lang/Object;)Lorg/gradle/launcher/exec/BuildActionResult;+10
j  org.gradle.internal.buildprocess.execution.StartParamsValidatingActionExecutor.execute(Lorg/gradle/internal/invocation/BuildAction;Lorg/gradle/launcher/exec/BuildActionParameters;Lorg/gradle/initialization/BuildRequestContext;)Lorg/gradle/launcher/exec/BuildActionResult;+203
j  org.gradle.internal.buildprocess.execution.StartParamsValidatingActionExecutor.execute(Lorg/gradle/internal/invocation/BuildAction;Ljava/lang/Object;Ljava/lang/Object;)Lorg/gradle/launcher/exec/BuildActionResult;+10
j  org.gradle.internal.buildprocess.execution.SessionFailureReportingActionExecutor.execute(Lorg/gradle/internal/invocation/BuildAction;Lorg/gradle/launcher/exec/BuildActionParameters;Lorg/gradle/initialization/BuildRequestContext;)Lorg/gradle/launcher/exec/BuildActionResult;+7
j  org.gradle.internal.buildprocess.execution.SessionFailureReportingActionExecutor.execute(Lorg/gradle/internal/invocation/BuildAction;Ljava/lang/Object;Ljava/lang/Object;)Lorg/gradle/launcher/exec/BuildActionResult;+10
j  org.gradle.internal.buildprocess.execution.SetupLoggingActionExecutor.execute(Lorg/gradle/internal/invocation/BuildAction;Lorg/gradle/launcher/exec/BuildActionParameters;Lorg/gradle/initialization/BuildRequestContext;)Lorg/gradle/launcher/exec/BuildActionResult;+50
j  org.gradle.internal.buildprocess.execution.SetupLoggingActionExecutor.execute(Lorg/gradle/internal/invocation/BuildAction;Ljava/lang/Object;Ljava/lang/Object;)Lorg/gradle/launcher/exec/BuildActionResult;+10
j  org.gradle.launcher.daemon.server.exec.ExecuteBuild.doBuild(Lorg/gradle/launcher/daemon/server/api/DaemonCommandExecution;Lorg/gradle/launcher/daemon/protocol/Build;)V+147
j  org.gradle.launcher.daemon.server.exec.BuildCommandOnly.execute(Lorg/gradle/launcher/daemon/server/api/DaemonCommandExecution;)V+49
j  org.gradle.launcher.daemon.server.api.DaemonCommandExecution.proceed()Z+23
j  org.gradle.launcher.daemon.server.exec.WatchForDisconnection.execute(Lorg/gradle/launcher/daemon/server/api/DaemonCommandExecution;)V+19
j  org.gradle.launcher.daemon.server.api.DaemonCommandExecution.proceed()Z+23
j  org.gradle.launcher.daemon.server.exec.ResetDeprecationLogger.execute(Lorg/gradle/launcher/daemon/server/api/DaemonCommandExecution;)V+7
j  org.gradle.launcher.daemon.server.api.DaemonCommandExecution.proceed()Z+23
j  org.gradle.launcher.daemon.server.exec.RequestStopIfSingleUsedDaemon.execute(Lorg/gradle/launcher/daemon/server/api/DaemonCommandExecution;)V+33
j  org.gradle.launcher.daemon.server.api.DaemonCommandExecution.proceed()Z+23
j  org.gradle.launcher.daemon.server.exec.ForwardClientInput.lambda$execute$0(Lorg/gradle/launcher/daemon/server/api/DaemonCommandExecution;Lorg/gradle/internal/daemon/clientinput/StdinHandler;)Ljava/lang/Object;+11
j  org.gradle.launcher.daemon.server.exec.ForwardClientInput$$Lambda+0x0000027e1018eba8.apply(Ljava/lang/Object;)Ljava/lang/Object;+8
j  org.gradle.internal.daemon.clientinput.ClientInputForwarder.forwardInput(Ljava/util/function/Function;)Ljava/lang/Object;+46
j  org.gradle.launcher.daemon.server.exec.ForwardClientInput.execute(Lorg/gradle/launcher/daemon/server/api/DaemonCommandExecution;)V+10
j  org.gradle.launcher.daemon.server.api.DaemonCommandExecution.proceed()Z+23
j  org.gradle.launcher.daemon.server.exec.LogAndCheckHealth.execute(Lorg/gradle/launcher/daemon/server/api/DaemonCommandExecution;)V+51
j  org.gradle.launcher.daemon.server.api.DaemonCommandExecution.proceed()Z+23
j  org.gradle.launcher.daemon.server.exec.LogToClient.doBuild(Lorg/gradle/launcher/daemon/server/api/DaemonCommandExecution;Lorg/gradle/launcher/daemon/protocol/Build;)V+87
j  org.gradle.launcher.daemon.server.exec.BuildCommandOnly.execute(Lorg/gradle/launcher/daemon/server/api/DaemonCommandExecution;)V+49
j  org.gradle.launcher.daemon.server.api.DaemonCommandExecution.proceed()Z+23
j  org.gradle.launcher.daemon.server.exec.EstablishBuildEnvironment.doBuild(Lorg/gradle/launcher/daemon/server/api/DaemonCommandExecution;Lorg/gradle/launcher/daemon/protocol/Build;)V+356
j  org.gradle.launcher.daemon.server.exec.BuildCommandOnly.execute(Lorg/gradle/launcher/daemon/server/api/DaemonCommandExecution;)V+49
j  org.gradle.launcher.daemon.server.api.DaemonCommandExecution.proceed()Z+23
j  org.gradle.launcher.daemon.server.exec.StartBuildOrRespondWithBusy$1.run()V+44
j  org.gradle.launcher.daemon.server.DaemonStateCoordinator.lambda$runCommand$0(Ljava/lang/Runnable;)V+1
j  org.gradle.launcher.daemon.server.DaemonStateCoordinator$$Lambda+0x0000027e1018b498.run()V+8
j  org.gradle.internal.concurrent.ExecutorPolicy$CatchAndRecordFailures.onExecute(Ljava/lang/Runnable;)V+1
j  org.gradle.internal.concurrent.AbstractManagedExecutor$1.run()V+25
j  java.util.concurrent.ThreadPoolExecutor.runWorker(Ljava/util/concurrent/ThreadPoolExecutor$Worker;)V+92 java.base@21.0.12.1
j  java.util.concurrent.ThreadPoolExecutor$Worker.run()V+5 java.base@21.0.12.1
j  java.lang.Thread.runWith(Ljava/lang/Object;Ljava/lang/Runnable;)V+5 java.base@21.0.12.1
j  java.lang.Thread.run()V+19 java.base@21.0.12.1
v  ~StubRoutines::call_stub 0x0000027e075310e7

Compiled method (n/a) 56312  827     n 0       java.lang.ClassLoader::defineClass1 (native)
 total in heap  [0x0000027e07b2a590,0x0000027e07b2ac28] = 1688
 relocation     [0x0000027e07b2a6f0,0x0000027e07b2a728] = 56
 main code      [0x0000027e07b2a740,0x0000027e07b2ac27] = 1255
 stub code      [0x0000027e07b2ac27,0x0000027e07b2ac28] = 1

[Constant Pool (empty)]

[MachCode]
[Entry Point]
  # {method} {0x0000027e0f434c38} 'defineClass1' '(Ljava/lang/ClassLoader;Ljava/lang/String;[BIILjava/security/ProtectionDomain;Ljava/lang/String;)Ljava/lang/Class;' in 'java/lang/ClassLoader'
  # parm0:    rdx:rdx   = 'java/lang/ClassLoader'
  # parm1:    r8:r8     = 'java/lang/String'
  # parm2:    r9:r9     = '[B'
  # parm3:    rdi       = int
  # parm4:    rsi       = int
  # parm5:    rcx:rcx   = 'java/security/ProtectionDomain'
  # parm6:    [sp+0xa0]   = 'java/lang/String'  (sp of caller)
  0x0000027e07b2a740: 448b 5208 | 49bb 0000 | 000f 7e02 | 0000 4d03 | d349 3bc2 | 0f84 0600 

  0x0000027e07b2a758: ;   {runtime_call ic_miss_stub}
  0x0000027e07b2a758: 0000 e921 | 42a5 ff90 
[Verified Entry Point]
  0x0000027e07b2a760: 8984 2400 | 80ff ff55 | 488b ec48 | 81ec 9000 | 0000 6690 | 4181 7f20 | 0500 0000 

  0x0000027e07b2a77c: ;   {runtime_call StubRoutines (final stubs)}
  0x0000027e07b2a77c: 7405 e81d | dba3 ff48 | 837d 1000 | 488d 4510 | 480f 4445 | 1048 8944 | 2440 4889 | 4c24 7048 
  0x0000027e07b2a79c: 83f9 0048 | 8d44 2470 | 480f 4444 | 2470 4889 | 4424 3848 | 8974 2430 | 4889 7c24 | 284c 894c 
  0x0000027e07b2a7bc: 2458 4983 | f900 488d | 4424 5848 | 0f44 4424 | 5848 8944 | 2420 4c89 | 4424 5049 | 83f8 004c 
  0x0000027e07b2a7dc: 8d4c 2450 | 4c0f 444c | 2450 4889 | 5424 4848 | 83fa 004c | 8d44 2448 | 4c0f 4444 

  0x0000027e07b2a7f8: ;   {oop(a 'java/lang/Class'{0x00000000800976f8} = 'java/lang/ClassLoader')}
  0x0000027e07b2a7f8: 2448 49be | f876 0980 | 0000 0000 | 4c89 7424 | 784c 8d74 | 2478 498b | d6c5 f877 

  0x0000027e07b2a814: ;   {internal_word}
  0x0000027e07b2a814: 49ba 11a8 | b207 7e02 | 0000 4d89 | 97a8 0300 | 0049 89a7 | a003 0000 

  0x0000027e07b2a82c: ;   {external_word}
  0x0000027e07b2a82c: 49ba 066d | bd25 f87f | 0000 4180 | 3a00 0f84 | 4e00 0000 | 5241 5041 

  0x0000027e07b2a844: ;   {metadata({method} {0x0000027e0f434c38} 'defineClass1' '(Ljava/lang/ClassLoader;Ljava/lang/String;[BIILjava/security/ProtectionDomain;Ljava/lang/String;)Ljava/lang/Class;' in 'java/lang/ClassLoader')}
  0x0000027e07b2a844: 5148 ba30 | 4c43 0f7e | 0200 0049 | 8bcf 4883 | ec20 40f6 | c40f 0f84 | 1900 0000 | 4883 ec08 
  0x0000027e07b2a864: ;   {runtime_call}
  0x0000027e07b2a864: 48b8 e0ea | 6625 f87f | 0000 ffd0 | 4883 c408 | e90c 0000 

  0x0000027e07b2a878: ;   {runtime_call}
  0x0000027e07b2a878: 0048 b8e0 | ea66 25f8 | 7f00 00ff | d048 83c4 | 2041 5941 | 585a 498d | 8fc0 0300 | 0041 c787 
  0x0000027e07b2a898: 4c04 0000 | 0400 0000 

  0x0000027e07b2a8a0: ;   {runtime_call}
  0x0000027e07b2a8a0: 48b8 ac16 | c7e7 f87f | 0000 ffd0 | c5f8 7741 | c787 4c04 | 0000 0500 | 0000 f083 | 4424 c000 
  0x0000027e07b2a8c0: 493b af50 | 0400 000f | 870e 0000 | 0041 83bf | 4804 0000 | 000f 842b | 0000 00c5 | f877 4889 
  0x0000027e07b2a8e0: 45f8 498b | cf4c 8be4 | 4883 ec20 | 4883 e4f0 

  0x0000027e07b2a8f0: ;   {runtime_call}
  0x0000027e07b2a8f0: 48b8 0058 | 3225 f87f | 0000 ffd0 | 498b e44d | 33e4 488b | 45f8 41c7 | 874c 0400 | 0008 0000 
  0x0000027e07b2a910: 0041 83bf | c804 0000 | 020f 84db 

  0x0000027e07b2a91c: ;   {external_word}
  0x0000027e07b2a91c: 0200 0049 | ba06 6dbd | 25f8 7f00 | 0041 803a | 000f 844c | 0000 0048 

  0x0000027e07b2a934: ;   {metadata({method} {0x0000027e0f434c38} 'defineClass1' '(Ljava/lang/ClassLoader;Ljava/lang/String;[BIILjava/security/ProtectionDomain;Ljava/lang/String;)Ljava/lang/Class;' in 'java/lang/ClassLoader')}
  0x0000027e07b2a934: 8945 f848 | ba30 4c43 | 0f7e 0200 | 0049 8bcf | 4883 ec20 | 40f6 c40f | 0f84 1900 | 0000 4883 
  0x0000027e07b2a954: ;   {runtime_call}
  0x0000027e07b2a954: ec08 48b8 | e0ea 6625 | f87f 0000 | ffd0 4883 | c408 e90c 

  0x0000027e07b2a968: ;   {runtime_call}
  0x0000027e07b2a968: 0000 0048 | b8e0 ea66 | 25f8 7f00 | 00ff d048 | 83c4 2048 | 8b45 f849 | c787 a003 | 0000 0000 
  0x0000027e07b2a988: 0000 49c7 | 87a8 0300 | 0000 0000 | 00c5 f877 | 4885 c00f | 8436 0200 | 00a8 030f | 8508 0000 
  0x0000027e07b2a9a8: 0048 8b00 | e926 0200 | 00a8 010f | 8509 0000 | 0048 8b40 | fee9 1502 | 0000 488b | 40ff 4180 
  0x0000027e07b2a9c8: 7f40 000f | 8406 0200 | 0048 83f8 | 000f 84fc | 0100 0049 | 8b4f 2848 | 83f9 000f | 8414 0000 
  0x0000027e07b2a9e8: 0048 83e9 | 0849 894f | 2849 034f | 3848 8901 | e9da 0100 | 0048 81ec | f000 0000 | 4889 0424 
  0x0000027e07b2aa08: 4889 4c24 | 0848 8954 | 2410 4c89 | 4424 184c | 894c 2420 | 4c89 5424 | 284c 895c | 2430 c5fb 
  0x0000027e07b2aa28: 1144 2440 | c5fb 114c | 2448 c5fb | 1154 2450 | c5fb 115c | 2458 c5fb | 1164 2460 | c5fb 116c 
  0x0000027e07b2aa48: 2468 62e1 | ff08 1144 | 240e 62e1 | ff08 114c | 240f 62e1 | ff08 1154 | 2410 62e1 | ff08 115c 
  0x0000027e07b2aa68: ;   {no_reloc}
  0x0000027e07b2aa68: 2411 62e1 | ff08 1164 | 2412 62e1 | ff08 116c | 2413 62e1 | ff08 1174 | 2414 62e1 | ff08 117c 
  0x0000027e07b2aa88: 2415 6261 | ff08 1144 | 2416 6261 | ff08 114c | 2417 6261 | ff08 1154 | 2418 6261 | ff08 115c 
  0x0000027e07b2aaa8: 2419 6261 | ff08 1164 | 241a 6261 | ff08 116c | 241b 6261 | ff08 1174 | 241c 6261 | ff08 117c 
  0x0000027e07b2aac8: 241d 498b | d748 8bc8 | 4883 ec20 | 40f6 c40f | 0f84 1900 | 0000 4883 

  0x0000027e07b2aae0: ;   {runtime_call}
  0x0000027e07b2aae0: ec08 48b8 | 20a4 2525 | f87f 0000 | ffd0 4883 | c408 e90c 

  0x0000027e07b2aaf4: ;   {runtime_call}
  0x0000027e07b2aaf4: 0000 0048 | b820 a425 | 25f8 7f00 | 00ff d048 | 83c4 2062 | 61ff 0810 | 7c24 1d62 | 61ff 0810 
  0x0000027e07b2ab14: 7424 1c62 | 61ff 0810 | 6c24 1b62 | 61ff 0810 | 6424 1a62 | 61ff 0810 | 5c24 1962 | 61ff 0810 
  0x0000027e07b2ab34: 5424 1862 | 61ff 0810 | 4c24 1762 | 61ff 0810 | 4424 1662 | e1ff 0810 | 7c24 1562 | e1ff 0810 
  0x0000027e07b2ab54: 7424 1462 | e1ff 0810 | 6c24 1362 | e1ff 0810 | 6424 1262 | e1ff 0810 | 5c24 1162 | e1ff 0810 
  0x0000027e07b2ab74: 5424 1062 | e1ff 0810 | 4c24 0f62 | e1ff 0810 | 4424 0ec5 | fb10 6c24 | 68c5 fb10 | 6424 60c5 
  0x0000027e07b2ab94: fb10 5c24 | 58c5 fb10 | 5424 50c5 | fb10 4c24 | 48c5 fb10 | 4424 404c | 8b5c 2430 | 4c8b 5424 
  0x0000027e07b2abb4: 284c 8b4c | 2420 4c8b | 4424 1848 | 8b54 2410 | 488b 4c24 | 0848 8b04 | 2448 81c4 | f000 0000 
  0x0000027e07b2abd4: c5f8 7749 | 8b8f 3004 | 0000 c781 | 0001 0000 | 0000 0000 | c949 837f | 0800 0f85 | 0100 0000 
  0x0000027e07b2abf4: ;   {runtime_call StubRoutines (initial stubs)}
  0x0000027e07b2abf4: c3e9 0663 | a0ff c5f8 | 7748 8945 | f84c 8be4 | 4883 ec20 | 4883 e4f0 

  0x0000027e07b2ac0c: ;   {runtime_call}
  0x0000027e07b2ac0c: 48b8 3022 | 6725 f87f | 0000 ffd0 | 498b e44d | 33e4 488b | 45f8 e9f8 | fcff fff4 
[/MachCode]


Compiled method (c2) 56412 4096       4       java.security.SecureClassLoader::defineClass (16 bytes)
 total in heap  [0x0000027e07d1fb10,0x0000027e07d26f00] = 29680
 relocation     [0x0000027e07d1fc70,0x0000027e07d200e0] = 1136
 main code      [0x0000027e07d200e0,0x0000027e07d24460] = 17280
 stub code      [0x0000027e07d24460,0x0000027e07d245c0] = 352
 oops           [0x0000027e07d245c0,0x0000027e07d245e8] = 40
 metadata       [0x0000027e07d245e8,0x0000027e07d247e8] = 512
 scopes data    [0x0000027e07d247e8,0x0000027e07d25fa0] = 6072
 scopes pcs     [0x0000027e07d25fa0,0x0000027e07d26940] = 2464
 dependencies   [0x0000027e07d26940,0x0000027e07d26958] = 24
 handler table  [0x0000027e07d26958,0x0000027e07d26e08] = 1200
 nul chk table  [0x0000027e07d26e08,0x0000027e07d26f00] = 248

[Constant Pool (empty)]

[MachCode]
[Entry Point]
  # {method} {0x0000027e0f04e0e8} 'defineClass' '(Ljava/lang/String;[BIILjava/security/CodeSource;)Ljava/lang/Class;' in 'java/security/SecureClassLoader'
  # this:     rdx:rdx   = 'java/security/SecureClassLoader'
  # parm0:    r8:r8     = 'java/lang/String'
  # parm1:    r9:r9     = '[B'
  # parm2:    rdi       = int
  # parm3:    rsi       = int
  # parm4:    rcx:rcx   = 'java/security/CodeSource'
  #           [sp+0xc0]  (sp of caller)
  0x0000027e07d200e0: 448b 5208 | 49bb 0000 | 000f 7e02 | 0000 4d03 | d349 3bc2 

  0x0000027e07d200f4: ;   {runtime_call ic_miss_stub}
  0x0000027e07d200f4: 0f85 86e8 | 85ff 6690 | 0f1f 4000 
[Verified Entry Point]
  0x0000027e07d20100: 8984 2400 | 80ff ff55 | 4881 ecb0 | 0000 0090 | 4181 7f20 | 0500 0000 | 0f85 3443 | 0000 8974 
  0x0000027e07d20120: 2444 897c | 2440 4c89 | 4c24 384c | 8944 2430 | 4889 5424 | 2848 8be9 | 4885 c90f | 8407 3400 
  0x0000027e07d20140: 004d 8b87 | b801 0000 | 4d8b d049 | 83c2 104d | 3b97 c801 | 0000 0f83 | 0126 0000 | 4d89 97b8 
  0x0000027e07d20160: 0100 0041 | 0f0d 8ac0 | 0000 0049 | c700 0100 

  0x0000027e07d20170: ;   {metadata('java/security/SecureClassLoader$CodeSourceKey')}
  0x0000027e07d20170: 0000 41c7 | 4008 b8b4 | 1100 4c8b | dd45 8958 | 0c4d 8b8f | b801 0000 | 4c8b 5424 | 2841 8b6a 
  0x0000027e07d20190: 504d 8bd1 | 4983 c210 | 4d3b 97c8 | 0100 000f | 83db 2500 | 004d 8997 | b801 0000 | 410f 0d8a 
  0x0000027e07d201b0: c000 0000 | 49c7 0101 

  0x0000027e07d201b8: ;   {metadata('java/security/SecureClassLoader$1')}
  0x0000027e07d201b8: 0000 0041 | c741 0850 | ba11 004c | 8b54 2428 | 4d8b da45 | 8959 0c44 

  0x0000027e07d201d0: ;   {metadata('java/util/concurrent/ConcurrentHashMap')}
  0x0000027e07d201d0: 8b5d 0841 | 81fb 8027 | 0600 0f85 | 9c2c 0000 | 488b d590 

  0x0000027e07d201e4: ;   {optimized virtual_call}
  0x0000027e07d201e4: c5f8 77e8 

  0x0000027e07d201e8: ; ImmutableOopMap {[40]=Oop [48]=Oop [56]=Oop }
                      ;*invokeinterface computeIfAbsent {reexecute=0 rethrow=0 return_oop=1}
                      ; - java.security.SecureClassLoader::getProtectionDomain@28
                      ; - java.security.SecureClassLoader::defineClass@9
  0x0000027e07d201e8: 1462 ddff 

  0x0000027e07d201ec: ;   {other}
  0x0000027e07d201ec: 0f1f 8400 | dc06 0000 

  0x0000027e07d201f4: ; implicit exception: dispatches to 0x0000027e07d23fb0
  0x0000027e07d201f4: 448b 5008 

  0x0000027e07d201f8: ;   {metadata('java/security/ProtectionDomain')}
  0x0000027e07d201f8: 4181 fae8 | 5800 000f | 85d7 3c00 | 0048 8984 | 2490 0000 | 004c 8b54 | 2430 458b | 5214 458b 
  0x0000027e07d20218: 5a0c 4585 | db0f 86a5 | 2c00 004c | 8b44 2430 | 450f be48 | 1045 85c9 | 0f85 f130 | 0000 c442 
  0x0000027e07d20238: 32f7 cb45 | 3bcb 418b | d941 0f4f | db4d 8bc2 | c4c1 f96e | c04d 8d42 | 1085 db0f | 8ecf 0000 
  0x0000027e07d20258: 0044 3bdb | 0f82 7e2e | 0000 b82f | 0000 0049 | 8bf8 8bd3 | 488b df83 | fa10 0f8c | 7900 0000 
  0x0000027e07d20278: 83fa 200f | 8c36 0000 | 00c5 f96e | d0c4 e27d | 78d2 c5e5 | efdb 8bca | 83e1 e083 | e21f c5fe 
  0x0000027e07d20298: 6f0b c5f5 | 74ca c4e2 | 7d17 d90f | 8369 0000 | 0048 83c3 | 2083 e920 | 75e4 e90d | 0000 00c5 
  0x0000027e07d202b8: f96e d0c5 | e1ef dbc4 | e269 00d3 | 83fa 100f | 8c24 0000 | 008b ca83 | e1f0 83e2 | 0fc5 fa6f 
  0x0000027e07d202d8: 0bc5 f174 | cac4 e279 | 17d9 0f83 | 2a00 0000 | 4883 c310 | 83e9 1075 | e485 d20f 

  0x0000027e07d202f4: ;   {no_reloc}
  0x0000027e07d202f4: 8412 0000 | 000f b60b | 3bc1 741c | 4883 c301 | 83ea 0174 | 02eb eebb | ffff ffff | eb0d c5fd 
  0x0000027e07d20314: d7c9 0fbc | c148 03d8 | 482b df83 | fbff 0f85 | cc31 0000 | 410f b628 | 83fd 5b0f | 8447 3200 
  0x0000027e07d20334: 0041 8d49 | fb85 c97c | 0d41 0fbe | 1883 fb6a | 0f84 8914 | 0000 488b | 5c24 2848 | 8b8c 2490 
  0x0000027e07d20354: 0000 0044 | 8b71 1041 | 8d79 ff41 | 8d4b ff3b | f90f 4ff9 | 85ff 0f8c | f21a 0000 | 413b fb0f 
  0x0000027e07d20374: 837f 2a00 | 0085 ff0f | 8e37 2d00 | 008d 57ff | 33f6 c4c1 | f96e c845 | 0fbe 443a | 1041 83f8 
  0x0000027e07d20394: 2e0f 84a5 | 1800 00ff | cf3b fa7f | ea83 ff02 | 0f8e 9900 | 0000 8d4f | fe83 ff02 | 0f4c ce81 
  0x0000027e07d203b4: f9a0 0f00 | 0041 b8a0 | 0f00 0041 | 0f47 c88b | d72b d166 | 0f1f 8400 | 0000 0000 | 4863 cf45 
  0x0000027e07d203d4: 0fbe 440a | 1041 83f8 | 2e0f 84d9 | 0000 0041 | 0fbe 4c0a | 0f83 f92e | 0f84 ce00 | 0000 8d4f 
  0x0000027e07d203f4: ;   {no_reloc}
  0x0000027e07d203f4: fe41 0fbe | 440a 1083 | f82e 0f84 | bf00 0000 | 8d4f fd45 | 0fbe 440a | 1041 83f8 | 2e0f 84ac 
  0x0000027e07d20414: 0000 0083 | c7fc 3bfa | 7fb2 498b | af58 0400 | 004c 8b44 | 2428 488b | 4c24 3048 | 8b94 2490 
  0x0000027e07d20434: ; ImmutableOopMap {r10=NarrowOop r8=Oop rcx=Oop rbx=Oop rdx=Oop r14=NarrowOop xmm0=Oop xmm1=Derived_oop_xmm0 [40]=Oop [48]=Oop [56]=Oop [144]=Oop }
                      ;*goto {reexecute=1 rethrow=0 return_oop=0}
                      ; - (reexecute) java.lang.StringLatin1::lastIndexOf@35
                      ; - java.lang.String::lastIndexOf@13
                      ; - java.lang.String::lastIndexOf@8
                      ; - java.lang.ClassLoader::checkCerts@3
                      ; - java.lang.ClassLoader::preDefineClass@113
                      ; - java.lang.ClassLoader::defineClass@4
                      ; - java.security.SecureClassLoader::defineClass@12
                      ;   {poll}
  0x0000027e07d20434: 0000 0085 | 4500 83ff | 020f 8f67 | ffff ff83 | ffff 7e20 | 410f be4c | 3a10 83f9 | 2e0f 84c9 
  0x0000027e07d20454: 2e00 00ff | cf83 ffff | 7fea c4c1 | f97e c8e9 | fc19 0000 | c4c1 f97e | c8e9 f219 | 0000 49ba 
  0x0000027e07d20474: ffff ffff | ffff ffff | c442 b8f5 | d2c4 c1fb | 92fa 62f1 | 7faf 6f01 | 62f1 7f2f | 7f02 e966 
  0x0000027e07d20494: 0600 0049 | baff ffff | ffff ffff | ffc4 42b8 | f5d2 c4c1 | fb92 fa62 | f17f af6f | 0162 f17f 
  0x0000027e07d204b4: 2f7f 02e9 | c204 0000 | 8bcf eb03 | 8d4f ffc4 | c1f9 7ec8 | 83f9 ff0f | 84cb 1e00 | 0085 c90f 
  0x0000027e07d204d4: 8cef 2f00 | 0041 3bc9 | 0f8f 0634 | 0000 413b | c90f 8445 | 1300 0085 | c90f 84b8 | 1e00 004d 
  0x0000027e07d204f4: 8baf b801 | 0000 4d8b | cd49 83c1 | 184d 3b8f | c801 0000 | 0f83 a023 | 0000 4c89 | 4424 204d 
  0x0000027e07d20514: 898f b801 | 0000 410f | 0d89 c000 | 0000 49c7 | 4500 0100 | 0000 4d8b | cd49 83c1 

  0x0000027e07d20530: ;   {metadata('java/lang/String')}
  0x0000027e07d20530: 1041 c745 | 0878 e800 | 0045 8965 | 0cc5 f5ef | c9c4 c179 | d609 413b | cb0f 85cb | 0000 004d 
  0x0000027e07d20550: 63c3 4181 | fb00 0010 | 000f 87ae | 2700 0049 | 8bbf b801 | 0000 4d8d | 4817 4983 | e1f8 488b 
  0x0000027e07d20570: cf49 03c9 | 493b 8fc8 | 0100 000f | 838c 2700 | 0049 898f | b801 0000 | 0f0d 89c0 | 0000 0048 
  0x0000027e07d20590: c707 0100 | 0000 0f0d | 8900 0100 

  0x0000027e07d2059c: ;   {metadata({type array byte})}
  0x0000027e07d2059c: 00c7 4708 | 1823 0000 | 4489 5f0c | 0f0d 8940 | 0100 000f | 0d89 8001 | 0000 8974 | 2448 4889 
  0x0000027e07d205bc: 5c24 5844 | 8974 244c | 4c89 6c24 | 604c 8944 | 2468 488b | d748 83c2 | 104c 8b44 | 2468 4983 
  0x0000027e07d205dc: c007 49c1 | e803 488b | 4c24 20c5 | f877 49ba | 8043 5607 | 7e02 0000 

  0x0000027e07d205f4: ;   {other}
  0x0000027e07d205f4: 41ff d20f | 1f84 0000 | 0000 008b | 7424 4848 | 8b5c 2458 | 448b 7424 | 4c4c 8b6c | 2460 4c8b 
  0x0000027e07d20614: dfe9 dd00 | 0000 81f9 | 0000 1000 | 0f87 522c | 0000 4c63 | c944 3bd9 | 418b eb0f | 4fe9 443b 
  0x0000027e07d20634: dd0f 82b8 | 2c00 003b | cd0f 82b0 | 2c00 0049 | 83c1 174d | 8bc1 4983 | e0f8 81f9 | 0000 1000 
  0x0000027e07d20654: 0f87 7324 | 0000 4d8b | 9fb8 0100 | 004d 8bd3 | 4d03 d04d | 3b97 c801 | 0000 0f83 | 5924 0000 
  0x0000027e07d20674: 4d89 97b8 | 0100 0041 | 0f0d 8ac0 | 0000 0049 | c703 0100 | 0000 410f | 0d8a 0001 

  0x0000027e07d20690: ;   {metadata({type array byte})}
  0x0000027e07d20690: 0000 41c7 | 4308 1823 | 0000 4189 | 4b0c 410f | 0d8a 4001 | 0000 410f | 0d8a 8001 | 0000 4d8b 
  0x0000027e07d206b0: d349 83c2 | 1049 c1e9 | 0385 ed0f | 84bf 2b00 | 003b e90f | 8c7a 1a00 | 0049 8bfb | 4983 c0f0 
  0x0000027e07d206d0: 49c1 e803 | 488b 4c24 | 2049 8bd2 | c5f8 7749 | ba80 4356 | 077e 0200 | 0041 ffd2 

  0x0000027e07d206ec: ;   {other}
  0x0000027e07d206ec: 0f1f 8400 | 0000 0000 | 4c8b df41 | 807f 4000 | 0f85 6918 | 0000 4d8b | d54d 8bc3 | 4589 4514 
  0x0000027e07d2070c: 4d33 da49 | c1eb 144d | 85db 741a | 49c1 ea09 | 48b9 0000 | ba76 7e02 | 0000 4903 | ca80 3902 
  0x0000027e07d2072c: 0f85 6c18 | 0000 4588 | 6510 418b | 6e14 85ed | 0f85 522e | 0000 418b | 6e10 85ed | 0f85 762e 
  0x0000027e07d2074c: 0000 448b | 532c 4585 | d20f 8454 | 2600 0048 | 895c 2448 | 8974 2420 | 498b d2bf | 0100 0000 
  0x0000027e07d2076c: ;   {oop(a 'java/security/cert/Certificate'[0] {0x0000000080097778})}
  0x0000027e07d2076c: 49b9 7877 | 0980 0000 | 0000 4d8b | c566 6690 

  0x0000027e07d2077c: ;   {optimized virtual_call}
  0x0000027e07d2077c: c5f8 77e8 

  0x0000027e07d20780: ; ImmutableOopMap {[40]=Oop [48]=Oop [56]=Oop [72]=Oop [144]=Oop }
                      ;*invokevirtual putVal {reexecute=0 rethrow=0 return_oop=1}
                      ; - java.util.concurrent.ConcurrentHashMap::putIfAbsent@4
                      ; - java.lang.ClassLoader::checkCerts@62
                      ; - java.lang.ClassLoader::preDefineClass@113
                      ; - java.lang.ClassLoader::defineClass@4
                      ; - java.security.SecureClassLoader::defineClass@12
  0x0000027e07d20780: 9c74 eeff 

  0x0000027e07d20784: ;   {other}
  0x0000027e07d20784: 0f1f 8400 | 740c 0002 | 4885 c074 | 1c44 8b50 

  0x0000027e07d20794: ;   {metadata('java/security/cert/Certificate'[])}
  0x0000027e07d20794: 0841 81fa | 2029 1000 | 0f85 ae37 | 0000 8b68 | 0c85 ed0f | 876f 3100 | 004c 8bb4 | 2490 0000 
  0x0000027e07d207b4: 0045 8b56 | 1041 8b5a | 0c85 db0f | 842f 2e00 | 0044 3b63 | 380f 84f9 | 2500 0049 | 8b87 b801 
  0x0000027e07d207d4: 0000 4c8b | d049 83c2 | 184c 8beb | 4d3b 97c8 | 0100 000f | 8309 2000 | 004d 8997 | b801 0000 
  0x0000027e07d207f4: 410f 0d8a | c000 0000 | 48c7 0001 | 0000 004c | 8bd0 4983 

  0x0000027e07d20808: ;   {metadata('java/lang/StringBuilder')}
  0x0000027e07d20808: c210 c740 | 0840 8000 | 0044 8960 | 0cc5 fdef | c0c4 c179 | d602 488b | f849 8b87 | b801 0000 
  0x0000027e07d20828: 4c8b d049 | 83c2 204d | 3b97 c801 | 0000 0f83 | 711f 0000 | 4d89 97b8 | 0100 0041 | 0f0d 8ac0 
  0x0000027e07d20848: 0000 0048 | c700 0100 | 0000 410f | 0d8a 0001 

  0x0000027e07d20858: ;   {metadata({type array byte})}
  0x0000027e07d20858: 0000 c740 | 0818 2300 | 0041 0f0d | 8a40 0100 | 00c7 400c | 1000 0000 | 410f 0d8a | 8001 0000 
  0x0000027e07d20878: 4c8b d049 | 83c2 10c5 | fdef c062 | d1fe 087f | 024c 8bdf | 4c8b d044 | 8957 144c | 8bc0 4d33 
  0x0000027e07d20898: c349 c1e8 | 144d 85c0 | 0f84 c815 | 0000 49c1 | eb09 48b9 | 0000 ba76 | 7e02 0000 | 4903 cb80 
  0x0000027e07d208b8: 3902 0f85 | e915 0000 | 4533 c044 | 8b4b 1444 | 8867 1045 | 85c9 0f84 | 3e1e 0000 | 458b 5914 
  0x0000027e07d208d8: ; implicit exception: dispatches to 0x0000027e07d24144
  0x0000027e07d208d8: 418b 530c 

  0x0000027e07d208dc: ; implicit exception: dispatches to 0x0000027e07d2415c
  0x0000027e07d208dc: 418b 4a0c | 450f be59 | 10c4 e222 | f7f2 4403 | c645 8bd8 | 442b d945 | 85db 0f8f | 6e12 0000 
  0x0000027e07d208fc: 440f be57 | 1045 0fbe | 4110 448b | 5f0c 453b | d00f 8569 | 2f00 008b | 4f14 453b | c20f 853d 
  0x0000027e07d2091c: 2b00 0045 | 8b49 1445 | 8b41 0cc4 | c229 f7eb 

  0x0000027e07d2092c: ; implicit exception: dispatches to 0x0000027e07d2418c
  0x0000027e07d2092c: 448b 510c | 85ed 0f8c | 1827 0000 | 458d 1c28 | 453b d30f | 820b 2700 | 0045 85c0 | 7634 4d63 
  0x0000027e07d2094c: c04c 8bd1 | 488d 5429 | 104d 8bd1 

  0x0000027e07d20958: ;   {no_reloc}
  0x0000027e07d20958: 498d 4910 | 4983 f820 | 0f86 31fb | ffff c5f8 | 7749 ba60 | 2656 077e | 0200 0041 

  0x0000027e07d20974: ;   {other}
  0x0000027e07d20974: ffd2 0f1f | 8400 0000 | 0000 0177 | 0c44 8b57 | 1445 8b5a | 0c44 8b47 | 0c44 0fbe | 4f10 c442 
  0x0000027e07d20994: 32f7 cb45 | 8bd8 452b | d941 ffc3 | 4585 db0f | 8f91 0e00 | 0080 7f10 | 000f 8529 | 1400 008b 
  0x0000027e07d209b4: 6f0c 448d | 4501 4489 | 470c 458b | 420c 413b | e80f 8355 | 2400 0041 | c644 2a10 | 3a8b 6b24 
  0x0000027e07d209d4: 85ed 0f85 | b813 0000 | 8b4f 1444 | 8b41 0c0f | be6f 1044 | 8b57 0cc4 | 4252 f7d8 | 458b c245 
  0x0000027e07d209f4: 2bc3 4585 | c00f 8fe9 | 0e00 0085 | ed0f 8529 | 2c00 008b | 6f14 448b | 5d0c 4585 | d20f 8cdd 
  0x0000027e07d20a14: 2400 0045 | 3bda 0f82 | d424 0000 | 448b 4328 

  0x0000027e07d20a24: ; implicit exception: dispatches to 0x0000027e07d242cc
  0x0000027e07d20a24: 458b 5814 

  0x0000027e07d20a28: ; implicit exception: dispatches to 0x0000027e07d24034
  0x0000027e07d20a28: 458b 4b0c | 8b4f 1444 | 8b51 0c89 | 4c24 644c | 896c 2450 | 895c 2424 | 4c89 7424 | 4841 0fbe 
  0x0000027e07d20a48: 4810 4489 | 4424 608b | 570c c442 | 72f7 d944 | 895c 2468 | 440f be4f | 1048 897c | 2458 458d 
  0x0000027e07d20a68: 0413 c442 | 32f7 da45 | 8bd0 452b 

  0x0000027e07d20a74: ;   {no_reloc}
  0x0000027e07d20a74: d345 85d2 | 0f8f 1e0f | 0000 488b | df44 8b54 | 2460 448b | d98b ca45 | 3bcb 0f85 | fc2b 0000 
  0x0000027e07d20a94: 8b73 1445 | 3bd9 0f85 | b828 0000 | 418b 4214 

  0x0000027e07d20aa4: ; implicit exception: dispatches to 0x0000027e07d24064
  0x0000027e07d20aa4: 8b78 0cc4 | e231 f7e9 

  0x0000027e07d20aac: ; implicit exception: dispatches to 0x0000027e07d2407c
  0x0000027e07d20aac: 448b 560c | 85ed 0f8c | 9824 0000 | 448d 1c2f | 453b d30f | 828b 2400 | 0085 ff76 | 344c 8bd6 
  0x0000027e07d20acc: 488d 542e | 104c 63c7 | 4c8b d048 | 8d48 1049 | 83f8 200f | 868d f9ff | ffc5 f877 | 49ba 6026 
  0x0000027e07d20aec: 5607 7e02 | 0000 41ff 

  0x0000027e07d20af4: ;   {other}
  0x0000027e07d20af4: d20f 1f84 | 0000 0000 | 0044 8b44 | 2468 4403 | 430c 4489 | 430c 8b7c | 2424 8b6f | 2085 ed0f 
  0x0000027e07d20b14: 85eb 2b00 | 008b 6b14 

  0x0000027e07d20b1c: ; implicit exception: dispatches to 0x0000027e07d2409c
  0x0000027e07d20b1c: 448b 5d0c | 440f be53 | 10c4 422a | f7db 458b | d045 2bd3 | 4585 d20f | 8f09 0f00 | 0044 0fbe 
  0x0000027e07d20b3c: 4310 448b | 530c 4585 | c00f 8515 | 2c00 008b | 6b14 448b | 450c 4585 | d20f 8c39 | 2400 0045 
  0x0000027e07d20b5c: 3bc2 0f82 | 3024 0000 | 8b6f 3085 | ed0f 8555 | 2c00 008b | 7b14 448b | 5f0c 0fbe | 6b10 448b 
  0x0000027e07d20b7c: 430c c442 | 52f7 d345 | 8bc8 452b | ca45 85c9 | 0f8f 440f | 0000 85ed | 0f85 822c | 0000 8b6b 
  0x0000027e07d20b9c: 1444 8b5d | 0c45 85c0 | 0f8c 4a24 | 0000 453b | d80f 8241 | 2400 0049 | 8b87 b801 | 0000 4c8b 
  0x0000027e07d20bbc: d049 83c2 | 184d 3b97 | c801 0000 | 0f83 641c | 0000 4d89 | 97b8 0100 | 0041 0f0d | 8ac0 0000 
  0x0000027e07d20bdc: 0048 c700 | 0100 0000 | 4c8b d049 

  0x0000027e07d20be8: ;   {metadata('java/lang/String')}
  0x0000027e07d20be8: 83c2 10c7 | 4008 78e8 | 0000 4489 | 600c c5fd | efc0 c4c1 | 79d6 0248 | 8bf0 440f | be5b 1044 
  0x0000027e07d20c08: 8b43 1444 | 8b4b 0c45 | 85db 0f85 | b427 0000 

  0x0000027e07d20c18: ; implicit exception: dispatches to 0x0000027e07d240fc
  0x0000027e07d20c18: 418b 580c | 4d8b d04c | 8954 2478 | 4d8d 5810 | 443b cb0f | 859e 0000 | 0048 63c3 | 81fb 0000 
  0x0000027e07d20c38: 1000 0f87 | 4220 0000 | 498b bfb8 | 0100 004c | 8d50 1749 | 83e2 f84c | 8bcf 4d03 | ca4d 3b8f 
  0x0000027e07d20c58: c801 0000 | 0f83 2020 | 0000 4d89 | 8fb8 0100 | 0041 0f0d | 89c0 0000 | 0048 c707 | 0100 0000 
  0x0000027e07d20c78: 410f 0d89 | 0001 0000 

  0x0000027e07d20c80: ;   {metadata({type array byte})}
  0x0000027e07d20c80: c747 0818 | 2300 0089 | 5f0c 410f | 0d89 4001 | 0000 410f | 0d89 8001 | 0000 488b | d748 83c2 
  0x0000027e07d20ca0: 1048 83c0 | 0748 c1e8 | 0349 8bcb | 4c8b c0c5 | f877 49ba | 8043 5607 | 7e02 0000 

  0x0000027e07d20cbc: ;   {other}
  0x0000027e07d20cbc: 41ff d20f | 1f84 0000 | 0000 0048 | 8bdf e9e0 | 0000 0045 | 85c9 0f8c | 782d 0000 | 4181 f900 
  0x0000027e07d20cdc: 0010 000f | 8717 2400 | 0049 63c9 | 413b d98b | eb41 0f4f | e93b dd0f | 827b 2400 | 0044 3bcd 
  0x0000027e07d20cfc: 0f82 7224 | 0000 4883 | c117 4c8b | c149 83e0 | f841 81f9 | 0000 1000 | 0f87 5a1d | 0000 498b 
  0x0000027e07d20d1c: 9fb8 0100 | 004c 8bd3 | 4d03 d04d | 3b97 c801 | 0000 0f83 | 401d 0000 | 4d89 97b8 | 0100 0041 
  0x0000027e07d20d3c: 0f0d 8ac0 | 0000 0048 | c703 0100 | 0000 410f | 0d8a 0001 

  0x0000027e07d20d50: ;   {metadata({type array byte})}
  0x0000027e07d20d50: 0000 c743 | 0818 2300 | 0044 894b | 0c41 0f0d | 8a40 0100 | 0041 0f0d | 8a80 0100 | 004c 8bd3 
  0x0000027e07d20d70: 4983 c210 | 48c1 e903 | 85ed 0f84 | 8423 0000 | 413b e90f | 8c66 1200 | 0049 83c0 | f049 c1e8 
  0x0000027e07d20d90: 0349 8bcb | 498b d2c5 | f877 49ba | 8043 5607 | 7e02 0000 

  0x0000027e07d20da4: ;   {other}
  0x0000027e07d20da4: 41ff d20f | 1f84 0000 | 0000 0041 | 807f 4000 | 0f85 bc10 | 0000 4c8b | d64c 8bc3 | 4489 4614 
  0x0000027e07d20dc4: 4c8b db4d | 33da 49c1 | eb14 4d85 | db74 1a49 | c1ea 0948 | b900 00ba | 767e 0200 | 0049 03ca 
  0x0000027e07d20de4: 8039 020f | 850e 1100 | 004c 8bd6 | 488b 5424 | 284c 8b44 | 2430 4c8b | 4c24 388b | 7c24 408b 
  0x0000027e07d20e04: 7424 4448 | 8b4c 2448 | 4c89 1424 

  0x0000027e07d20e10: ;   {static_call}
  0x0000027e07d20e10: c5f8 77e8 

  0x0000027e07d20e14: ; ImmutableOopMap {[40]=Oop [72]=Oop }
                      ;*invokestatic defineClass1 {reexecute=0 rethrow=0 return_oop=1}
                      ; - java.lang.ClassLoader::defineClass@27
                      ; - java.security.SecureClassLoader::defineClass@12
  0x0000027e07d20e14: 4899 e0ff 

  0x0000027e07d20e18: ;   {other}
  0x0000027e07d20e18: 0f1f 8400 | 0813 0003 | 4c8b f044 | 8b58 3c45 | 85db 7412 | 498b db49 | bd00 00ba | 767e 0200 
  0x0000027e07d20e38: 00e9 3604 | 0000 4c8b | 5010 458b | 4208 4585 | c00f 8cd1 | 2300 0044 | 8b58 2c45 | 85db 7528 
  0x0000027e07d20e58: 4889 4424 | 3048 8bd0 

  0x0000027e07d20e60: ;   {optimized virtual_call}
  0x0000027e07d20e60: c5f8 77e8 

  0x0000027e07d20e64: ; ImmutableOopMap {[40]=Oop [48]=Oop [72]=Oop }
                      ;*invokevirtual initClassName {reexecute=0 rethrow=0 return_oop=1}
                      ; - java.lang.Class::getName@14
                      ; - java.lang.Class::getPackageName@40
                      ; - java.lang.ClassLoader::postDefineClass@2
                      ; - java.lang.ClassLoader::defineClass@37
                      ; - java.security.SecureClassLoader::defineClass@12
  0x0000027e07d20e64: f852 deff 

  0x0000027e07d20e68: ;   {other}
  0x0000027e07d20e68: 0f1f 8400 | 5813 0004 | 4885 c00f | 841f 2e00 | 004c 8b74 | 2430 eb03 | 498b c344 | 8b40 1445 
  0x0000027e07d20e88: 8b48 0c0f | be58 10c4 | c262 f7c9 | 448d 59ff | 85db 0f85 | 7c2c 0000 | 4d8b d04c | 8994 2488 
  0x0000027e07d20ea8: 0000 0045 | 8d51 ff45 | 3bd3 450f | 4fd3 4585 | d20f 8c8d | 1000 0045 | 85c9 0f86 | 2023 0000 
  0x0000027e07d20ec8: 453b d10f | 8317 2300 | 0045 85d2 | 0f8e 6623 | 0000 418d 

  0x0000027e07d20edc: ;   {oop(""{0x00000000800260f0})}
  0x0000027e07d20edc: 7aff 48bb | f060 0280 | 0000 0000 | 49bd 0000 | ba76 7e02 | 0000 430f | be54 1010 | 83fa 2e0f 
  0x0000027e07d20efc: 848b 0e00 | 0041 ffca | 443b d77f | e941 83fa | 020f 8e81 | 0000 0041 | 8d6a fe41 | 83fa 020f 
  0x0000027e07d20f1c: 4c6c 2420 | 81fd a00f | 0000 bfa0 | 0f00 000f | 47ef 418b | d22b d566 | 0f1f 8400 | 0000 0000 
  0x0000027e07d20f3c: 6666 6690 | 4d63 da43 | 0fbe 7c18 | 1083 ff2e | 746f 430f | be7c 180f | 83ff 2e74 | 6945 8d5a 
  0x0000027e07d20f5c: fe43 0fbe | 7c18 1083 | ff2e 745e | 458d 5afd | 430f be7c | 1810 83ff | 2e74 4f41 | 83c2 fc44 
  0x0000027e07d20f7c: 3bd2 7fc0 | 498b af58 

  0x0000027e07d20f84: ; ImmutableOopMap {r8=NarrowOop rbx=Oop rax=Oop r14=Oop [40]=Oop [72]=Oop [136]=Oop }
                      ;*goto {reexecute=1 rethrow=0 return_oop=0}
                      ; - (reexecute) java.lang.StringLatin1::lastIndexOf@35
                      ; - java.lang.String::lastIndexOf@13
                      ; - java.lang.String::lastIndexOf@8
                      ; - java.lang.Class::getPackageName@47
                      ; - java.lang.ClassLoader::postDefineClass@2
                      ; - java.lang.ClassLoader::defineClass@37
                      ; - java.security.SecureClassLoader::defineClass@12
                      ;   {poll}
  0x0000027e07d20f84: 0400 0085 | 4500 4183 | fa02 0f8f | 7fff ffff | 4183 faff | 0f8e c20f | 0000 6690 | 430f be7c 
  0x0000027e07d20fa4: 1010 83ff | 2e0f 8499 | 2a00 0041 | ffca 4183 | faff 7fe8 | e9a3 0f00 | 0045 8bda | eb04 458d 
  0x0000027e07d20fc4: 5aff 4183 | fbff 0f84 | 6102 0000 | 4585 db0f | 8ca7 2b00 | 0044 3bd9 | 0f8f 1a2c | 0000 443b 
  0x0000027e07d20fe4: d90f 8448 | 0c00 0045 | 85db 0f84 | 5a17 0000 | 498b 9fb8 | 0100 004c | 8bd3 4983 | c218 4d3b 
  0x0000027e07d21004: 97c8 0100 | 000f 8379 | 1b00 004d | 8997 b801 | 0000 410f | 0d8a c000 | 0000 48c7 | 0301 0000 
  0x0000027e07d21024: 004c 8bd3 | 4983 c210 

  0x0000027e07d2102c: ;   {metadata('java/lang/String')}
  0x0000027e07d2102c: c743 0878 | e800 0044 | 8963 0cc5 | fdef c0c4 | c179 d602 | 4d8d 5010 | 453b d90f | 8599 0000 
  0x0000027e07d2104c: 0049 63f9 | 4181 f900 | 0010 000f | 87f7 1c00 | 0049 8bb7 | b801 0000 | 4c8d 5f17 | 4983 e3f8 
  0x0000027e07d2106c: 488b ce49 | 03cb 493b | 8fc8 0100 | 000f 83d5 | 1c00 0049 | 898f b801 | 0000 0f0d | 89c0 0000 
  0x0000027e07d2108c: 0048 c706 | 0100 0000 | 0f0d 8900 

  0x0000027e07d21098: ;   {metadata({type array byte})}
  0x0000027e07d21098: 0100 00c7 | 4608 1823 | 0000 4489 | 4e0c 0f0d | 8940 0100 | 000f 0d89 | 8001 0000 | 488b d648 
  0x0000027e07d210b8: 83c2 1048 | 83c7 0748 | c1ef 0349 | 8bca 4c8b | c7c5 f877 | 49ba 8043 | 5607 7e02 | 0000 41ff 
  0x0000027e07d210d8: ;   {other}
  0x0000027e07d210d8: d20f 1f84 | 0000 0000 | 00e9 dc00 | 0000 4181 | fb00 0010 | 000f 8789 | 2800 0049 | 63c3 453b 
  0x0000027e07d210f8: cb41 8be9 | 410f 4feb | 443b cd0f | 82ee 2800 | 0044 3bdd | 0f82 e528 | 0000 4883 | c017 488b 
  0x0000027e07d21118: f848 83e7 | f841 81fb | 0000 1000 | 0f87 e71a | 0000 498b | b7b8 0100 | 004c 8bc6 | 4c03 c74d 
  0x0000027e07d21138: 3b87 c801 | 0000 0f83 | cd1a 0000 | 4d89 87b8 | 0100 0041 | 0f0d 88c0 | 0000 0048 | c706 0100 
  0x0000027e07d21158: 0000 410f | 0d88 0001 

  0x0000027e07d21160: ;   {metadata({type array byte})}
  0x0000027e07d21160: 0000 c746 | 0818 2300 | 0044 895e | 0c41 0f0d | 8840 0100 | 0041 0f0d | 8880 0100 | 004c 8bce 
  0x0000027e07d21180: 4983 c110 | 48c1 e803 | 85ed 0f84 | f427 0000 | 413b eb0f | 8c30 1100 | 0048 83c7 | f048 c1ef 
  0x0000027e07d211a0: 0349 8bca | 498b d14c | 8bc7 c5f8 | 7749 ba80 | 4356 077e | 0200 0041 

  0x0000027e07d211b8: ;   {other}
  0x0000027e07d211b8: ffd2 0f1f | 8400 0000 | 0000 4180 | 7f40 000f | 8571 1000 | 004c 8bd3 | 4c8b de44 | 895b 144c 
  0x0000027e07d211d8: 8bde 4d33 | da49 c1eb | 144d 85db | 741a 49c1 | ea09 48b9 | 0000 ba76 | 7e02 0000 | 4903 ca80 
  0x0000027e07d211f8: 3902 0f85 | 7110 0000 | 4488 6310 | 4c89 6c24 | 4048 8bd3 | 4c89 7424 | 3066 6690 

  0x0000027e07d21214: ;   {optimized virtual_call}
  0x0000027e07d21214: c5f8 77e8 

  0x0000027e07d21218: ; ImmutableOopMap {[40]=Oop [48]=Oop [72]=Oop }
                      ;*invokevirtual intern {reexecute=0 rethrow=0 return_oop=1}
                      ; - java.lang.Class::getPackageName@65
                      ; - java.lang.ClassLoader::postDefineClass@2
                      ; - java.lang.ClassLoader::defineClass@37
                      ; - java.security.SecureClassLoader::defineClass@12
  0x0000027e07d21218: c46f dcff 

  0x0000027e07d2121c: ;   {other}
  0x0000027e07d2121c: 0f1f 8400 | 0c17 0006 | 488b d84c | 8b6c 2440 | 4c8b 7424 | 3041 807f | 4000 0f85 | 830e 0000 
  0x0000027e07d2123c: 4d8b d64c | 8bdb 4589 | 5e3c 4c8b | db4d 33da | 49c1 eb14 | 4d85 db74 | 1f48 85db | 741a 49c1 
  0x0000027e07d2125c: ea09 48b9 | 0000 ba76 | 7e02 0000 | 4903 ca80 | 3902 0f85 | 7e0e 0000 | 4c8b 5424 | 2845 8b5a 
  0x0000027e07d2127c: 3845 85db | 0f84 5a1b | 0000 4c8b | cb8b 430c | 458b 4630 | 85c0 7571 | 440f b653 | 1145 85d2 
  0x0000027e07d2129c: 0f85 2010 | 0000 448b | 5314 498b | eb49 8bd2 | 807b 1000 | 0f85 a215 | 0000 4489 | 4424 5044 
  0x0000027e07d212bc: 895c 2424 | 4889 5c24 | 404c 8974 | 2438 4c89 | 6c24 3090 

  0x0000027e07d212d0: ;   {static_call}
  0x0000027e07d212d0: c5f8 77e8 

  0x0000027e07d212d4: ; ImmutableOopMap {rbp=Oop [36]=NarrowOop [40]=Oop [56]=Oop [64]=Oop [72]=Oop [80]=NarrowOop }
                      ;*invokestatic hashCode {reexecute=0 rethrow=0 return_oop=0}
                      ; - java.lang.String::hashCode@27
                      ; - java.util.concurrent.ConcurrentHashMap::get@1
                      ; - java.lang.ClassLoader::getNamedPackage@5
                      ; - java.lang.ClassLoader::postDefineClass@9
                      ; - java.lang.ClassLoader::defineClass@37
                      ; - java.security.SecureClassLoader::defineClass@12
  0x0000027e07d212d4: a8e5 85ff 

  0x0000027e07d212d8: ;   {other}
  0x0000027e07d212d8: 0f1f 8400 | c817 0007 | 85c0 0f84 | a115 0000 | 4c8b 4c24 | 4041 8941 | 0c4c 8b6c | 2430 4c8b 
  0x0000027e07d212f8: 7424 3844 | 8b5c 2424 | 448b 4424 | 5041 8b5b | 2885 db0f | 8417 0100 | 0044 8b5b | 0c45 85db 
  0x0000027e07d21318: 0f86 f621 | 0000 448b | d041 c1ea | 1044 33d0 | 41ff cb41 | 81e2 ffff | ff7f 4523 | da4d 63db 
  0x0000027e07d21338: 468b 5c9b | 1045 85db | 0f84 e200 | 0000 418b | 6b0c 413b | ea0f 84f2 | 0200 0085 | ed0f 8c79 
  0x0000027e07d21358: 2900 0045 | 8b5b 1845 | 85db 0f84 | c000 0000 | 498b db8b | 4b0c 498b | 9758 0400 

  0x0000027e07d21374: ; ImmutableOopMap {r8=NarrowOop r9=Oop rbx=Oop r14=Oop [40]=Oop [72]=Oop }
                      ;*if_icmpne {reexecute=1 rethrow=0 return_oop=0}
                      ; - (reexecute) java.util.concurrent.ConcurrentHashMap::get@127
                      ; - java.lang.ClassLoader::getNamedPackage@5
                      ; - java.lang.ClassLoader::postDefineClass@9
                      ; - java.lang.ClassLoader::defineClass@37
                      ; - java.security.SecureClassLoader::defineClass@12
                      ;   {poll}
  0x0000027e07d21374: 0085 0241 | 3bca 7412 | 448b 5b18 | 4585 db0f | 849f 0000 | 0049 8bdb | ebdd 8b6b | 104c 8bdd 
  0x0000027e07d21394: 4d3b d90f | 8480 0000 | 0085 ed0f | 846b 2a00 | 0048 895c | 2458 4489 | 5424 5444 | 8944 2450 
  0x0000027e07d213b4: 4c89 4c24 | 404c 8974 | 2438 4c89 | 6c24 304c | 8b54 2428 | 4c89 5424 | 204c 8bc5 | 498b d14c 
  0x0000027e07d213d4: 8974 2428 

  0x0000027e07d213d8: ;   {optimized virtual_call}
  0x0000027e07d213d8: c5f8 77e8 

  0x0000027e07d213dc: ; ImmutableOopMap {[32]=Oop [40]=Oop [56]=Oop [64]=Oop [72]=Oop [80]=NarrowOop [88]=Oop }
                      ;*invokevirtual equals {reexecute=0 rethrow=0 return_oop=0}
                      ; - java.util.concurrent.ConcurrentHashMap::get@149
                      ; - java.lang.ClassLoader::getNamedPackage@5
                      ; - java.lang.ClassLoader::postDefineClass@9
                      ; - java.lang.ClassLoader::defineClass@37
                      ; - java.security.SecureClassLoader::defineClass@12
  0x0000027e07d213dc: 60ac dbff 

  0x0000027e07d213e0: ;   {other}
  0x0000027e07d213e0: 0f1f 8400 | d018 0009 | 4d8b 9758 

  0x0000027e07d213ec: ; ImmutableOopMap {[32]=Oop [40]=Oop [56]=Oop [64]=Oop [72]=Oop [80]=NarrowOop [88]=Oop }
                      ;*ifeq {reexecute=1 rethrow=0 return_oop=0}
                      ; - (reexecute) java.util.concurrent.ConcurrentHashMap::get@152
                      ; - java.lang.ClassLoader::getNamedPackage@5
                      ; - java.lang.ClassLoader::postDefineClass@9
                      ; - java.lang.ClassLoader::defineClass@37
                      ; - java.security.SecureClassLoader::defineClass@12
                      ;   {poll}
  0x0000027e07d213ec: 0400 0041 | 8502 85c0 | 0f84 c00f | 0000 4c8b | 5424 204c | 8954 2428 | 4c8b 6c24 | 304c 8b74 
  0x0000027e07d2140c: 2438 4c8b | 4c24 4044 | 8b44 2450 | 488b 5c24 | 588b 6b14 | 85ed 0f85 | 4603 0000 | 498b 87b8 
  0x0000027e07d2142c: 0100 004c | 8bd0 4983 | c218 4d3b | 97c8 0100 | 000f 8398 | 1700 004d | 8997 b801 | 0000 410f 
  0x0000027e07d2144c: 0d8a c000 | 0000 48c7 | 0001 0000 

  0x0000027e07d21458: ;   {metadata('java/lang/NamedPackage')}
  0x0000027e07d21458: 00c7 4008 | e8c0 0100 | 4489 600c | 4c8b d049 | 83c2 10c5 | fdef c0c4 | c179 d602 | 4c89 6c24 
  0x0000027e07d21478: 204c 8974 | 2430 4c89 | 4c24 3844 | 8944 2440 | 4889 4424 | 5048 8b54 | 2438 6690 

  0x0000027e07d21494: ;   {optimized virtual_call}
  0x0000027e07d21494: c5f8 77e8 

  0x0000027e07d21498: ; ImmutableOopMap {[40]=Oop [48]=Oop [56]=Oop [64]=NarrowOop [72]=Oop [80]=Oop }
                      ;*invokevirtual isEmpty {reexecute=0 rethrow=0 return_oop=0}
                      ; - java.lang.NamedPackage::<init>@5
                      ; - java.lang.ClassLoader::getNamedPackage@22
                      ; - java.lang.ClassLoader::postDefineClass@9
                      ; - java.lang.ClassLoader::defineClass@37
                      ; - java.security.SecureClassLoader::defineClass@12
  0x0000027e07d21498: 243e e3ff 

  0x0000027e07d2149c: ;   {other}
  0x0000027e07d2149c: 0f1f 8400 | 8c19 000b | 85c0 0f84 | 9b07 0000 | 448b 5424 | 4045 85d2 | 0f84 7625 | 0000 4c89 
  0x0000027e07d214bc: 5424 5849 | 8bd2 6690 

  0x0000027e07d214c4: ;   {optimized virtual_call}
  0x0000027e07d214c4: c5f8 77e8 

  0x0000027e07d214c8: ; ImmutableOopMap {[40]=Oop [48]=Oop [56]=Oop [64]=NarrowOop [72]=Oop [80]=Oop [88]=Oop }
                      ;*invokevirtual isNamed {reexecute=0 rethrow=0 return_oop=0}
                      ; - java.lang.NamedPackage::<init>@12
                      ; - java.lang.ClassLoader::getNamedPackage@22
                      ; - java.lang.ClassLoader::postDefineClass@9
                      ; - java.lang.ClassLoader::defineClass@37
                      ; - java.security.SecureClassLoader::defineClass@12
  0x0000027e07d214c8: f468 45f8 

  0x0000027e07d214cc: ;   {other}
  0x0000027e07d214cc: 0f1f 8400 | bc19 000c | 85c0 0f84 | 6b07 0000 | 498b 87b8 | 0100 004c | 8bd0 4983 | c228 4d3b 
  0x0000027e07d214ec: 97c8 0100 | 000f 83f6 | 1700 004d | 8997 b801 | 0000 410f | 0d8a c000 | 0000 48c7 | 0001 0000 
  0x0000027e07d2150c: 004c 8bd0 | 4983 c210 

  0x0000027e07d21514: ;   {metadata('java/lang/InternalError')}
  0x0000027e07d21514: c740 0838 | 0701 0044 | 8960 0cc5 | fdef c041 | b807 0000 | 00c4 c178 | 92f8 62d1 | fe2f 7f02 
  0x0000027e07d21534: 4889 4424 | 7049 8b87 | b801 0000 | 4c8b d049 | 83c2 184d | 3b97 c801 | 0000 0f83 | 7817 0000 
  0x0000027e07d21554: 4d89 97b8 | 0100 0041 | 0f0d 8ac0 | 0000 0048 | c700 0100 | 0000 4c8b | d049 83c2 

  0x0000027e07d21570: ;   {metadata('java/lang/StringBuilder')}
  0x0000027e07d21570: 10c7 4008 | 4080 0000 | 4489 600c | c5fd efc0 | c4c1 79d6 | 0248 8be8 | 488b d54c | 8b54 2470 
  0x0000027e07d21590: 4c89 5424 | 6866 6690 

  0x0000027e07d21598: ;   {optimized virtual_call}
  0x0000027e07d21598: c5f8 77e8 

  0x0000027e07d2159c: ; ImmutableOopMap {rbp=Oop [40]=Oop [48]=Oop [56]=Oop [64]=NarrowOop [72]=Oop [80]=Oop [88]=Oop [104]=Oop [112]=Oop }
                      ;*invokespecial <init> {reexecute=0 rethrow=0 return_oop=0}
                      ; - java.lang.NamedPackage::<init>@26
                      ; - java.lang.ClassLoader::getNamedPackage@22
                      ; - java.lang.ClassLoader::postDefineClass@9
                      ; - java.lang.ClassLoader::defineClass@37
                      ; - java.security.SecureClassLoader::defineClass@12
  0x0000027e07d2159c: e0d8 85ff 

  0x0000027e07d215a0: ;   {other}
  0x0000027e07d215a0: 0f1f 8400 | 901a 000d 

  0x0000027e07d215a8: ;   {oop("unnamed package in  "{0x00000000805eab20})}
  0x0000027e07d215a8: 49b8 20ab | 5e80 0000 | 0000 488b | d54c 8b54 | 2468 4c89 | 5424 6090 

  0x0000027e07d215c0: ;   {optimized virtual_call}
  0x0000027e07d215c0: c5f8 77e8 

  0x0000027e07d215c4: ; ImmutableOopMap {[40]=Oop [48]=Oop [56]=Oop [64]=NarrowOop [72]=Oop [80]=Oop [88]=Oop [96]=Oop [104]=Oop }
                      ;*invokevirtual append {reexecute=0 rethrow=0 return_oop=1}
                      ; - java.lang.NamedPackage::<init>@31
                      ; - java.lang.ClassLoader::getNamedPackage@22
                      ; - java.lang.ClassLoader::postDefineClass@9
                      ; - java.lang.ClassLoader::defineClass@37
                      ; - java.security.SecureClassLoader::defineClass@12
  0x0000027e07d215c4: b8d8 85ff 

  0x0000027e07d215c8: ;   {other}
  0x0000027e07d215c8: 0f1f 8400 | b81a 000e | 4885 c00f | 84d7 2400 | 0048 8bd0 | 4c8b 4424 | 584c 8b54 | 2460 4c89 
  0x0000027e07d215e8: 5424 2090 

  0x0000027e07d215ec: ;   {optimized virtual_call}
  0x0000027e07d215ec: c5f8 77e8 

  0x0000027e07d215f0: ; ImmutableOopMap {[32]=Oop [40]=Oop [48]=Oop [56]=Oop [64]=NarrowOop [72]=Oop [80]=Oop [96]=Oop }
                      ;*invokevirtual append {reexecute=0 rethrow=0 return_oop=1}
                      ; - java.lang.NamedPackage::<init>@35
                      ; - java.lang.ClassLoader::getNamedPackage@22
                      ; - java.lang.ClassLoader::postDefineClass@9
                      ; - java.lang.ClassLoader::defineClass@37
                      ; - java.security.SecureClassLoader::defineClass@12
  0x0000027e07d215f0: 8cd8 85ff 

  0x0000027e07d215f4: ;   {other}
  0x0000027e07d215f4: 0f1f 8400 | e41a 000f | 4885 c00f | 84c3 2400 | 0048 8bd0 

  0x0000027e07d21608: ;   {optimized virtual_call}
  0x0000027e07d21608: c5f8 77e8 

  0x0000027e07d2160c: ; ImmutableOopMap {[32]=Oop [40]=Oop [48]=Oop [56]=Oop [64]=NarrowOop [72]=Oop [80]=Oop }
                      ;*invokevirtual toString {reexecute=0 rethrow=0 return_oop=1}
                      ; - java.lang.NamedPackage::<init>@38
                      ; - java.lang.ClassLoader::getNamedPackage@22
                      ; - java.lang.ClassLoader::postDefineClass@9
                      ; - java.lang.ClassLoader::defineClass@37
                      ; - java.security.SecureClassLoader::defineClass@12
  0x0000027e07d2160c: 70d8 85ff 

  0x0000027e07d21610: ;   {other}
  0x0000027e07d21610: 0f1f 8400 | 001b 0010 | 488b 5424 | 204c 8bc0 

  0x0000027e07d21620: ;   {optimized virtual_call}
  0x0000027e07d21620: c5f8 77e8 

  0x0000027e07d21624: ; ImmutableOopMap {[32]=Oop [40]=Oop [48]=Oop [56]=Oop [64]=NarrowOop [72]=Oop [80]=Oop }
                      ;*invokespecial <init> {reexecute=0 rethrow=0 return_oop=0}
                      ; - java.lang.NamedPackage::<init>@41
                      ; - java.lang.ClassLoader::getNamedPackage@22
                      ; - java.lang.ClassLoader::postDefineClass@9
                      ; - java.lang.ClassLoader::defineClass@37
                      ; - java.security.SecureClassLoader::defineClass@12
  0x0000027e07d21624: 58d8 85ff 

  0x0000027e07d21628: ;   {other}
  0x0000027e07d21628: 0f1f 8400 | 181b 0011 | 488b 5424 | 20c5 f877 | 4881 c4b0 | 0000 005d 

  0x0000027e07d21640: ;   {runtime_call _rethrow_Java}
  0x0000027e07d21640: e93b 698a | ff41 8b6b | 1048 8bcd | 493b c90f | 840d 0100 | 008b 4d08 | 488b dd4c | 3bcb 0f84 
  0x0000027e07d21660: fe00 0000 

  0x0000027e07d21664: ;   {metadata('java/lang/String')}
  0x0000027e07d21664: 81f9 78e8 | 0000 0f85 | a028 0000 | 410f be49 | 100f be6b | 103b cd0f | 85db 2500 | 008b 5b14 
  0x0000027e07d21684: 418b 5114 | 8b7b 0c8b | 4a0c 3bcf | 0f85 4e24 | 0000 488b | fb48 8d73 | 1048 8bda | 488d 7a10 
  0x0000027e07d216a4: 85c9 0f84 | 9d00 0000 | 8bc1 83e0 | 1f83 e1e0 | 0f84 4b00 | 0000 488d | 3c0f 488d | 340e 48f7 
  0x0000027e07d216c4: d9c5 fe6f | 040f c5fe | 6f0c 0ec5 | fdef c1c4 | e27d 17c0 | 0f85 7200 | 0000 4883 | c120 75e1 
  0x0000027e07d216e4: 85c0 0f84 | 5d00 0000 | c5fe 6f44 | 07e0 c5fe | 6f4c 06e0 | c5fd efc1 | c4e2 7d17 | c075 4deb 
  0x0000027e07d21704: 448b c883 | e1fc 7419 | 488d 3c0f | 488d 340e | 48f7 d98b | 1c0f 3b1c | 0e75 3148 | 83c1 0475 
  0x0000027e07d21724: f2a8 0274 | 120f b71f | 0fb7 0e3b | d975 1d48 | 8d7f 0248 | 8d76 02a8 | 0174 0a0f | b61f 0fb6 
  0x0000027e07d21744: 0e3b d975 | 07b8 0100 | 0000 eb02 | 33c0 c5fd | efc0 c5f5 | efc9 85c0 | 0f84 7e23 

  0x0000027e07d21760: ;   {no_reloc}
  0x0000027e07d21760: 0000 418b | 6b14 85ed | 0f84 bafc | ffff 448b | 5508 49bb | 0000 000f | 7e02 0000 | 4d03 da4d 
  0x0000027e07d21780: ;   {metadata('java/lang/NamedPackage')}
  0x0000027e07d21780: 8b53 3849 | bbe8 c001 | 0f7e 0200 | 004d 3bd3 | 0f85 3a1a | 0000 4c8b | 5424 4845 | 8b5a 1041 
  0x0000027e07d217a0: 8b6b 1485 | ed0f 8511 | 2400 0041 | 8b6b 1085 | ed0f 8525 | 2400 0049 | 8bc6 c5f8 | 7748 81c4 
  0x0000027e07d217c0: b000 0000 

  0x0000027e07d217c4: ;   {poll_return}
  0x0000027e07d217c4: 5d49 3ba7 | 5004 0000 | 0f87 6a2c | 0000 c341 | 83fb 040f | 86d3 2400 | 0041 807a | 1161 0f85 
  0x0000027e07d217e4: 62eb ffff | 4180 7a12 | 760f 8557 | ebff ff41 | 807a 1361 | 0f85 4ceb | ffff 4180 | 7a14 2e0f 
  0x0000027e07d21804: 8541 ebff 

  0x0000027e07d21808: ;   {oop(a 'jdk/internal/loader/ClassLoaders$PlatformClassLoader'{0x0000000080024cb0})}
  0x0000027e07d21808: ff48 b9b0 | 4c02 8000 | 0000 0048 | 8b5c 2428 | 483b d90f | 8597 2600 

  0x0000027e07d21820: ;   {oop(a 'jdk/internal/loader/ClassLoaders$PlatformClassLoader'{0x0000000080024cb0})}
  0x0000027e07d21820: 0048 bbb0 | 4c02 8000 | 0000 00e9 | 1feb ffff | 4c8b 6c24 | 30e9 fcee | ffff 4489 | 5424 5848 
  0x0000027e07d21840: 8bef 4c89 | 6c24 5089 | 5c24 244c | 8974 2448 | 41ff c048 | 8bd7 6690 

  0x0000027e07d21858: ;   {optimized virtual_call}
  0x0000027e07d21858: c5f8 77e8 

  0x0000027e07d2185c: ; ImmutableOopMap {rbp=Oop [36]=NarrowOop [40]=Oop [48]=Oop [56]=Oop [72]=Oop [80]=Oop [88]=NarrowOop }
                      ;*invokevirtual newCapacity {reexecute=0 rethrow=0 return_oop=0}
                      ; - java.lang.AbstractStringBuilder::ensureCapacityInternal@24
                      ; - java.lang.AbstractStringBuilder::append@7
                      ; - java.lang.StringBuilder::append@2
                      ; - java.net.URLStreamHandler::toExternalForm@16
                      ; - java.net.URL::toExternalForm@5
                      ; - java.net.URL::toString@1
                      ; - java.lang.ClassLoader::defineClassSourceLocation@22
                      ; - java.lang.ClassLoader::defineClass@12
                      ; - java.security.SecureClassLoader::defineClass@12
  0x0000027e07d2185c: 20d6 85ff 

  0x0000027e07d21860: ;   {other}
  0x0000027e07d21860: 0f1f 8400 | 501d 0012 | 440f be55 | 10c4 6229 | f7c0 448b | 5c24 5849 | 8bd3 6690 

  0x0000027e07d2187c: ;   {static_call}
  0x0000027e07d2187c: c5f8 77e8 

  0x0000027e07d21880: ; ImmutableOopMap {rbp=Oop [36]=NarrowOop [40]=Oop [48]=Oop [56]=Oop [72]=Oop [80]=Oop }
                      ;*invokestatic copyOf {reexecute=0 rethrow=0 return_oop=1}
                      ; - java.lang.AbstractStringBuilder::ensureCapacityInternal@32
                      ; - java.lang.AbstractStringBuilder::append@7
                      ; - java.lang.StringBuilder::append@2
                      ; - java.net.URLStreamHandler::toExternalForm@16
                      ; - java.net.URL::toExternalForm@5
                      ; - java.net.URL::toString@1
                      ; - java.lang.ClassLoader::defineClassSourceLocation@22
                      ; - java.lang.ClassLoader::defineClass@12
                      ; - java.security.SecureClassLoader::defineClass@12
  0x0000027e07d21880: fcdf 85ff 

  0x0000027e07d21884: ;   {other}
  0x0000027e07d21884: 0f1f 8400 | 741d 0013 | 488b d841 | 807f 4000 | 0f85 4d0b | 0000 488b | fd4c 8bd3 | 4489 5714 
  0x0000027e07d218a4: 4c8b df4c | 8bc3 4d33 | c349 c1e8 | 144d 85c0 | 741f 4885 | db74 1a49 | c1eb 0948 | b900 00ba 
  0x0000027e07d218c4: 767e 0200 | 0049 03cb | 8039 020f | 855a 0c00 | 004c 8b74 | 2448 8b5c | 2424 4c8b | 6c24 50e9 
  0x0000027e07d218e4: c1f0 ffff | 894c 2458 | 488b ef4c | 896c 2450 | 895c 2424 | 4c89 7424 | 4848 8bd7 | 458b c290 
  0x0000027e07d21904: ;   {optimized virtual_call}
  0x0000027e07d21904: c5f8 77e8 

  0x0000027e07d21908: ; ImmutableOopMap {rbp=Oop [36]=NarrowOop [40]=Oop [48]=Oop [56]=Oop [72]=Oop [80]=Oop [88]=NarrowOop }
                      ;*invokevirtual newCapacity {reexecute=0 rethrow=0 return_oop=0}
                      ; - java.lang.AbstractStringBuilder::ensureCapacityInternal@24
                      ; - java.lang.AbstractStringBuilder::append@21
                      ; - java.lang.StringBuilder::append@2
                      ; - java.net.URLStreamHandler::toExternalForm@59
                      ; - java.net.URL::toExternalForm@5
                      ; - java.net.URL::toString@1
                      ; - java.lang.ClassLoader::defineClassSourceLocation@22
                      ; - java.lang.ClassLoader::defineClass@12
                      ; - java.security.SecureClassLoader::defineClass@12
  0x0000027e07d21908: 74d5 85ff 

  0x0000027e07d2190c: ;   {other}
  0x0000027e07d2190c: 0f1f 8400 | fc1d 0014 | 440f be55 | 10c4 6229 | f7c0 448b | 5424 5849 | 8bd2 6690 

  0x0000027e07d21928: ;   {static_call}
  0x0000027e07d21928: c5f8 77e8 

  0x0000027e07d2192c: ; ImmutableOopMap {rbp=Oop [36]=NarrowOop [40]=Oop [48]=Oop [56]=Oop [72]=Oop [80]=Oop }
                      ;*invokestatic copyOf {reexecute=0 rethrow=0 return_oop=1}
                      ; - java.lang.AbstractStringBuilder::ensureCapacityInternal@32
                      ; - java.lang.AbstractStringBuilder::append@21
                      ; - java.lang.StringBuilder::append@2
                      ; - java.net.URLStreamHandler::toExternalForm@59
                      ; - java.net.URL::toExternalForm@5
                      ; - java.net.URL::toString@1
                      ; - java.lang.ClassLoader::defineClassSourceLocation@22
                      ; - java.lang.ClassLoader::defineClass@12
                      ; - java.security.SecureClassLoader::defineClass@12
  0x0000027e07d2192c: 50df 85ff 

  0x0000027e07d21930: ;   {other}
  0x0000027e07d21930: 0f1f 8400 | 201e 0015 | 488b d841 | 807f 4000 | 0f85 d70a | 0000 488b | fd4c 8bd3 | 4489 5714 
  0x0000027e07d21950: 4c8b d74c | 8bdb 4d33 | da49 c1eb | 144d 85db | 741f 4885 | db74 1a49 | c1ea 0948 | b900 00ba 
  0x0000027e07d21970: 767e 0200 | 0049 03ca | 8039 020f | 85fc 0b00 | 000f be6f | 1044 8b57 | 0c4c 8b74 | 2448 8b5c 
  0x0000027e07d21990: 2424 4c8b | 6c24 50e9 | 63f0 ffff | 448b 5c24 | 6049 8beb | 488b d790 

  0x0000027e07d219a8: ;   {optimized virtual_call}
  0x0000027e07d219a8: c5f8 77e8 

  0x0000027e07d219ac: ; ImmutableOopMap {rbp=Oop [36]=NarrowOop [40]=Oop [48]=Oop [56]=Oop [72]=Oop [80]=Oop [88]=Oop [96]=NarrowOop [100]=NarrowOop }
                      ;*invokevirtual newCapacity {reexecute=0 rethrow=0 return_oop=0}
                      ; - java.lang.AbstractStringBuilder::ensureCapacityInternal@24
                      ; - java.lang.AbstractStringBuilder::append@21
                      ; - java.lang.StringBuilder::append@2
                      ; - java.net.URLStreamHandler::toExternalForm@77
                      ; - java.net.URL::toExternalForm@5
                      ; - java.net.URL::toString@1
                      ; - java.lang.ClassLoader::defineClassSourceLocation@22
                      ; - java.lang.ClassLoader::defineClass@12
                      ; - java.security.SecureClassLoader::defineClass@12
  0x0000027e07d219ac: 106d e1ff 

  0x0000027e07d219b0: ;   {other}
  0x0000027e07d219b0: 0f1f 8400 | a01e 0016 | 4c8b 5424 | 5845 0fbe | 5a10 c462 | 21f7 c044 | 8b5c 2464 | 498b d390 
  0x0000027e07d219d0: ;   {static_call}
  0x0000027e07d219d0: c5f8 77e8 

  0x0000027e07d219d4: ; ImmutableOopMap {rbp=Oop [36]=NarrowOop [40]=Oop [48]=Oop [56]=Oop [72]=Oop [80]=Oop [88]=Oop [96]=NarrowOop }
                      ;*invokestatic copyOf {reexecute=0 rethrow=0 return_oop=1}
                      ; - java.lang.AbstractStringBuilder::ensureCapacityInternal@32
                      ; - java.lang.AbstractStringBuilder::append@21
                      ; - java.lang.StringBuilder::append@2
                      ; - java.net.URLStreamHandler::toExternalForm@77
                      ; - java.net.URL::toExternalForm@5
                      ; - java.net.URL::toString@1
                      ; - java.lang.ClassLoader::defineClassSourceLocation@22
                      ; - java.lang.ClassLoader::defineClass@12
                      ; - java.security.SecureClassLoader::defineClass@12
  0x0000027e07d219d4: e859 eeff 

  0x0000027e07d219d8: ;   {other}
  0x0000027e07d219d8: 0f1f 8400 | c81e 0017 | 488b f841 | 807f 4000 | 0f85 650a | 0000 488b | 5c24 584c | 8bdf 4489 
  0x0000027e07d219f8: 5b14 4c8b | d34c 8bdf | 4d33 da49 | c1eb 144d | 85db 741f | 4885 ff74 | 1a49 c1ea | 0948 b900 
  0x0000027e07d21a18: 00ba 767e | 0200 0049 | 03ca 8039 | 020f 85a3 | 0b00 0044 | 0fbe 4b10 | 448b 5424 | 6045 0fbe 
  0x0000027e07d21a38: 5a10 8b4b | 0ce9 49f0 | ffff 4889 | 5c24 5848 | 8bd3 6690 

  0x0000027e07d21a4c: ;   {optimized virtual_call}
  0x0000027e07d21a4c: c5f8 77e8 

  0x0000027e07d21a50: ; ImmutableOopMap {rbp=NarrowOop [36]=NarrowOop [40]=Oop [48]=Oop [56]=Oop [72]=Oop [80]=Oop [88]=Oop }
                      ;*invokevirtual newCapacity {reexecute=0 rethrow=0 return_oop=0}
                      ; - java.lang.AbstractStringBuilder::ensureCapacityInternal@24
                      ; - java.lang.AbstractStringBuilder::append@21
                      ; - java.lang.StringBuilder::append@2
                      ; - java.net.URLStreamHandler::toExternalForm@113
                      ; - java.net.URL::toExternalForm@5
                      ; - java.net.URL::toString@1
                      ; - java.lang.ClassLoader::defineClassSourceLocation@22
                      ; - java.lang.ClassLoader::defineClass@12
                      ; - java.security.SecureClassLoader::defineClass@12
  0x0000027e07d21a50: 2cd4 85ff 

  0x0000027e07d21a54: ;   {other}
  0x0000027e07d21a54: 0f1f 8400 | 441f 0018 | 4c8b 5424 | 5845 0fbe | 5210 c462 | 29f7 c048 | 8bd5 488b | 6c24 5890 
  0x0000027e07d21a74: ;   {static_call}
  0x0000027e07d21a74: c5f8 77e8 

  0x0000027e07d21a78: ; ImmutableOopMap {rbp=Oop [36]=NarrowOop [40]=Oop [48]=Oop [56]=Oop [72]=Oop [80]=Oop }
                      ;*invokestatic copyOf {reexecute=0 rethrow=0 return_oop=1}
                      ; - java.lang.AbstractStringBuilder::ensureCapacityInternal@32
                      ; - java.lang.AbstractStringBuilder::append@21
                      ; - java.lang.StringBuilder::append@2
                      ; - java.net.URLStreamHandler::toExternalForm@113
                      ; - java.net.URL::toExternalForm@5
                      ; - java.net.URL::toString@1
                      ; - java.lang.ClassLoader::defineClassSourceLocation@22
                      ; - java.lang.ClassLoader::defineClass@12
                      ; - java.security.SecureClassLoader::defineClass@12
  0x0000027e07d21a78: 04de 85ff 

  0x0000027e07d21a7c: ;   {other}
  0x0000027e07d21a7c: 0f1f 8400 | 6c1f 0019 | 488b f841 | 807f 4000 | 0f85 f909 | 0000 488b | dd4c 8bdf | 4489 5b14 
  0x0000027e07d21a9c: 4c8b d34c | 8bdf 4d33 | da49 c1eb | 144d 85db | 741f 4885 | ff74 1a49 | c1ea 0948 | b900 00ba 
  0x0000027e07d21abc: 767e 0200 | 0049 03ca | 8039 020f | 8552 0b00 | 008b 7c24 | 24e9 63f0 | ffff 897c | 2424 488b 
  0x0000027e07d21adc: eb48 8bd3 

  0x0000027e07d21ae0: ;   {optimized virtual_call}
  0x0000027e07d21ae0: c5f8 77e8 

  0x0000027e07d21ae4: ; ImmutableOopMap {rbp=Oop [36]=NarrowOop [40]=Oop [48]=Oop [56]=Oop [72]=Oop }
                      ;*invokevirtual newCapacity {reexecute=0 rethrow=0 return_oop=0}
                      ; - java.lang.AbstractStringBuilder::ensureCapacityInternal@24
                      ; - java.lang.AbstractStringBuilder::append@21
                      ; - java.lang.StringBuilder::append@2
                      ; - java.net.URLStreamHandler::toExternalForm@149
                      ; - java.net.URL::toExternalForm@5
                      ; - java.net.URL::toString@1
                      ; - java.lang.ClassLoader::defineClassSourceLocation@22
                      ; - java.lang.ClassLoader::defineClass@12
                      ; - java.security.SecureClassLoader::defineClass@12
  0x0000027e07d21ae4: 98d3 85ff 

  0x0000027e07d21ae8: ;   {other}
  0x0000027e07d21ae8: 0f1f 8400 | d81f 001a | 440f be5d | 10c4 6221 | f7c0 448b | 5c24 2449 | 8bd3 6690 

  0x0000027e07d21b04: ;   {static_call}
  0x0000027e07d21b04: c5f8 77e8 

  0x0000027e07d21b08: ; ImmutableOopMap {rbp=Oop [40]=Oop [48]=Oop [56]=Oop [72]=Oop }
                      ;*invokestatic copyOf {reexecute=0 rethrow=0 return_oop=1}
                      ; - java.lang.AbstractStringBuilder::ensureCapacityInternal@32
                      ; - java.lang.AbstractStringBuilder::append@21
                      ; - java.lang.StringBuilder::append@2
                      ; - java.net.URLStreamHandler::toExternalForm@149
                      ; - java.net.URL::toExternalForm@5
                      ; - java.net.URL::toString@1
                      ; - java.lang.ClassLoader::defineClassSourceLocation@22
                      ; - java.lang.ClassLoader::defineClass@12
                      ; - java.security.SecureClassLoader::defineClass@12
  0x0000027e07d21b08: 74dd 85ff 

  0x0000027e07d21b0c: ;   {other}
  0x0000027e07d21b0c: 0f1f 8400 | fc1f 001b | 488b f841 | 807f 4000 | 0f85 9f09 | 0000 488b | dd4c 8bdf | 4489 5b14 
  0x0000027e07d21b2c: 4c8b d34c | 8bdf 4d33 | da49 c1eb | 144d 85db | 741f 4885 | ff74 1a49 | c1ea 0948 | b900 00ba 
  0x0000027e07d21b4c: 767e 0200 | 0049 03ca | 8039 020f | 8513 0b00 | 000f be6b | 1044 8b43 | 0ce9 28f0 | ffff 8974 
  0x0000027e07d21b6c: 2468 4489 | 5424 6048 | 897c 2458 | 4c89 6c24 | 5089 5c24 | 244c 8974 | 2448 498b | e944 894c 
  0x0000027e07d21b8c: 2464 488b | d766 6690 

  0x0000027e07d21b94: ;   {optimized virtual_call}
  0x0000027e07d21b94: c5f8 77e8 

  0x0000027e07d21b98: ; ImmutableOopMap {rbp=Oop [36]=NarrowOop [40]=Oop [48]=Oop [56]=Oop [72]=Oop [80]=Oop [88]=Oop [96]=NarrowOop [100]=NarrowOop }
                      ;*invokevirtual newCapacity {reexecute=0 rethrow=0 return_oop=0}
                      ; - java.lang.AbstractStringBuilder::ensureCapacityInternal@24
                      ; - java.lang.AbstractStringBuilder::append@21
                      ; - java.lang.StringBuilder::append@2
                      ; - java.net.URLStreamHandler::toExternalForm@11
                      ; - java.net.URL::toExternalForm@5
                      ; - java.net.URL::toString@1
                      ; - java.lang.ClassLoader::defineClassSourceLocation@22
                      ; - java.lang.ClassLoader::defineClass@12
                      ; - java.security.SecureClassLoader::defineClass@12
  0x0000027e07d21b98: e4d2 85ff 

  0x0000027e07d21b9c: ;   {other}
  0x0000027e07d21b9c: 0f1f 8400 | 8c20 001c | 4c8b 5424 | 5845 0fbe | 5a10 c462 | 21f7 c044 | 8b5c 2460 | 498b d390 
  0x0000027e07d21bbc: ;   {static_call}
  0x0000027e07d21bbc: c5f8 77e8 

  0x0000027e07d21bc0: ; ImmutableOopMap {rbp=Oop [36]=NarrowOop [40]=Oop [48]=Oop [56]=Oop [72]=Oop [80]=Oop [88]=Oop [100]=NarrowOop }
                      ;*invokestatic copyOf {reexecute=0 rethrow=0 return_oop=1}
                      ; - java.lang.AbstractStringBuilder::ensureCapacityInternal@32
                      ; - java.lang.AbstractStringBuilder::append@21
                      ; - java.lang.StringBuilder::append@2
                      ; - java.net.URLStreamHandler::toExternalForm@11
                      ; - java.net.URL::toExternalForm@5
                      ; - java.net.URL::toString@1
                      ; - java.lang.ClassLoader::defineClassSourceLocation@22
                      ; - java.lang.ClassLoader::defineClass@12
                      ; - java.security.SecureClassLoader::defineClass@12
  0x0000027e07d21bc0: bcdc 85ff 

  0x0000027e07d21bc4: ;   {other}
  0x0000027e07d21bc4: 0f1f 8400 | b420 001d | 488b d841 | 807f 4000 | 0f85 1d09 | 0000 488b | 7c24 584c | 8bdb 4489 
  0x0000027e07d21be4: 5f14 4c8b | d74c 8bdb | 4d33 da49 | c1eb 144d | 85db 741f | 4885 db74 | 1a49 c1ea | 0948 b900 
  0x0000027e07d21c04: 00ba 767e | 0200 0049 | 03ca 8039 | 020f 85aa | 0a00 004c | 8b74 2448 | 8b5c 2424 | 4c8b 6c24 
  0x0000027e07d21c24: 5044 8b4c | 2464 8b74 | 2468 e9c9 | ecff ff4c | 896c 2440 | 488b d8e9 | c9f5 ffff | 8bcf e97c 
  0x0000027e07d21c44: e8ff ff44 | 8b54 2440 | 498b ea48 | 8b54 2438 

  0x0000027e07d21c54: ;   {optimized virtual_call}
  0x0000027e07d21c54: c5f8 77e8 

  0x0000027e07d21c58: ; ImmutableOopMap {rbp=Oop [40]=Oop [48]=Oop [56]=Oop [64]=NarrowOop [72]=Oop [80]=Oop }
                      ;*invokevirtual intern {reexecute=0 rethrow=0 return_oop=1}
                      ; - java.lang.NamedPackage::<init>@47
                      ; - java.lang.ClassLoader::getNamedPackage@22
                      ; - java.lang.ClassLoader::postDefineClass@9
                      ; - java.lang.ClassLoader::defineClass@37
                      ; - java.security.SecureClassLoader::defineClass@12
  0x0000027e07d21c58: 8465 dcff 

  0x0000027e07d21c5c: ;   {other}
  0x0000027e07d21c5c: 0f1f 8400 | 4c21 001e | 488b d841 | 807f 4000 | 0f85 150d | 0000 4c8b | 5424 504c | 8954 2458 
  0x0000027e07d21c7c: 4c8b c34d | 8bd0 4c8b | 5c24 5845 | 8953 0c4d | 8bd3 4d8b | d84d 33da | 49c1 eb14 | 4d85 db74 
  0x0000027e07d21c9c: 1f4d 85c0 | 741a 49c1 | ea09 48b9 | 0000 ba76 | 7e02 0000 | 4903 ca80 | 3902 0f85 | 670d 0000 
  0x0000027e07d21cbc: 4180 7f40 | 000f 8588 | 0c00 0044 | 8b54 2440 | 4489 5424 | 504c 8b54 | 2458 448b | 4424 4045 
  0x0000027e07d21cdc: 8942 104c | 8bd5 4c8b | 5c24 584d | 33d3 49c1 | ea14 4d85 | d274 1b45 | 85c0 7416 | 49c1 eb09 
  0x0000027e07d21cfc: 4c8b 4424 | 204d 03c3 | 4180 3802 | 0f85 c00c | 0000 4c8b | 5424 2845 | 8b52 3845 | 85d2 0f84 
  0x0000027e07d21d1c: ec1f 0000 | 498b d24c | 8b44 2438 | 4c8b 4c24 | 5866 6690 

  0x0000027e07d21d30: ;   {optimized virtual_call}
  0x0000027e07d21d30: c5f8 77e8 

  0x0000027e07d21d34: ; ImmutableOopMap {[40]=Oop [48]=Oop [72]=Oop [80]=NarrowOop [88]=Oop }
                      ;*invokevirtual putIfAbsent {reexecute=0 rethrow=0 return_oop=1}
                      ; - java.lang.ClassLoader::getNamedPackage@32
                      ; - java.lang.ClassLoader::postDefineClass@9
                      ; - java.lang.ClassLoader::defineClass@37
                      ; - java.security.SecureClassLoader::defineClass@12
  0x0000027e07d21d34: 88ac e7ff 

  0x0000027e07d21d38: ;   {other}
  0x0000027e07d21d38: 0f1f 8400 | 2822 001f | 4885 c00f | 847b 0c00 | 0044 8b50 | 0849 bb00 | 0000 0f7e | 0200 004d 
  0x0000027e07d21d58: 03da 4d8b 

  0x0000027e07d21d5c: ;   {metadata('java/lang/NamedPackage')}
  0x0000027e07d21d5c: 5338 49bb | e8c0 010f | 7e02 0000 | 4d3b d30f | 84b3 1f00 | 00ba deff | ffff 488b | e866 6690 
  0x0000027e07d21d7c: ;   {runtime_call UncommonTrapBlob}
  0x0000027e07d21d7c: c5f8 77e8 

  0x0000027e07d21d80: ; ImmutableOopMap {rbp=Oop }
                      ;*checkcast {reexecute=0 rethrow=0 return_oop=0}
                      ; - java.lang.ClassLoader::getNamedPackage@35
                      ; - java.lang.ClassLoader::postDefineClass@9
                      ; - java.lang.ClassLoader::defineClass@37
                      ; - java.security.SecureClassLoader::defineClass@12
  0x0000027e07d21d80: 7c5d 86ff 

  0x0000027e07d21d84: ;   {other}
  0x0000027e07d21d84: 0f1f 8400 | 7422 0020 | 458b dae9 | 32f2 ffff | 4889 7c24 | 584c 896c | 2450 895c | 2424 4c89 
  0x0000027e07d21da4: 7424 4848 | 8bd5 6690 

  0x0000027e07d21dac: ;   {optimized virtual_call}
  0x0000027e07d21dac: c5f8 77e8 

  0x0000027e07d21db0: ; ImmutableOopMap {rbp=NarrowOop [36]=NarrowOop [40]=Oop [48]=Oop [56]=Oop [72]=Oop [80]=Oop [88]=Oop }
                      ;*invokevirtual isEmpty {reexecute=0 rethrow=0 return_oop=0}
                      ; - java.net.URLStreamHandler::toExternalForm@29
                      ; - java.net.URL::toExternalForm@5
                      ; - java.net.URL::toString@1
                      ; - java.lang.ClassLoader::defineClassSourceLocation@22
                      ; - java.lang.ClassLoader::defineClass@12
                      ; - java.security.SecureClassLoader::defineClass@12
  0x0000027e07d21db0: ccd0 85ff 

  0x0000027e07d21db4: ;   {other}
  0x0000027e07d21db4: 0f1f 8400 | a422 0021 | 85c0 0f84 | c420 0000 | 4c8b 7424 | 488b 5c24 | 244c 8b6c | 2450 488b 
  0x0000027e07d21dd4: 7c24 58e9 | 00ec ffff | 4889 7c24 | 504c 896c | 2448 895c | 2424 498b | ee48 8bd7 

  0x0000027e07d21df0: ;   {optimized virtual_call}
  0x0000027e07d21df0: c5f8 77e8 

  0x0000027e07d21df4: ; ImmutableOopMap {rbp=Oop [36]=NarrowOop [40]=Oop [48]=Oop [56]=Oop [72]=Oop [80]=Oop }
                      ;*invokevirtual isLatin1 {reexecute=0 rethrow=0 return_oop=0}
                      ; - java.lang.AbstractStringBuilder::append@46
                      ; - java.lang.StringBuilder::append@2
                      ; - java.net.URLStreamHandler::toExternalForm@16
                      ; - java.net.URL::toExternalForm@5
                      ; - java.net.URL::toString@1
                      ; - java.lang.ClassLoader::defineClassSourceLocation@22
                      ; - java.lang.ClassLoader::defineClass@12
                      ; - java.security.SecureClassLoader::defineClass@12
  0x0000027e07d21df4: 88d0 85ff 

  0x0000027e07d21df8: ;   {other}
  0x0000027e07d21df8: 0f1f 8400 | e822 0022 | 85c0 7418 | 488b 5424 | 5066 6690 

  0x0000027e07d21e0c: ;   {optimized virtual_call}
  0x0000027e07d21e0c: c5f8 77e8 

  0x0000027e07d21e10: ; ImmutableOopMap {rbp=Oop [36]=NarrowOop [40]=Oop [48]=Oop [56]=Oop [72]=Oop [80]=Oop }
                      ;*invokevirtual inflate {reexecute=0 rethrow=0 return_oop=0}
                      ; - java.lang.AbstractStringBuilder::append@53
                      ; - java.lang.StringBuilder::append@2
                      ; - java.net.URLStreamHandler::toExternalForm@16
                      ; - java.net.URL::toExternalForm@5
                      ; - java.net.URL::toString@1
                      ; - java.lang.ClassLoader::defineClassSourceLocation@22
                      ; - java.lang.ClassLoader::defineClass@12
                      ; - java.security.SecureClassLoader::defineClass@12
  0x0000027e07d21e10: 6cd0 85ff 

  0x0000027e07d21e14: ;   {other}
  0x0000027e07d21e14: 0f1f 8400 | 0423 0023 | 4c8b 5c24 | 5045 8b53 | 1445 8b43 | 0c49 8bd2 | 458d 5001 | 4589 530c 
  0x0000027e07d21e34: 41b9 3a00 | 0000 6690 

  0x0000027e07d21e3c: ;   {static_call}
  0x0000027e07d21e3c: c5f8 77e8 

  0x0000027e07d21e40: ; ImmutableOopMap {rbp=Oop [36]=NarrowOop [40]=Oop [48]=Oop [56]=Oop [72]=Oop [80]=Oop }
                      ;*invokestatic putCharSB {reexecute=0 rethrow=0 return_oop=0}
                      ; - java.lang.AbstractStringBuilder::append@72
                      ; - java.lang.StringBuilder::append@2
                      ; - java.net.URLStreamHandler::toExternalForm@16
                      ; - java.net.URL::toExternalForm@5
                      ; - java.net.URL::toString@1
                      ; - java.lang.ClassLoader::defineClassSourceLocation@22
                      ; - java.lang.ClassLoader::defineClass@12
                      ; - java.security.SecureClassLoader::defineClass@12
  0x0000027e07d21e40: 3cda 85ff 

  0x0000027e07d21e44: ;   {other}
  0x0000027e07d21e44: 0f1f 8400 | 3423 0024 | 4c8b f58b | 5c24 244c | 8b6c 2448 | 488b 7c24 | 50e9 6feb | ffff 33f6 
  0x0000027e07d21e64: b9ff ffff | ffe9 5ae6 | ffff 4533 | c0e9 4dea | ffff 448b | 5614 4585 | d20f 8437 | efff ff4d 
  0x0000027e07d21e84: 8b5f 2849 | 8bca 4d85 | db0f 84a9 | 1500 004d | 8b57 384b | 894c 1af8 | 4983 c3f8 | 4d89 5f28 
  0x0000027e07d21ea4: e911 efff | ff4d 8b57 | 484d 8b5f | 58f0 8344 | 24c0 0080 | 3900 7432 | 4488 214d | 85d2 740f 
  0x0000027e07d21ec4: 4b89 4c13 | f849 83c2 | f84d 8957 | 48eb 1b49 | 8bd7 c5f8 | 7749 ba00 | a425 25f8 | 7f00 0041 
  0x0000027e07d21ee4: ;   {other}
  0x0000027e07d21ee4: ffd2 0f1f | 8400 0000 | 0000 448b | 470c 448b | 5714 e9c8 | e9ff ff4d | 8b57 484d | 8b5f 58f0 
  0x0000027e07d21f04: 8344 24c0 | 0080 3900 | 0f84 dbee | ffff 4488 | 214d 85d2 | 7520 498b | d7c5 f877 | 49ba 00a4 
  0x0000027e07d21f24: 2525 f87f | 0000 41ff 

  0x0000027e07d21f2c: ;   {other}
  0x0000027e07d21f2c: d20f 1f84 | 0000 0000 | 00e9 b3ee | ffff 4b89 | 4c13 f849 | 83c2 f84d | 8957 48e9 | a1ee ffff 
  0x0000027e07d21f4c: ;   {oop(""{0x00000000800260f0})}
  0x0000027e07d21f4c: 48bb f060 | 0280 0000 | 0000 49bd | 0000 ba76 | 7e02 0000 | 41bb ffff | ffff e95b | f0ff ff45 
  0x0000027e07d21f6c: 8b45 1445 | 85c0 0f84 | 8ae7 ffff | 4d8b 5728 | 498b c84d | 85d2 0f84 | b419 0000 | 4d8b 4738 
  0x0000027e07d21f8c: 4b89 4c10 | f849 83c2 | f84d 8957 | 28e9 64e7 | ffff 4d8b | 5748 4d8b | 5f58 f083 | 4424 c000 
  0x0000027e07d21fac: 8039 000f | 847d e7ff | ff44 8821 | 4d85 d275 | 2049 8bd7 | c5f8 7749 | ba00 a425 | 25f8 7f00 
  0x0000027e07d21fcc: 0041 ffd2 

  0x0000027e07d21fd0: ;   {other}
  0x0000027e07d21fd0: 0f1f 8400 | 0000 0000 | e955 e7ff | ff4b 894c | 13f8 4983 | c2f8 4d89 | 5748 e943 | e7ff ff4c 
  0x0000027e07d21ff0: 63c5 4d8d | 4810 498b | d148 83e2 | f848 8bfb | 4803 fa49 | c1e9 0349 | 2bc9 4833 | c048 83f9 
  0x0000027e07d22010: 087f 1048 | ffc9 7856 | 4889 04cf | 48ff c97d | f7eb 4bc5 | fdef c0e9 | 0d00 0000 | c5fe 7f07 
  0x0000027e07d22030: c5fe 7f47 | 2048 83c7 | 4048 83e9 | 087d ed48 | 83c1 047c | 0cc5 fe7f | 0748 83c7 | 2048 83e9 
  0x0000027e07d22050: 0448 83c1 | 047e 1748 | c7c0 ffff | ffff c4e2 | f0f5 c0c4 | e1fb 92f8 | 62f1 fe2f | 7f07 4983 
  0x0000027e07d22070: f820 7728 | 4c63 c549 | b9ff ffff | ffff ffff | ffc4 42b8 | f5c9 c4c1 | fb92 f962 | d17f af6f 
  0x0000027e07d22090: 0362 d17f | 2f7f 02e9 | 13ed ffff | 498b cb49 | 8bd2 c5f8 | 7749 bac0 | 2056 077e | 0200 0041 
  0x0000027e07d220b0: ;   {other}
  0x0000027e07d220b0: ffd2 0f1f | 8400 0000 | 0000 e9f0 | ecff ff45 | 8b5e 3c45 | 85db 0f84 | 70f1 ffff | 4d8b 5728 
  0x0000027e07d220d0: 498b cb4d | 85d2 0f84 | 841a 0000 | 4d8b 5f38 | 4b89 4c13 | f849 83c2 | f84d 8957 | 28e9 4af1 
  0x0000027e07d220f0: ffff 4d8b | 5748 4d8b | 5f58 f083 | 4424 c000 | 8039 000f | 846b f1ff | ff44 8821 | 4d85 d275 
  0x0000027e07d22110: 2049 8bd7 | c5f8 7749 | ba00 a425 | 25f8 7f00 | 0041 ffd2 

  0x0000027e07d22124: ;   {other}
  0x0000027e07d22124: 0f1f 8400 | 0000 0000 | e943 f1ff | ff4b 894c | 13f8 4983 | c2f8 4d89 | 5748 e931 | f1ff ff4c 
  0x0000027e07d22144: 63c5 498d | 4810 488b | d148 83e2 | f849 8bfb | 4803 fa48 | c1e9 034c | 2bc9 498b | c948 33c0 
  0x0000027e07d22164: 4883 f908 | 7f10 48ff | c978 5648 | 8904 cf48 | ffc9 7df7 | eb4b c5fd | efc0 e90d | 0000 00c5 
  0x0000027e07d22184: fe7f 07c5 | fe7f 4720 | 4883 c740 | 4883 e908 | 7ded 4883 | c104 7c0c | c5fe 7f07 | 4883 c720 
  0x0000027e07d221a4: 4883 e904 | 4883 c104 | 7e17 48c7 | c0ff ffff | ffc4 e2f0 | f5c0 c4e1 | fb92 f862 | f1fe 2f7f 
  0x0000027e07d221c4: 0749 83f8 | 2077 2d4c | 63c5 49b9 | ffff ffff | ffff ffff | c442 b8f5 | c9c4 c1fb | 92f9 4c8b 
  0x0000027e07d221e4: 4424 2062 | d17f af6f | 0062 d17f | 2f7f 02e9 | ffe4 ffff | 4d8b ca4c | 895c 2450 | 4c89 6c24 
  0x0000027e07d22204: 484c 8beb | 8bee 488b | 4c24 2049 | 8bd1 c5f8 | 7749 bac0 | 2056 077e | 0200 0041 

  0x0000027e07d22220: ;   {other}
  0x0000027e07d22220: ffd2 0f1f | 8400 0000 | 0000 8bf5 | 498b dd4c | 8b6c 2448 | 4c8b 5c24 | 50e9 b9e4 | ffff 448b 
  0x0000027e07d22240: 5b14 4585 | db0f 8482 | efff ff4d | 8b57 2849 | 8bcb 4d85 | d20f 84e1 | 1900 004d | 8b5f 384b 
  0x0000027e07d22260: 894c 13f8 | 4983 c2f8 | 4d89 5728 | e95c efff | ff4d 8b57 | 484d 8b5f | 58f0 8344 | 24c0 0080 
  0x0000027e07d22280: 3900 0f84 | 78ef ffff | 4488 214d | 85d2 7520 | 498b d7c5 | f877 49ba | 00a4 2525 | f87f 0000 
  0x0000027e07d222a0: ;   {other}
  0x0000027e07d222a0: 41ff d20f | 1f84 0000 | 0000 00e9 | 50ef ffff | 4b89 4c13 | f849 83c2 | f84d 8957 | 48e9 3eef 
  0x0000027e07d222c0: ffff 33c0 | e93c f0ff | ff4c 63c5 | 4d8d 5810 | 498b cb48 | 83e1 f848 | 8bfe 4803 | f949 c1eb 
  0x0000027e07d222e0: 0349 2bc3 | 488b c848 | 33c0 4883 | f908 7f10 | 48ff c978 | 5648 8904 | cf48 ffc9 | 7df7 eb4b 
  0x0000027e07d22300: c5fd efc0 | e90d 0000 | 00c5 fe7f | 07c5 fe7f | 4720 4883 | c740 4883 | e908 7ded | 4883 c104 
  0x0000027e07d22320: 7c0c c5fe | 7f07 4883 | c720 4883 | e904 4883 | c104 7e17 | 48c7 c0ff | ffff ffc4 | e2f0 f5c0 
  0x0000027e07d22340: c4e1 fb92 | f862 f1fe | 2f7f 0749 | 83f8 2077 | 284c 63dd | 49b8 ffff | ffff ffff | ffff c442 
  0x0000027e07d22360: a0f5 c0c4 | c1fb 92f8 | 62d1 7faf | 6f02 62d1 | 7f2f 7f01 | e949 eeff | ff49 8bca | 498b d1c5 
  0x0000027e07d22380: f877 49ba | c020 5607 | 7e02 0000 

  0x0000027e07d2238c: ;   {other}
  0x0000027e07d2238c: 41ff d20f | 1f84 0000 | 0000 00e9 | 26ee ffff 

  0x0000027e07d2239c: ;   {oop(""{0x00000000800260f0})}
  0x0000027e07d2239c: 49bd f060 | 0280 0000 | 0000 e98b 

  0x0000027e07d223a8: ;   {oop(""{0x00000000800260f0})}
  0x0000027e07d223a8: e3ff ff49 | bdf0 6002 | 8000 0000 | 00e9 7ce3 | ffff 4c8b | 5424 204c | 8954 2428 | 4c8b 6c24 
  0x0000027e07d223c8: 304c 8b74 | 2438 4c8b | 4c24 4044 | 8b44 2450 | 448b 5424 | 544c 8b5c | 2458 e974 | efff ff48 
  0x0000027e07d223e8: 8bfd 448b | 5f14 4585 | db0f 84a6 | f4ff ff4d | 8b57 2849 | 8bcb 4d85 | d20f 8449 | 1900 004d 
  0x0000027e07d22408: 8b5f 384b | 894c 13f8 | 4983 c2f8 | 4d89 5728 | e980 f4ff | ff48 8bfd | 448b 5f14 | 4585 db0f 
  0x0000027e07d22428: 841c f5ff | ff4d 8b57 | 2849 8bcb | 4d85 d20f | 8433 1900 | 004d 8b5f | 384b 894c | 13f8 4983 
  0x0000027e07d22448: c2f8 4d89 | 5728 e9f6 | f4ff ff48 | 8b5c 2458 | 448b 5314 | 4585 d20f | 848e f5ff | ff4d 8b5f 
  0x0000027e07d22468: 2849 8bca | 4d85 db0f | 841b 1900 | 004d 8b57 | 384b 894c | 1af8 4983 | c3f8 4d89 | 5f28 e968 
  0x0000027e07d22488: f5ff ff48 | 8bdd 448b | 5314 4585 | d20f 84fa | f5ff ff4d | 8b5f 2849 | 8bca 4d85 | db0f 8405 
  0x0000027e07d224a8: ;   {no_reloc}
  0x0000027e07d224a8: 1900 004d | 8b57 384b | 894c 1af8 | 4983 c3f8 | 4d89 5f28 | e9d4 f5ff | ff48 8bdd | 448b 5314 
  0x0000027e07d224c8: 4585 d20f | 8454 f6ff | ff4d 8b5f | 2849 8bca | 4d85 db0f | 84ef 1800 | 004d 8b57 | 384b 894c 
  0x0000027e07d224e8: 1af8 4983 | c3f8 4d89 | 5f28 e92e | f6ff ff48 | 8b7c 2458 | 448b 5714 | 4585 d20f | 84d6 f6ff 
  0x0000027e07d22508: ff4d 8b5f | 2849 8bca | 4d85 db0f | 84d7 1800 | 004d 8b57 | 384b 894c | 1af8 4983 | c3f8 4d89 
  0x0000027e07d22528: 5f28 e9b0 | f6ff ff4d | 8b57 584d | 8b5f 48f0 | 8344 24c0 | 0080 3900 | 7432 4488 | 214d 85db 
  0x0000027e07d22548: 740f 4b89 | 4c1a f849 | 83c3 f84d | 895f 48eb | 1b49 8bd7 | c5f8 7749 | ba00 a425 | 25f8 7f00 
  0x0000027e07d22568: 0041 ffd2 

  0x0000027e07d2256c: ;   {other}
  0x0000027e07d2256c: 0f1f 8400 | 0000 0000 | 448b 5714 | e958 f3ff | ff4d 8b57 | 584d 8b5f | 48f0 8344 | 24c0 0080 
  0x0000027e07d2258c: 3900 0f84 | edf3 ffff | 4488 214d | 85db 7520 | 498b d7c5 | f877 49ba | 00a4 2525 | f87f 0000 
  0x0000027e07d225ac: ;   {other}
  0x0000027e07d225ac: 41ff d20f | 1f84 0000 | 0000 00e9 | c5f3 ffff | 4b89 4c1a | f849 83c3 | f84d 895f | 48e9 b3f3 
  0x0000027e07d225cc: ffff 4d8b | 5758 4d8b | 5f48 f083 | 4424 c000 | 8039 000f | 8446 f4ff | ff44 8821 | 4d85 db75 
  0x0000027e07d225ec: 2049 8bd7 | c5f8 7749 | ba00 a425 | 25f8 7f00 | 0041 ffd2 

  0x0000027e07d22600: ;   {other}
  0x0000027e07d22600: 0f1f 8400 | 0000 0000 | e91e f4ff | ff4b 894c | 1af8 4983 | c3f8 4d89 | 5f48 e90c | f4ff ff4d 
  0x0000027e07d22620: 8b57 584d | 8b5f 48f0 | 8344 24c0 | 0080 3900 | 0f84 97f4 | ffff 4488 | 214d 85db | 7520 498b 
  0x0000027e07d22640: d7c5 f877 | 49ba 00a4 | 2525 f87f | 0000 41ff 

  0x0000027e07d22650: ;   {other}
  0x0000027e07d22650: d20f 1f84 | 0000 0000 | 00e9 6ff4 | ffff 4b89 | 4c1a f849 | 83c3 f84d | 895f 48e9 | 5df4 ffff 
  0x0000027e07d22670: 4d8b 5758 | 4d8b 5f48 | f083 4424 | c000 8039 | 000f 84d6 | f4ff ff44 | 8821 4d85 | db75 2049 
  0x0000027e07d22690: 8bd7 c5f8 | 7749 ba00 | a425 25f8 | 7f00 0041 

  0x0000027e07d226a0: ;   {other}
  0x0000027e07d226a0: ffd2 0f1f | 8400 0000 | 0000 e9ae | f4ff ff4b | 894c 1af8 | 4983 c3f8 | 4d89 5f48 | e99c f4ff 
  0x0000027e07d226c0: ff4d 8b57 | 584d 8b5f | 48f0 8344 | 24c0 0080 | 3900 0f84 | 3ff5 ffff | 4488 214d | 85db 7520 
  0x0000027e07d226e0: 498b d7c5 | f877 49ba | 00a4 2525 | f87f 0000 

  0x0000027e07d226f0: ;   {other}
  0x0000027e07d226f0: 41ff d20f | 1f84 0000 | 0000 00e9 | 17f5 ffff | 4b89 4c1a | f849 83c3 | f84d 895f | 48e9 05f5 
  0x0000027e07d22710: ffff 4889 | 7c24 504c | 896c 2448 | 895c 2424 | 498b ee48 | 8bd7 6690 

  0x0000027e07d22728: ;   {optimized virtual_call}
  0x0000027e07d22728: c5f8 77e8 

  0x0000027e07d2272c: ; ImmutableOopMap {rbp=Oop [36]=NarrowOop [40]=Oop [48]=Oop [56]=Oop [72]=Oop [80]=Oop }
                      ;*invokevirtual appendNull {reexecute=0 rethrow=0 return_oop=1}
                      ; - java.lang.AbstractStringBuilder::append@5
                      ; - java.lang.StringBuilder::append@2
                      ; - java.net.URLStreamHandler::toExternalForm@11
                      ; - java.net.URL::toExternalForm@5
                      ; - java.net.URL::toString@1
                      ; - java.lang.ClassLoader::defineClassSourceLocation@22
                      ; - java.lang.ClassLoader::defineClass@12
                      ; - java.security.SecureClassLoader::defineClass@12
  0x0000027e07d2272c: 50c7 85ff 

  0x0000027e07d22730: ;   {other}
  0x0000027e07d22730: 0f1f 8400 | 202c 0025 | 4c8b f58b | 5c24 244c | 8b6c 2448 | 488b 7c24 | 50e9 33e2 

  0x0000027e07d2274c: ;   {oop(""{0x00000000800260f0})}
  0x0000027e07d2274c: ffff 48bb | f060 0280 | 0000 0000 | e9a7 eaff 

  0x0000027e07d2275c: ;   {metadata('java/security/SecureClassLoader$CodeSourceKey')}
  0x0000027e07d2275c: ff48 bab8 | b411 0f7e | 0200 0090 

  0x0000027e07d22768: ;   {runtime_call _new_instance_Java}
  0x0000027e07d22768: c5f8 77e8 

  0x0000027e07d2276c: ; ImmutableOopMap {rbp=Oop [40]=Oop [48]=Oop [56]=Oop }
                      ;*new {reexecute=0 rethrow=0 return_oop=1}
                      ; - java.security.SecureClassLoader::getProtectionDomain@6
                      ; - java.security.SecureClassLoader::defineClass@9
  0x0000027e07d2276c: 90ca 89ff 

  0x0000027e07d22770: ;   {other}
  0x0000027e07d22770: 0f1f 8400 | 602c 0026 | 4c8b c0e9 | fad9 ffff 

  0x0000027e07d22780: ;   {metadata('java/security/SecureClassLoader$1')}
  0x0000027e07d22780: 48ba 50ba | 110f 7e02 | 0000 4c89 | 4424 5090 

  0x0000027e07d22790: ;   {runtime_call _new_instance_Java}
  0x0000027e07d22790: c5f8 77e8 

  0x0000027e07d22794: ; ImmutableOopMap {rbp=NarrowOop [40]=Oop [48]=Oop [56]=Oop [80]=Oop }
                      ;*new {reexecute=0 rethrow=0 return_oop=1}
                      ; - java.security.SecureClassLoader::getProtectionDomain@20
                      ; - java.security.SecureClassLoader::defineClass@9
  0x0000027e07d22794: 68ca 89ff 

  0x0000027e07d22798: ;   {other}
  0x0000027e07d22798: 0f1f 8400 | 882c 0027 | 4c8b c84c | 8b44 2450 | e916 daff | ff48 897c | 2450 4c89 | 6c24 4889 
  0x0000027e07d227b8: 5c24 2449 | 8bee 41b8 | 1000 0000 

  0x0000027e07d227c4: ;   {metadata({type array byte})}
  0x0000027e07d227c4: 48ba 1823 | 000f 7e02 | 0000 6690 

  0x0000027e07d227d0: ;   {runtime_call _new_array_Java}
  0x0000027e07d227d0: c5f8 77e8 

  0x0000027e07d227d4: ; ImmutableOopMap {rbp=Oop [36]=NarrowOop [40]=Oop [48]=Oop [56]=Oop [72]=Oop [80]=Oop }
                      ;*newarray {reexecute=0 rethrow=0 return_oop=1}
                      ; - java.lang.AbstractStringBuilder::<init>@12
                      ; - java.lang.StringBuilder::<init>@3
                      ; - java.net.URLStreamHandler::toExternalForm@4
                      ; - java.net.URL::toExternalForm@5
                      ; - java.net.URL::toString@1
                      ; - java.lang.ClassLoader::defineClassSourceLocation@22
                      ; - java.lang.ClassLoader::defineClass@12
                      ; - java.security.SecureClassLoader::defineClass@12
  0x0000027e07d227d4: a811 8aff 

  0x0000027e07d227d8: ;   {other}
  0x0000027e07d227d8: 0f1f 8400 | c82c 0028 | 4c8b f58b | 5c24 244c | 8b6c 2448 | 488b 7c24 | 50e9 93e0 | ffff 4c89 
  0x0000027e07d227f8: 6c24 4889 

  0x0000027e07d227fc: ;   {metadata('java/lang/StringBuilder')}
  0x0000027e07d227fc: 5c24 2448 | ba40 8000 | 0f7e 0200 | 0066 6690 

  0x0000027e07d2280c: ;   {runtime_call _new_instance_Java}
  0x0000027e07d2280c: c5f8 77e8 

  0x0000027e07d22810: ; ImmutableOopMap {[36]=NarrowOop [40]=Oop [48]=Oop [56]=Oop [72]=Oop [144]=Oop }
                      ;*new {reexecute=0 rethrow=0 return_oop=1}
                      ; - java.net.URLStreamHandler::toExternalForm@0
                      ; - java.net.URL::toExternalForm@5
                      ; - java.net.URL::toString@1
                      ; - java.lang.ClassLoader::defineClassSourceLocation@22
                      ; - java.lang.ClassLoader::defineClass@12
                      ; - java.security.SecureClassLoader::defineClass@12
  0x0000027e07d22810: ecc9 89ff 

  0x0000027e07d22814: ;   {other}
  0x0000027e07d22814: 0f1f 8400 | 042d 0029 | 4c8b b424 | 9000 0000 | 8b5c 2424 | 4c8b 6c24 | 48e9 ecdf | ffff 488b 
  0x0000027e07d22834: ;   {metadata('java/lang/String')}
  0x0000027e07d22834: eb48 ba78 | e800 0f7e | 0200 0090 

  0x0000027e07d22840: ;   {runtime_call _new_instance_Java}
  0x0000027e07d22840: c5f8 77e8 

  0x0000027e07d22844: ; ImmutableOopMap {rbp=Oop [40]=Oop [48]=Oop [56]=Oop [72]=Oop }
                      ;*new {reexecute=0 rethrow=0 return_oop=1}
                      ; - java.lang.StringBuilder::toString@0
                      ; - java.net.URLStreamHandler::toExternalForm@152
                      ; - java.net.URL::toExternalForm@5
                      ; - java.net.URL::toString@1
                      ; - java.lang.ClassLoader::defineClassSourceLocation@22
                      ; - java.lang.ClassLoader::defineClass@12
                      ; - java.security.SecureClassLoader::defineClass@12
  0x0000027e07d22844: b8c9 89ff 

  0x0000027e07d22848: ;   {other}
  0x0000027e07d22848: 0f1f 8400 | 382d 002a | 488b dde9 | a7e3 ffff | 4489 4424 | 5044 895c | 2424 4889 | 5c24 404c 
  0x0000027e07d22868: 8974 2438 | 4c89 6c24 | 3066 6690 

  0x0000027e07d22874: ;   {static_call}
  0x0000027e07d22874: c5f8 77e8 

  0x0000027e07d22878: ; ImmutableOopMap {rbp=Oop [36]=NarrowOop [40]=Oop [56]=Oop [64]=Oop [72]=Oop [80]=NarrowOop }
                      ;*invokestatic hashCode {reexecute=0 rethrow=0 return_oop=0}
                      ; - java.lang.String::hashCode@37
                      ; - java.util.concurrent.ConcurrentHashMap::get@1
                      ; - java.lang.ClassLoader::getNamedPackage@5
                      ; - java.lang.ClassLoader::postDefineClass@9
                      ; - java.lang.ClassLoader::defineClass@37
                      ; - java.security.SecureClassLoader::defineClass@12
  0x0000027e07d22878: 04d0 85ff 

  0x0000027e07d2287c: ;   {other}
  0x0000027e07d2287c: 0f1f 8400 | 6c2d 002b | e957 eaff | ff4c 8b4c | 2440 41c6 | 4111 0133 | c04c 8b6c | 2430 4c8b 
  0x0000027e07d2289c: 7424 3844 | 8b5c 2424 | 448b 4424 | 50e9 57ea | ffff 894c | 2478 4489 | 7424 5c48 | 895c 2470 
  0x0000027e07d228bc: 4c89 4424 | 68c5 fb11 | 4424 6089 | 7424 5844 | 895c 2454 | 4489 5424 | 504c 8b94 | 2490 0000 
  0x0000027e07d228dc: 004c 8954 | 2448 4c8b | 5424 304c | 8954 2420 | 488b 6c24 

  0x0000027e07d228f0: ;   {metadata('java/lang/String')}
  0x0000027e07d228f0: 2848 ba78 | e800 0f7e | 0200 0090 

  0x0000027e07d228fc: ;   {runtime_call _new_instance_Java}
  0x0000027e07d228fc: c5f8 77e8 

  0x0000027e07d22900: ; ImmutableOopMap {rbp=Oop [32]=Oop [56]=Oop [72]=Oop [80]=NarrowOop [92]=NarrowOop [96]=Oop [104]=Derived_oop_[96] [112]=Oop [144]=Oop }
                      ;*new {reexecute=0 rethrow=0 return_oop=1}
                      ; - java.lang.StringLatin1::newString@7
                      ; - java.lang.String::substring@41
                      ; - java.lang.ClassLoader::checkCerts@21
                      ; - java.lang.ClassLoader::preDefineClass@113
                      ; - java.lang.ClassLoader::defineClass@4
                      ; - java.security.SecureClassLoader::defineClass@12
  0x0000027e07d22900: fcc8 89ff 

  0x0000027e07d22904: ;   {other}
  0x0000027e07d22904: 0f1f 8400 | f42d 002c | 4889 6c24 | 284c 8b54 | 2420 4c89 | 5424 3044 | 8b54 2450 | 448b 5c24 
  0x0000027e07d22924: 548b 7424 | 58c5 fb10 | 4424 604c | 8b4c 2468 | 4c89 4c24 | 2048 8b5c | 2470 448b | 7424 5c8b 
  0x0000027e07d22944: 4c24 784c | 8be8 e9f7 | dbff ff4c | 8b54 2458 | 458b 5210 | 4585 d20f | 8466 f3ff | ff4d 8b5f 
  0x0000027e07d22964: 2849 8bca | 4d85 db0f | 84d7 1400 | 004d 8b57 | 384b 894c | 1af8 4983 | c3f8 4d89 | 5f28 e940 
  0x0000027e07d22984: f3ff ff4c | 8b54 2450 | 4c89 5424 | 5845 8b5a | 0c45 85db | 0f84 def2 | ffff 4d8b | 5728 498b 
  0x0000027e07d229a4: cb4d 85d2 | 0f84 ba14 | 0000 4d8b | 5f38 4b89 | 4c13 f849 | 83c2 f84d | 8957 28e9 | b8f2 ffff 
  0x0000027e07d229c4: 4c8b 7424 | 30e9 c8ed | ffff 4d8b | 5748 4d8b | 5f58 f083 | 4424 c000 | 4180 3800 | 0f84 28f3 
  0x0000027e07d229e4: ffff 4588 | 204d 85d2 | 7523 498b | c849 8bd7 | c5f8 7749 | ba00 a425 | 25f8 7f00 

  0x0000027e07d22a00: ;   {no_reloc}
  0x0000027e07d22a00: 0041 ffd2 

  0x0000027e07d22a04: ;   {other}
  0x0000027e07d22a04: 0f1f 8400 | 0000 0000 | e9fd f2ff | ff4f 8944 | 13f8 4983 | c2f8 4d89 | 5748 e9eb | f2ff ff4d 
  0x0000027e07d22a24: 8b57 584d | 8b5f 48f0 | 8344 24c0 | 0080 3900 | 0f84 82f2 | ffff 4488 | 214d 85db | 7520 498b 
  0x0000027e07d22a44: d7c5 f877 | 49ba 00a4 | 2525 f87f | 0000 41ff 

  0x0000027e07d22a54: ;   {other}
  0x0000027e07d22a54: d20f 1f84 | 0000 0000 | 00e9 5af2 | ffff 4b89 | 4c1a f849 | 83c3 f84d | 895f 48e9 | 48f2 ffff 
  0x0000027e07d22a74: 4c89 4424 | 6848 894c | 2460 4c89 | 5c24 5844 | 894c 2424 | 4889 7424 

  0x0000027e07d22a8c: ;   {metadata({type array byte})}
  0x0000027e07d22a8c: 5048 ba18 | 2300 0f7e | 0200 0045 | 8bc1 6690 

  0x0000027e07d22a9c: ;   {runtime_call _new_array_nozero_Java}
  0x0000027e07d22a9c: c5f8 77e8 

  0x0000027e07d22aa0: ; ImmutableOopMap {[40]=Oop [48]=Oop [56]=Oop [72]=Oop [80]=Oop [120]=Oop [88]=Derived_oop_[120] }
                      ;*newarray {reexecute=0 rethrow=0 return_oop=1}
                      ; - java.util.Arrays::copyOfRangeByte@10
                      ; - java.util.Arrays::copyOfRange@13
                      ; - java.lang.String::<init>@32
                      ; - java.lang.String::<init>@3
                      ; - java.lang.StringBuilder::toString@5
                      ; - java.net.URLStreamHandler::toExternalForm@152
                      ; - java.net.URL::toExternalForm@5
                      ; - java.net.URL::toString@1
                      ; - java.lang.ClassLoader::defineClassSourceLocation@22
                      ; - java.lang.ClassLoader::defineClass@12
                      ; - java.security.SecureClassLoader::defineClass@12
  0x0000027e07d22aa0: dc11 8aff 

  0x0000027e07d22aa4: ;   {other}
  0x0000027e07d22aa4: 0f1f 8400 | 942f 002d | 488b 7424 | 5044 8b4c | 2424 4c8b | 5c24 5848 | 8b4c 2460 | 4c8b 4424 
  0x0000027e07d22ac4: 6848 8bd8 | e9a0 e2ff | ff4c 8984 | 2488 0000 | 004c 898c | 2480 0000 | 004c 896c | 2478 894c 
  0x0000027e07d22ae4: 2470 4489 | 7424 5448 | 895c 2468 | 4c8b 5424 | 204c 8954 | 2460 c5fb | 1144 2458 | 8974 2450 
  0x0000027e07d22b04: 4c8b 9424 | 9000 0000 | 4c89 5424 | 484c 8b54 | 2428 4c89 

  0x0000027e07d22b18: ;   {metadata({type array byte})}
  0x0000027e07d22b18: 5424 2048 | ba18 2300 | 0f7e 0200 | 0044 8bc1 

  0x0000027e07d22b28: ;   {runtime_call _new_array_nozero_Java}
  0x0000027e07d22b28: c5f8 77e8 

  0x0000027e07d22b2c: ; ImmutableOopMap {[32]=Oop [48]=Oop [56]=Oop [72]=Oop [84]=NarrowOop [88]=Oop [96]=Derived_oop_[88] [104]=Oop [120]=Oop }
                      ;*newarray {reexecute=0 rethrow=0 return_oop=1}
                      ; - java.util.Arrays::copyOfRangeByte@10
                      ; - java.util.Arrays::copyOfRange@13
                      ; - java.lang.StringLatin1::newString@16
                      ; - java.lang.String::substring@41
                      ; - java.lang.ClassLoader::checkCerts@21
                      ; - java.lang.ClassLoader::preDefineClass@113
                      ; - java.lang.ClassLoader::defineClass@4
                      ; - java.security.SecureClassLoader::defineClass@12
  0x0000027e07d22b2c: 5011 8aff 

  0x0000027e07d22b30: ;   {other}
  0x0000027e07d22b30: 0f1f 8400 | 2030 002e | 4c8b 5c24 | 204c 895c | 2428 4c8b | 5c24 484c | 899c 2490 | 0000 008b 
  0x0000027e07d22b50: 7424 504c | 8b5c 2460 | 4c89 5c24 | 2048 8b5c | 2468 448b | 7424 548b | 4c24 704c | 8b6c 2478 
  0x0000027e07d22b70: 4c8b 8c24 | 8000 0000 | 4c8b 8424 | 8800 0000 | 4c8b d8e9 | 26db ffff | 4489 5c24 | 3c44 894c 
  0x0000027e07d22b90: 2438 4489 | 4424 244c | 8974 2430 

  0x0000027e07d22b9c: ;   {metadata('java/lang/String')}
  0x0000027e07d22b9c: 498b ed48 | ba78 e800 | 0f7e 0200 | 0066 6690 

  0x0000027e07d22bac: ;   {runtime_call _new_instance_Java}
  0x0000027e07d22bac: c5f8 77e8 

  0x0000027e07d22bb0: ; ImmutableOopMap {[36]=NarrowOop [40]=Oop [48]=Oop [72]=Oop [136]=Oop }
                      ;*new {reexecute=0 rethrow=0 return_oop=1}
                      ; - java.lang.StringLatin1::newString@7
                      ; - java.lang.String::substring@41
                      ; - java.lang.Class::getPackageName@62
                      ; - java.lang.ClassLoader::postDefineClass@2
                      ; - java.lang.ClassLoader::defineClass@37
                      ; - java.security.SecureClassLoader::defineClass@12
  0x0000027e07d22bb0: 4cc6 89ff 

  0x0000027e07d22bb4: ;   {other}
  0x0000027e07d22bb4: 0f1f 8400 | a430 002f | 4c8b ed4c | 8b74 2430 | 448b 4424 | 2444 8b4c | 2438 448b | 5c24 3c48 
  0x0000027e07d22bd4: 8bd8 e965 | e4ff ff44 | 8944 2440 | 4c89 4c24 | 384c 8974 | 2430 4c89 

  0x0000027e07d22bec: ;   {metadata('java/lang/NamedPackage')}
  0x0000027e07d22bec: 6c24 2048 | bae8 c001 | 0f7e 0200 | 0049 8bee 

  0x0000027e07d22bfc: ;   {runtime_call _new_instance_Java}
  0x0000027e07d22bfc: c5f8 77e8 

  0x0000027e07d22c00: ; ImmutableOopMap {rbp=Oop [40]=Oop [48]=Oop [56]=Oop [64]=NarrowOop [72]=Oop }
                      ;*new {reexecute=0 rethrow=0 return_oop=1}
                      ; - java.lang.ClassLoader::getNamedPackage@16
                      ; - java.lang.ClassLoader::postDefineClass@9
                      ; - java.lang.ClassLoader::defineClass@37
                      ; - java.security.SecureClassLoader::defineClass@12
  0x0000027e07d22c00: fcc5 89ff 

  0x0000027e07d22c04: ;   {other}
  0x0000027e07d22c04: 0f1f 8400 | f430 0030 | e977 e8ff | ff48 897c | 2460 4889 | 4424 584c | 8954 2450 | 4889 5c24 
  0x0000027e07d22c24: 4044 895c | 2424 4c89 | 7424 384c | 896c 2430 

  0x0000027e07d22c34: ;   {metadata({type array byte})}
  0x0000027e07d22c34: 48ba 1823 | 000f 7e02 | 0000 458b | c366 6690 

  0x0000027e07d22c44: ;   {runtime_call _new_array_nozero_Java}
  0x0000027e07d22c44: c5f8 77e8 

  0x0000027e07d22c48: ; ImmutableOopMap {[40]=Oop [56]=Oop [64]=Oop [72]=Oop [136]=Oop [80]=Derived_oop_[136] }
                      ;*newarray {reexecute=0 rethrow=0 return_oop=1}
                      ; - java.util.Arrays::copyOfRangeByte@10
                      ; - java.util.Arrays::copyOfRange@13
                      ; - java.lang.StringLatin1::newString@16
                      ; - java.lang.String::substring@41
                      ; - java.lang.Class::getPackageName@62
                      ; - java.lang.ClassLoader::postDefineClass@2
                      ; - java.lang.ClassLoader::defineClass@37
                      ; - java.security.SecureClassLoader::defineClass@12
  0x0000027e07d22c48: 3410 8aff 

  0x0000027e07d22c4c: ;   {other}
  0x0000027e07d22c4c: 0f1f 8400 | 3c31 0031 | 4c8b c04c | 8b6c 2430 | 4c8b 7424 | 3844 8b5c | 2424 488b | 5c24 404c 
  0x0000027e07d22c6c: 8b54 2450 | 488b 4424 | 5848 8b7c | 2460 498b | f0e9 fbe4 | ffff 4889 | 4424 584c | 895c 2450 
  0x0000027e07d22c8c: 4489 4424 | 2448 8bee 

  0x0000027e07d22c94: ;   {metadata({type array byte})}
  0x0000027e07d22c94: 48ba 1823 | 000f 7e02 | 0000 448b | c366 6690 

  0x0000027e07d22ca4: ;   {runtime_call _new_array_nozero_Java}
  0x0000027e07d22ca4: c5f8 77e8 

  0x0000027e07d22ca8: ; ImmutableOopMap {rbp=Oop [36]=NarrowOop [40]=Oop [48]=Oop [56]=Oop [72]=Oop [120]=Oop [80]=Derived_oop_[120] }
                      ;*invokevirtual clone {reexecute=1 rethrow=0 return_oop=1}
                      ; - (reexecute) java.util.Arrays::copyOfRange@18
                      ; - java.lang.String::<init>@32
                      ; - java.lang.String::<init>@3
                      ; - java.lang.StringBuilder::toString@5
                      ; - java.net.URLStreamHandler::toExternalForm@152
                      ; - java.net.URL::toExternalForm@5
                      ; - java.net.URL::toString@1
                      ; - java.lang.ClassLoader::defineClassSourceLocation@22
                      ; - java.lang.ClassLoader::defineClass@12
                      ; - java.security.SecureClassLoader::defineClass@12
  0x0000027e07d22ca8: d40f 8aff 

  0x0000027e07d22cac: ;   {other}
  0x0000027e07d22cac: 0f1f 8400 | 9c31 0032 | 4c8b d048 | 8bf5 4c8b | 5c24 5048 | 8b44 2458 | 498b fae9 | cedf ffff 
  0x0000027e07d22ccc: ;   {metadata('java/lang/StringBuilder')}
  0x0000027e07d22ccc: 48ba 4080 | 000f 7e02 | 0000 6690 

  0x0000027e07d22cd8: ;   {runtime_call _new_instance_Java}
  0x0000027e07d22cd8: c5f8 77e8 

  0x0000027e07d22cdc: ; ImmutableOopMap {[40]=Oop [48]=Oop [56]=Oop [64]=NarrowOop [72]=Oop [80]=Oop [88]=Oop [112]=Oop }
                      ;*new {reexecute=0 rethrow=0 return_oop=1}
                      ; - java.lang.NamedPackage::<init>@22
                      ; - java.lang.ClassLoader::getNamedPackage@22
                      ; - java.lang.ClassLoader::postDefineClass@9
                      ; - java.lang.ClassLoader::defineClass@37
                      ; - java.security.SecureClassLoader::defineClass@12
  0x0000027e07d22cdc: 20c5 89ff 

  0x0000027e07d22ce0: ;   {other}
  0x0000027e07d22ce0: 0f1f 8400 | d031 0033 | e998 e8ff 

  0x0000027e07d22cec: ;   {metadata('java/lang/InternalError')}
  0x0000027e07d22cec: ff48 ba38 | 0701 0f7e | 0200 0090 

  0x0000027e07d22cf8: ;   {runtime_call _new_instance_Java}
  0x0000027e07d22cf8: c5f8 77e8 

  0x0000027e07d22cfc: ; ImmutableOopMap {[40]=Oop [48]=Oop [56]=Oop [64]=NarrowOop [72]=Oop [80]=Oop [88]=Oop }
                      ;*new {reexecute=0 rethrow=0 return_oop=1}
                      ; - java.lang.NamedPackage::<init>@18
                      ; - java.lang.ClassLoader::getNamedPackage@22
                      ; - java.lang.ClassLoader::postDefineClass@9
                      ; - java.lang.ClassLoader::defineClass@37
                      ; - java.security.SecureClassLoader::defineClass@12
  0x0000027e07d22cfc: 00c5 89ff 

  0x0000027e07d22d00: ;   {other}
  0x0000027e07d22d00: 0f1f 8400 | f031 0034 | e927 e8ff | ff4c 8944 | 2468 4c89 | 6c24 6044 | 8974 244c | 4889 5c24 
  0x0000027e07d22d20: 58c5 fb11 | 4424 5089 | 7424 4841 

  0x0000027e07d22d2c: ;   {metadata({type array byte})}
  0x0000027e07d22d2c: 8bea 48ba | 1823 000f | 7e02 0000 | 458b c390 

  0x0000027e07d22d3c: ;   {runtime_call _new_array_nozero_Java}
  0x0000027e07d22d3c: c5f8 77e8 

  0x0000027e07d22d40: ; ImmutableOopMap {rbp=NarrowOop [40]=Oop [48]=Oop [56]=Oop [76]=NarrowOop [80]=Oop [32]=Derived_oop_[80] [88]=Oop [96]=Oop [144]=Oop }
                      ;*invokevirtual clone {reexecute=1 rethrow=0 return_oop=1}
                      ; - (reexecute) java.util.Arrays::copyOfRange@18
                      ; - java.lang.StringLatin1::newString@16
                      ; - java.lang.String::substring@41
                      ; - java.lang.ClassLoader::checkCerts@21
                      ; - java.lang.ClassLoader::preDefineClass@113
                      ; - java.lang.ClassLoader::defineClass@4
                      ; - java.security.SecureClassLoader::defineClass@12
  0x0000027e07d22d40: 3c0f 8aff 

  0x0000027e07d22d44: ;   {other}
  0x0000027e07d22d44: 0f1f 8400 | 3432 0035 | 488b f8e9 | 7ad8 ffff | 4889 7c24 | 504c 8954 | 2440 4889 | 5c24 3844 
  0x0000027e07d22d64: 8944 2424 | 4c89 7424 | 3049 8bed 

  0x0000027e07d22d70: ;   {metadata({type array byte})}
  0x0000027e07d22d70: 48ba 1823 | 000f 7e02 | 0000 458b | c166 6690 

  0x0000027e07d22d80: ;   {runtime_call _new_array_nozero_Java}
  0x0000027e07d22d80: c5f8 77e8 

  0x0000027e07d22d84: ; ImmutableOopMap {[36]=NarrowOop [40]=Oop [48]=Oop [56]=Oop [72]=Oop [136]=Oop [64]=Derived_oop_[136] }
                      ;*invokevirtual clone {reexecute=1 rethrow=0 return_oop=1}
                      ; - (reexecute) java.util.Arrays::copyOfRange@18
                      ; - java.lang.StringLatin1::newString@16
                      ; - java.lang.String::substring@41
                      ; - java.lang.Class::getPackageName@62
                      ; - java.lang.ClassLoader::postDefineClass@2
                      ; - java.lang.ClassLoader::defineClass@37
                      ; - java.security.SecureClassLoader::defineClass@12
  0x0000027e07d22d84: f80e 8aff 

  0x0000027e07d22d88: ;   {other}
  0x0000027e07d22d88: 0f1f 8400 | 7832 0036 | 4c8b ed4c | 8b74 2430 | 488b 5c24 | 384c 8b54 | 2440 488b | 7c24 5048 
  0x0000027e07d22da8: 8bf0 e905 | e3ff ffba | f6ff ffff | 498b ed90 

  0x0000027e07d22db8: ;   {runtime_call UncommonTrapBlob}
  0x0000027e07d22db8: c5f8 77e8 

  0x0000027e07d22dbc: ; ImmutableOopMap {rbp=Oop }
                      ;*invokevirtual putIfAbsent {reexecute=0 rethrow=0 return_oop=0}
                      ; - java.lang.ClassLoader::checkCerts@62
                      ; - java.lang.ClassLoader::preDefineClass@113
                      ; - java.lang.ClassLoader::defineClass@4
                      ; - java.security.SecureClassLoader::defineClass@12
  0x0000027e07d22dbc: 404d 86ff 

  0x0000027e07d22dc0: ;   {other}
  0x0000027e07d22dc0: 0f1f 8400 | b032 0037 | baf6 ffff | ff8b eb90 

  0x0000027e07d22dd0: ;   {runtime_call UncommonTrapBlob}
  0x0000027e07d22dd0: c5f8 77e8 

  0x0000027e07d22dd4: ; ImmutableOopMap {rbp=NarrowOop }
                      ;*invokevirtual toExternalForm {reexecute=0 rethrow=0 return_oop=0}
                      ; - java.net.URL::toExternalForm@5
                      ; - java.net.URL::toString@1
                      ; - java.lang.ClassLoader::defineClassSourceLocation@22
                      ; - java.lang.ClassLoader::defineClass@12
                      ; - java.security.SecureClassLoader::defineClass@12
  0x0000027e07d22dd4: 284d 86ff 

  0x0000027e07d22dd8: ;   {other}
  0x0000027e07d22dd8: 0f1f 8400 | c832 0038 | baf6 ffff | ff48 8beb 

  0x0000027e07d22de8: ;   {runtime_call UncommonTrapBlob}
  0x0000027e07d22de8: c5f8 77e8 

  0x0000027e07d22dec: ; ImmutableOopMap {rbp=Oop }
                      ;*invokevirtual get {reexecute=0 rethrow=0 return_oop=0}
                      ; - java.lang.ClassLoader::getNamedPackage@5
                      ; - java.lang.ClassLoader::postDefineClass@9
                      ; - java.lang.ClassLoader::defineClass@37
                      ; - java.security.SecureClassLoader::defineClass@12
  0x0000027e07d22dec: 104d 86ff 

  0x0000027e07d22df0: ;   {other}
  0x0000027e07d22df0: 0f1f 8400 | e032 0039 | ba76 ffff | ff41 8bea | 897c 2424 | 4889 5c24 | 5044 8974 | 2460 6690 
  0x0000027e07d22e10: ;   {runtime_call UncommonTrapBlob}
  0x0000027e07d22e10: c5f8 77e8 

  0x0000027e07d22e14: ; ImmutableOopMap {rbp=NarrowOop [40]=Oop [48]=Oop [56]=Oop [80]=Oop [96]=NarrowOop [144]=Oop }
                      ;*iflt {reexecute=1 rethrow=0 return_oop=0}
                      ; - (reexecute) java.lang.StringLatin1::lastIndexOf@19
                      ; - java.lang.String::lastIndexOf@13
                      ; - java.lang.String::lastIndexOf@8
                      ; - java.lang.ClassLoader::checkCerts@3
                      ; - java.lang.ClassLoader::preDefineClass@113
                      ; - java.lang.ClassLoader::defineClass@4
                      ; - java.security.SecureClassLoader::defineClass@12
  0x0000027e07d22e14: e84c 86ff 

  0x0000027e07d22e18: ;   {other}
  0x0000027e07d22e18: 0f1f 8400 | 0833 003a | bae4 ffff | ff4c 8b5c | 2428 4c89 | 5c24 204c | 8b5c 2430 | 4c89 5c24 
  0x0000027e07d22e38: 284c 8b5c | 2438 4c89 | 5c24 3044 | 8b5c 2440 | 4489 5c24 | 3844 8b44 | 2444 4489 | 4424 3c4c 
  0x0000027e07d22e58: 8974 2440 | 895c 2448 | 4889 7c24 | 5844 8954 | 244c 6690 

  0x0000027e07d22e6c: ;   {runtime_call UncommonTrapBlob}
  0x0000027e07d22e6c: c5f8 77e8 

  0x0000027e07d22e70: ; ImmutableOopMap {[32]=Oop [40]=Oop [48]=Oop [64]=Oop [72]=NarrowOop [76]=NarrowOop [88]=Oop }
                      ;*bastore {reexecute=0 rethrow=0 return_oop=0}
                      ; - java.lang.AbstractStringBuilder::append@41
                      ; - java.lang.StringBuilder::append@2
                      ; - java.net.URLStreamHandler::toExternalForm@16
                      ; - java.net.URL::toExternalForm@5
                      ; - java.net.URL::toString@1
                      ; - java.lang.ClassLoader::defineClassSourceLocation@22
                      ; - java.lang.ClassLoader::defineClass@12
                      ; - java.security.SecureClassLoader::defineClass@12
  0x0000027e07d22e70: 8c4c 86ff 

  0x0000027e07d22e74: ;   {other}
  0x0000027e07d22e74: 0f1f 8400 | 6433 003b | bade ffff | ff4c 8954 | 2420 4c8b | 5424 304c | 8954 2428 | 4c8b 5424 
  0x0000027e07d22e94: 384c 8954 | 2430 448b | 5c24 4044 | 895c 2438 | 448b 5424 | 4444 8954 | 243c 4c89 | 4424 404c 
  0x0000027e07d22eb4: 894c 2448 

  0x0000027e07d22eb8: ;   {runtime_call UncommonTrapBlob}
  0x0000027e07d22eb8: c5f8 77e8 

  0x0000027e07d22ebc: ; ImmutableOopMap {rbp=NarrowOop [32]=Oop [40]=Oop [48]=Oop [64]=Oop [72]=Oop }
                      ;*invokeinterface computeIfAbsent {reexecute=0 rethrow=0 return_oop=0}
                      ; - java.security.SecureClassLoader::getProtectionDomain@28
                      ; - java.security.SecureClassLoader::defineClass@9
  0x0000027e07d22ebc: 404c 86ff 

  0x0000027e07d22ec0: ;   {other}
  0x0000027e07d22ec0: 0f1f 8400 | b033 003c | 4533 d245 | 85db 410f | 96c2 ba45 | ffff ff48 | 8b6c 2428 | 4489 5424 
  0x0000027e07d22ee0: 5066 6690 

  0x0000027e07d22ee4: ;   {runtime_call UncommonTrapBlob}
  0x0000027e07d22ee4: c5f8 77e8 

  0x0000027e07d22ee8: ; ImmutableOopMap {rbp=Oop [48]=Oop [56]=Oop [144]=Oop }
                      ;*ifeq {reexecute=1 rethrow=0 return_oop=0}
                      ; - (reexecute) java.lang.ClassLoader::checkName@8
                      ; - java.lang.ClassLoader::preDefineClass@1
                      ; - java.lang.ClassLoader::defineClass@4
                      ; - java.security.SecureClassLoader::defineClass@12
  0x0000027e07d22ee8: 144c 86ff 

  0x0000027e07d22eec: ;   {other}
  0x0000027e07d22eec: 0f1f 8400 | dc33 003d | bacc ffff | ff4c 8b5c | 2428 4c89 | 5c24 204c | 8b5c 2430 | 4c89 5c24 
  0x0000027e07d22f0c: 284c 8b5c | 2438 4c89 | 5c24 3044 | 8b44 2440 | 4489 4424 | 3844 8b5c | 2444 4489 | 5c24 3c4c 
  0x0000027e07d22f2c: 8974 2440 | 895c 2448 | 4889 7c24 | 5844 8954 | 244c 6690 

  0x0000027e07d22f40: ;   {runtime_call UncommonTrapBlob}
  0x0000027e07d22f40: c5f8 77e8 

  0x0000027e07d22f44: ; ImmutableOopMap {rbp=NarrowOop [32]=Oop [40]=Oop [48]=Oop [64]=Oop [72]=NarrowOop [88]=Oop }
                      ;*invokestatic arraycopy {reexecute=0 rethrow=0 return_oop=0}
                      ; - java.lang.String::getBytes@22
                      ; - java.lang.AbstractStringBuilder::putStringAt@15
                      ; - java.lang.AbstractStringBuilder::append@30
                      ; - java.lang.StringBuilder::append@2
                      ; - java.net.URLStreamHandler::toExternalForm@59
                      ; - java.net.URL::toExternalForm@5
                      ; - java.net.URL::toString@1
                      ; - java.lang.ClassLoader::defineClassSourceLocation@22
                      ; - java.lang.ClassLoader::defineClass@12
                      ; - java.security.SecureClassLoader::defineClass@12
  0x0000027e07d22f44: b84b 86ff 

  0x0000027e07d22f48: ;   {other}
  0x0000027e07d22f48: 0f1f 8400 | 3834 003e | bacc ffff | ff44 8b54 | 2440 4489 | 5424 2044 | 8b54 2444 | 4489 5424 
  0x0000027e07d22f68: 4048 895c | 2458 448b | 5424 6844 | 8954 2444 | 8944 2460 | 8974 2464 | 897c 2468 

  0x0000027e07d22f84: ;   {runtime_call UncommonTrapBlob}
  0x0000027e07d22f84: c5f8 77e8 

  0x0000027e07d22f88: ; ImmutableOopMap {[36]=NarrowOop [40]=Oop [48]=Oop [56]=Oop [72]=Oop [88]=Oop [96]=NarrowOop [100]=NarrowOop }
                      ;*invokestatic arraycopy {reexecute=0 rethrow=0 return_oop=0}
                      ; - java.lang.String::getBytes@22
                      ; - java.lang.AbstractStringBuilder::putStringAt@15
                      ; - java.lang.AbstractStringBuilder::append@30
                      ; - java.lang.StringBuilder::append@2
                      ; - java.net.URLStreamHandler::toExternalForm@77
                      ; - java.net.URL::toExternalForm@5
                      ; - java.net.URL::toString@1
                      ; - java.lang.ClassLoader::defineClassSourceLocation@22
                      ; - java.lang.ClassLoader::defineClass@12
                      ; - java.security.SecureClassLoader::defineClass@12
  0x0000027e07d22f88: 744b 86ff 

  0x0000027e07d22f8c: ;   {other}
  0x0000027e07d22f8c: 0f1f 8400 | 7c34 003f | bacc ffff | ff4c 8b5c | 2428 4c89 | 5c24 204c | 8b5c 2430 | 4c89 5c24 
  0x0000027e07d22fac: 284c 8b5c | 2438 4c89 | 5c24 3044 | 8b44 2440 | 4489 4424 | 3844 8b5c | 2444 4489 | 5c24 3c4c 
  0x0000027e07d22fcc: 8b5c 2448 | 4c89 5c24 | 4089 7c24 | 4848 895c | 2458 4489 | 5424 4c90 

  0x0000027e07d22fe4: ;   {runtime_call UncommonTrapBlob}
  0x0000027e07d22fe4: c5f8 77e8 

  0x0000027e07d22fe8: ; ImmutableOopMap {rbp=NarrowOop [32]=Oop [40]=Oop [48]=Oop [64]=Oop [72]=NarrowOop [88]=Oop }
                      ;*invokestatic arraycopy {reexecute=0 rethrow=0 return_oop=0}
                      ; - java.lang.String::getBytes@22
                      ; - java.lang.AbstractStringBuilder::putStringAt@15
                      ; - java.lang.AbstractStringBuilder::append@30
                      ; - java.lang.StringBuilder::append@2
                      ; - java.net.URLStreamHandler::toExternalForm@113
                      ; - java.net.URL::toExternalForm@5
                      ; - java.net.URL::toString@1
                      ; - java.lang.ClassLoader::defineClassSourceLocation@22
                      ; - java.lang.ClassLoader::defineClass@12
                      ; - java.security.SecureClassLoader::defineClass@12
  0x0000027e07d22fe8: 144b 86ff 

  0x0000027e07d22fec: ;   {other}
  0x0000027e07d22fec: 0f1f 8400 | dc34 0040 | bacc ffff | ff4c 8b54 | 2428 4c89 | 5424 204c | 8b54 2430 | 4c89 5424 
  0x0000027e07d2300c: 284c 8b54 | 2438 4c89 | 5424 3044 | 8b5c 2440 | 4489 5c24 | 3844 8b54 | 2444 4489 | 5424 3c4c 
  0x0000027e07d2302c: 8b54 2448 | 4c89 5424 | 4048 895c | 2450 4489 | 4424 5890 

  0x0000027e07d23040: ;   {runtime_call UncommonTrapBlob}
  0x0000027e07d23040: c5f8 77e8 

  0x0000027e07d23044: ; ImmutableOopMap {rbp=NarrowOop [32]=Oop [40]=Oop [48]=Oop [64]=Oop [80]=Oop }
                      ;*invokestatic arraycopy {reexecute=0 rethrow=0 return_oop=0}
                      ; - java.lang.String::getBytes@22
                      ; - java.lang.AbstractStringBuilder::putStringAt@15
                      ; - java.lang.AbstractStringBuilder::append@30
                      ; - java.lang.StringBuilder::append@2
                      ; - java.net.URLStreamHandler::toExternalForm@149
                      ; - java.net.URL::toExternalForm@5
                      ; - java.net.URL::toString@1
                      ; - java.lang.ClassLoader::defineClassSourceLocation@22
                      ; - java.lang.ClassLoader::defineClass@12
                      ; - java.security.SecureClassLoader::defineClass@12
  0x0000027e07d23044: b84a 86ff 

  0x0000027e07d23048: ;   {other}
  0x0000027e07d23048: 0f1f 8400 | 3835 0041 | bacc ffff | ff4c 8b54 | 2428 4c89 | 5424 204c | 8b54 2430 | 4c89 5424 
  0x0000027e07d23068: 284c 8b54 | 2438 4c89 | 5424 3044 | 8b54 2440 | 4489 5424 | 3844 8b5c | 2444 4489 | 5c24 3c4c 
  0x0000027e07d23088: 8974 2440 | 895c 2448 | 4889 7c24 | 5889 7424 | 4c44 894c | 2460 894c | 2464 4489 | 4424 6890 
  0x0000027e07d230a8: ;   {runtime_call UncommonTrapBlob}
  0x0000027e07d230a8: c5f8 77e8 

  0x0000027e07d230ac: ; ImmutableOopMap {[32]=Oop [40]=Oop [48]=Oop [64]=Oop [72]=NarrowOop [88]=Oop [96]=NarrowOop [100]=NarrowOop }
                      ;*invokestatic arraycopy {reexecute=0 rethrow=0 return_oop=0}
                      ; - java.lang.String::getBytes@22
                      ; - java.lang.AbstractStringBuilder::putStringAt@15
                      ; - java.lang.AbstractStringBuilder::append@30
                      ; - java.lang.StringBuilder::append@2
                      ; - java.net.URLStreamHandler::toExternalForm@11
                      ; - java.net.URL::toExternalForm@5
                      ; - java.net.URL::toString@1
                      ; - java.lang.ClassLoader::defineClassSourceLocation@22
                      ; - java.lang.ClassLoader::defineClass@12
                      ; - java.security.SecureClassLoader::defineClass@12
  0x0000027e07d230ac: 504a 86ff 

  0x0000027e07d230b0: ;   {other}
  0x0000027e07d230b0: 0f1f 8400 | a035 0042 | ba6e ffff | ff41 8bea | 897c 2424 | 4889 5c24 | 5044 8974 | 2460 6690 
  0x0000027e07d230d0: ;   {runtime_call UncommonTrapBlob}
  0x0000027e07d230d0: c5f8 77e8 

  0x0000027e07d230d4: ; ImmutableOopMap {rbp=NarrowOop [40]=Oop [48]=Oop [56]=Oop [80]=Oop [96]=NarrowOop [144]=Oop }
                      ;*iflt {reexecute=1 rethrow=0 return_oop=0}
                      ; - (reexecute) java.lang.StringLatin1::lastIndexOf@19
                      ; - java.lang.String::lastIndexOf@13
                      ; - java.lang.String::lastIndexOf@8
                      ; - java.lang.ClassLoader::checkCerts@3
                      ; - java.lang.ClassLoader::preDefineClass@113
                      ; - java.lang.ClassLoader::defineClass@4
                      ; - java.security.SecureClassLoader::defineClass@12
  0x0000027e07d230d4: 284a 86ff 

  0x0000027e07d230d8: ;   {other}
  0x0000027e07d230d8: 0f1f 8400 | c835 0043 | bace ffff | ff41 8bea | 895c 2460 

  0x0000027e07d230ec: ;   {runtime_call UncommonTrapBlob}
  0x0000027e07d230ec: c5f8 77e8 

  0x0000027e07d230f0: ; ImmutableOopMap {rbp=NarrowOop [40]=Oop [48]=Oop [56]=Oop [144]=Oop }
                      ;*invokestatic indexOfChar {reexecute=0 rethrow=0 return_oop=0}
                      ; - java.lang.StringLatin1::indexOf@33
                      ; - java.lang.String::indexOf@17
                      ; - java.lang.String::indexOf@3
                      ; - java.lang.ClassLoader::checkName@16
                      ; - java.lang.ClassLoader::preDefineClass@1
                      ; - java.lang.ClassLoader::defineClass@4
                      ; - java.security.SecureClassLoader::defineClass@12
  0x0000027e07d230f0: 0c4a 86ff 

  0x0000027e07d230f4: ;   {other}
  0x0000027e07d230f4: 0f1f 8400 | e435 0044 | 4963 c9e9 | e4db ffff | 4883 c1fe | 498b fa48 | 33c0 4883 | f908 7f10 
  0x0000027e07d23114: 48ff c978 | 5648 8904 | cf48 ffc9 | 7df7 eb4b | c5fd efc0 | e90d 0000 | 00c5 fe7f | 07c5 fe7f 
  0x0000027e07d23134: 4720 4883 | c740 4883 | e908 7ded | 4883 c104 | 7c0c c5fe | 7f07 4883 | c720 4883 | e904 4883 
  0x0000027e07d23154: c104 7e17 | 48c7 c0ff | ffff ffc4 | e2f0 f5c0 | c4e1 fb92 | f862 f1fe | 2f7f 07e9 | 3bdc ffff 
  0x0000027e07d23174: bacc ffff | ff48 8b6c | 2428 4c8b | 5424 304c | 8954 2420 | 4c8b 5424 | 384c 8954 | 2428 448b 
  0x0000027e07d23194: 5424 4044 | 8954 2430 | 448b 5c24 | 4444 895c | 2434 4c8b | 5424 484c | 8954 2438 | 4889 7424 
  0x0000027e07d231b4: 4844 8944 | 2450 4489 | 4c24 5890 

  0x0000027e07d231c0: ;   {runtime_call UncommonTrapBlob}
  0x0000027e07d231c0: c5f8 77e8 

  0x0000027e07d231c4: ; ImmutableOopMap {rbp=Oop [32]=Oop [40]=Oop [56]=Oop [72]=Oop [80]=NarrowOop }
                      ;*newarray {reexecute=1 rethrow=0 return_oop=0}
                      ; - (reexecute) java.util.Arrays::copyOfRangeByte@10
                      ; - java.util.Arrays::copyOfRange@13
                      ; - java.lang.String::<init>@32
                      ; - java.lang.String::<init>@3
                      ; - java.lang.StringBuilder::toString@5
                      ; - java.net.URLStreamHandler::toExternalForm@152
                      ; - java.net.URL::toExternalForm@5
                      ; - java.net.URL::toString@1
                      ; - java.lang.ClassLoader::defineClassSourceLocation@22
                      ; - java.lang.ClassLoader::defineClass@12
                      ; - java.security.SecureClassLoader::defineClass@12
  0x0000027e07d231c4: 3849 86ff 

  0x0000027e07d231c8: ;   {other}
  0x0000027e07d231c8: 0f1f 8400 | b836 0045 | bade ffff | ff66 6690 

  0x0000027e07d231d8: ;   {runtime_call UncommonTrapBlob}
  0x0000027e07d231d8: c5f8 77e8 

  0x0000027e07d231dc: ; ImmutableOopMap {rbp=NarrowOop }
                      ;*checkcast {reexecute=0 rethrow=0 return_oop=0}
                      ; - java.lang.ClassLoader::getNamedPackage@8
                      ; - java.lang.ClassLoader::postDefineClass@9
                      ; - java.lang.ClassLoader::defineClass@37
                      ; - java.security.SecureClassLoader::defineClass@12
  0x0000027e07d231dc: 2049 86ff 

  0x0000027e07d231e0: ;   {other}
  0x0000027e07d231e0: 0f1f 8400 | d036 0046 | ba76 ffff | ff41 8be8 | 4489 5424 | 244c 8974 | 2438 4c8b | 5424 484c 
  0x0000027e07d23200: 8954 2440 | 4c89 7424 | 5048 8944 | 2458 6690 

  0x0000027e07d23210: ;   {runtime_call UncommonTrapBlob}
  0x0000027e07d23210: c5f8 77e8 

  0x0000027e07d23214: ; ImmutableOopMap {rbp=NarrowOop [40]=Oop [56]=Oop [64]=Oop [80]=Oop [88]=Oop }
                      ;*iflt {reexecute=1 rethrow=0 return_oop=0}
                      ; - (reexecute) java.lang.StringLatin1::lastIndexOf@19
                      ; - java.lang.String::lastIndexOf@13
                      ; - java.lang.String::lastIndexOf@8
                      ; - java.lang.Class::getPackageName@47
                      ; - java.lang.ClassLoader::postDefineClass@2
                      ; - java.lang.ClassLoader::defineClass@37
                      ; - java.security.SecureClassLoader::defineClass@12
  0x0000027e07d23214: e848 86ff 

  0x0000027e07d23218: ;   {other}
  0x0000027e07d23218: 0f1f 8400 | 0837 0047 | ba45 ffff | ff48 8944 | 2430 4889 | 4424 4090 

  0x0000027e07d23230: ;   {runtime_call UncommonTrapBlob}
  0x0000027e07d23230: c5f8 77e8 

  0x0000027e07d23234: ; ImmutableOopMap {[40]=Oop [48]=Oop [64]=Oop [72]=Oop }
                      ;*ifeq {reexecute=1 rethrow=0 return_oop=0}
                      ; - (reexecute) java.lang.Class::getPackageName@13
                      ; - java.lang.ClassLoader::postDefineClass@2
                      ; - java.lang.ClassLoader::defineClass@37
                      ; - java.security.SecureClassLoader::defineClass@12
  0x0000027e07d23234: c848 86ff 

  0x0000027e07d23238: ;   {other}
  0x0000027e07d23238: 0f1f 8400 | 2837 0048 | ba6e ffff | ff41 8be8 | 4489 5424 | 244c 8974 | 2438 4c8b | 5424 484c 
  0x0000027e07d23258: 8954 2440 | 4c89 7424 | 5048 8944 | 2458 6690 

  0x0000027e07d23268: ;   {runtime_call UncommonTrapBlob}
  0x0000027e07d23268: c5f8 77e8 

  0x0000027e07d2326c: ; ImmutableOopMap {rbp=NarrowOop [40]=Oop [56]=Oop [64]=Oop [80]=Oop [88]=Oop }
                      ;*iflt {reexecute=1 rethrow=0 return_oop=0}
                      ; - (reexecute) java.lang.StringLatin1::lastIndexOf@19
                      ; - java.lang.String::lastIndexOf@13
                      ; - java.lang.String::lastIndexOf@8
                      ; - java.lang.Class::getPackageName@47
                      ; - java.lang.ClassLoader::postDefineClass@2
                      ; - java.lang.ClassLoader::defineClass@37
                      ; - java.security.SecureClassLoader::defineClass@12
  0x0000027e07d2326c: 9048 86ff 

  0x0000027e07d23270: ;   {other}
  0x0000027e07d23270: 0f1f 8400 | 6037 0049 | 4c63 c9e9 | a9d3 ffff | 4983 c1fe | 498b c949 | 8bfa 4833 | c048 83f9 
  0x0000027e07d23290: 087f 1048 | ffc9 7856 | 4889 04cf | 48ff c97d | f7eb 4bc5 | fdef c0e9 | 0d00 0000 | c5fe 7f07 
  0x0000027e07d232b0: c5fe 7f47 | 2048 83c7 | 4048 83e9 | 087d ed48 | 83c1 047c | 0cc5 fe7f | 0748 83c7 | 2048 83e9 
  0x0000027e07d232d0: 0448 83c1 | 047e 1748 | c7c0 ffff | ffff c4e2 | f0f5 c0c4 | e1fb 92f8 | 62f1 fe2f | 7f07 e904 
  0x0000027e07d232f0: d4ff ffba | ccff ffff | 418b ea89 | 4c24 2448 | 895c 2450 | 4489 7424 | 604c 896c | 2470 6690 
  0x0000027e07d23310: ;   {runtime_call UncommonTrapBlob}
  0x0000027e07d23310: c5f8 77e8 

  0x0000027e07d23314: ; ImmutableOopMap {rbp=NarrowOop [40]=Oop [48]=Oop [56]=Oop [80]=Oop [96]=NarrowOop [112]=Oop [144]=Oop }
                      ;*newarray {reexecute=1 rethrow=0 return_oop=0}
                      ; - (reexecute) java.util.Arrays::copyOfRangeByte@10
                      ; - java.util.Arrays::copyOfRange@13
                      ; - java.lang.StringLatin1::newString@16
                      ; - java.lang.String::substring@41
                      ; - java.lang.ClassLoader::checkCerts@21
                      ; - java.lang.ClassLoader::preDefineClass@113
                      ; - java.lang.ClassLoader::defineClass@4
                      ; - java.security.SecureClassLoader::defineClass@12
  0x0000027e07d23314: e847 86ff 

  0x0000027e07d23318: ;   {other}
  0x0000027e07d23318: 0f1f 8400 | 0838 004a | 8bcf e99c | d1ff ff45 | 33d2 4585 | c941 0f94 | c2ba 45ff | ffff 488b 
  0x0000027e07d23338: 6c24 284c | 8944 2420 | 4489 5424 | 6066 6690 

  0x0000027e07d23348: ;   {runtime_call UncommonTrapBlob}
  0x0000027e07d23348: c5f8 77e8 

  0x0000027e07d2334c: ; ImmutableOopMap {rbp=Oop [32]=Oop [56]=Oop [144]=Oop }
                      ;*ifeq {reexecute=1 rethrow=0 return_oop=0}
                      ; - (reexecute) java.lang.String::indexOf@4
                      ; - java.lang.String::indexOf@3
                      ; - java.lang.ClassLoader::checkName@16
                      ; - java.lang.ClassLoader::preDefineClass@1
                      ; - java.lang.ClassLoader::defineClass@4
                      ; - java.security.SecureClassLoader::defineClass@12
  0x0000027e07d2334c: b047 86ff 

  0x0000027e07d23350: ;   {other}
  0x0000027e07d23350: 0f1f 8400 | 4038 004b | ba45 ffff | ff48 8b6c | 2428 4c8b | 4424 304c | 8944 2428 | 4c8b 4424 
  0x0000027e07d23370: 384c 8944 | 2430 448b | 4424 4044 | 8944 2420 | 448b 4424 | 4444 8944 | 2438 4c8b | 4424 484c 
  0x0000027e07d23390: 8944 2440 | 4889 5c24 | 5044 8b44 | 2468 4489 | 4424 3c44 | 8954 2458 | 8974 245c | 894c 2460 
  0x0000027e07d233b0: 4489 5c24 | 6444 894c | 2468 6690 

  0x0000027e07d233bc: ;   {runtime_call UncommonTrapBlob}
  0x0000027e07d233bc: c5f8 77e8 

  0x0000027e07d233c0: ; ImmutableOopMap {rbp=Oop [36]=NarrowOop [40]=Oop [48]=Oop [64]=Oop [80]=Oop [88]=NarrowOop [92]=NarrowOop }
                      ;*if_icmpne {reexecute=1 rethrow=0 return_oop=0}
                      ; - (reexecute) java.lang.String::getBytes@5
                      ; - java.lang.AbstractStringBuilder::putStringAt@15
                      ; - java.lang.AbstractStringBuilder::append@30
                      ; - java.lang.StringBuilder::append@2
                      ; - java.net.URLStreamHandler::toExternalForm@77
                      ; - java.net.URL::toExternalForm@5
                      ; - java.net.URL::toString@1
                      ; - java.lang.ClassLoader::defineClassSourceLocation@22
                      ; - java.lang.ClassLoader::defineClass@12
                      ; - java.security.SecureClassLoader::defineClass@12
  0x0000027e07d233c0: 3c47 86ff 

  0x0000027e07d233c4: ;   {other}
  0x0000027e07d233c4: 0f1f 8400 | b438 004c | 4585 db8b | 4c24 200f | 94c1 ba45 | ffff ff48 | 8b6c 2428 | 4c8b 5424 
  0x0000027e07d233e4: 304c 8954 | 2420 4c8b | 5424 384c | 8954 2428 | 448b 5424 | 4044 8954 | 2430 448b | 5424 4444 
  0x0000027e07d23404: 8954 2434 | 4c8b 5424 | 484c 8954 | 2438 4889 | 7424 4848 | 895c 2450 | 4489 4424 | 5844 894c 
  0x0000027e07d23424: 245c 894c | 2460 6690 

  0x0000027e07d2342c: ;   {runtime_call UncommonTrapBlob}
  0x0000027e07d2342c: c5f8 77e8 

  0x0000027e07d23430: ; ImmutableOopMap {rbp=Oop [32]=Oop [40]=Oop [56]=Oop [72]=Oop [80]=Oop [88]=NarrowOop }
                      ;*ifeq {reexecute=1 rethrow=0 return_oop=0}
                      ; - (reexecute) java.lang.String::<init>@19
                      ; - java.lang.String::<init>@3
                      ; - java.lang.StringBuilder::toString@5
                      ; - java.net.URLStreamHandler::toExternalForm@152
                      ; - java.net.URL::toExternalForm@5
                      ; - java.net.URL::toString@1
                      ; - java.lang.ClassLoader::defineClassSourceLocation@22
                      ; - java.lang.ClassLoader::defineClass@12
                      ; - java.security.SecureClassLoader::defineClass@12
  0x0000027e07d23430: cc46 86ff 

  0x0000027e07d23434: ;   {other}
  0x0000027e07d23434: 0f1f 8400 | 2439 004d | 498b d7c5 | f877 49ba | 20a4 2525 | f87f 0000 

  0x0000027e07d2344c: ;   {other}
  0x0000027e07d2344c: 41ff d20f | 1f84 0000 | 0000 00e9 | 5ed9 ffff | ba45 ffff | ff48 8b44 | 2428 4889 | 4424 2048 
  0x0000027e07d2346c: 8b44 2430 | 4889 4424 | 2848 8b44 | 2438 4889 | 4424 308b | 6c24 408b | 4424 4489 | 4424 384c 
  0x0000027e07d2348c: 8974 2440 | 895c 243c | 4889 7c24 | 5089 7424 | 5844 894c | 245c 894c | 2460 4489 | 5c24 6444 
  0x0000027e07d234ac: 8944 2468 | 4489 5424 | 6c66 6690 

  0x0000027e07d234b8: ;   {runtime_call UncommonTrapBlob}
  0x0000027e07d234b8: c5f8 77e8 

  0x0000027e07d234bc: ; ImmutableOopMap {[32]=Oop [40]=Oop [48]=Oop [60]=NarrowOop [64]=Oop [80]=Oop [92]=NarrowOop [96]=NarrowOop }
                      ;*if_icmpne {reexecute=1 rethrow=0 return_oop=0}
                      ; - (reexecute) java.lang.String::getBytes@5
                      ; - java.lang.AbstractStringBuilder::putStringAt@15
                      ; - java.lang.AbstractStringBuilder::append@30
                      ; - java.lang.StringBuilder::append@2
                      ; - java.net.URLStreamHandler::toExternalForm@11
                      ; - java.net.URL::toExternalForm@5
                      ; - java.net.URL::toString@1
                      ; - java.lang.ClassLoader::defineClassSourceLocation@22
                      ; - java.lang.ClassLoader::defineClass@12
                      ; - java.security.SecureClassLoader::defineClass@12
  0x0000027e07d234bc: 4046 86ff 

  0x0000027e07d234c0: ;   {other}
  0x0000027e07d234c0: 0f1f 8400 | b039 004e | ba45 ffff | ff89 4c24 | 2089 4c24 | 2448 895c | 2450 4489 | 7424 6044 
  0x0000027e07d234e0: 894c 2470 

  0x0000027e07d234e4: ;   {runtime_call UncommonTrapBlob}
  0x0000027e07d234e4: c5f8 77e8 

  0x0000027e07d234e8: ; ImmutableOopMap {[40]=Oop [48]=Oop [56]=Oop [80]=Oop [96]=NarrowOop [144]=Oop }
                      ;*if_icmpgt {reexecute=1 rethrow=0 return_oop=0}
                      ; - (reexecute) jdk.internal.util.Preconditions::checkFromToIndex@6
                      ; - java.lang.String::checkBoundsBeginEnd@6
                      ; - java.lang.String::substring@8
                      ; - java.lang.ClassLoader::checkCerts@21
                      ; - java.lang.ClassLoader::preDefineClass@113
                      ; - java.lang.ClassLoader::defineClass@4
                      ; - java.security.SecureClassLoader::defineClass@12
  0x0000027e07d234e8: 1446 86ff 

  0x0000027e07d234ec: ;   {other}
  0x0000027e07d234ec: 0f1f 8400 | dc39 004f | ba45 ffff | ff48 8b6c | 2428 895c | 2450 6690 

  0x0000027e07d23504: ;   {runtime_call UncommonTrapBlob}
  0x0000027e07d23504: c5f8 77e8 

  0x0000027e07d23508: ; ImmutableOopMap {rbp=Oop [48]=Oop [56]=Oop [144]=Oop }
                      ;*if_icmpne {reexecute=1 rethrow=0 return_oop=0}
                      ; - (reexecute) java.lang.ClassLoader::checkName@20
                      ; - java.lang.ClassLoader::preDefineClass@1
                      ; - java.lang.ClassLoader::defineClass@4
                      ; - java.security.SecureClassLoader::defineClass@12
  0x0000027e07d23508: f445 86ff 

  0x0000027e07d2350c: ;   {other}
  0x0000027e07d2350c: 0f1f 8400 | fc39 0050 | ba45 ffff | ff4c 8974 | 2430 4c8b | 5424 484c | 8954 2438 | 4c89 4c24 
  0x0000027e07d2352c: 4044 8944 | 2448 4489 | 5c24 4c90 

  0x0000027e07d23538: ;   {runtime_call UncommonTrapBlob}
  0x0000027e07d23538: c5f8 77e8 

  0x0000027e07d2353c: ; ImmutableOopMap {[40]=Oop [48]=Oop [56]=Oop [64]=Oop [72]=NarrowOop }
                      ;*ifle {reexecute=1 rethrow=0 return_oop=0}
                      ; - (reexecute) java.util.concurrent.ConcurrentHashMap::get@23
                      ; - java.lang.ClassLoader::getNamedPackage@5
                      ; - java.lang.ClassLoader::postDefineClass@9
                      ; - java.lang.ClassLoader::defineClass@37
                      ; - java.security.SecureClassLoader::defineClass@12
  0x0000027e07d2353c: c045 86ff 

  0x0000027e07d23540: ;   {other}
  0x0000027e07d23540: 0f1f 8400 | 303a 0051 | ba45 ffff | ff4c 8b54 | 2428 4c89 | 5424 204c | 8944 2428 | 4c89 4c24 
  0x0000027e07d23560: 3089 7c24 | 3889 7424 | 3c66 6690 

  0x0000027e07d2356c: ;   {runtime_call UncommonTrapBlob}
  0x0000027e07d2356c: c5f8 77e8 

  0x0000027e07d23570: ; ImmutableOopMap {rbp=Oop [32]=Oop [40]=Oop [48]=Oop }
                      ;*ifnonnull {reexecute=1 rethrow=0 return_oop=0}
                      ; - (reexecute) java.security.SecureClassLoader::getProtectionDomain@1
                      ; - java.security.SecureClassLoader::defineClass@9
  0x0000027e07d23570: 8c45 86ff 

  0x0000027e07d23574: ;   {other}
  0x0000027e07d23574: 0f1f 8400 | 643a 0052 | ba45 ffff | ff66 6690 

  0x0000027e07d23584: ;   {runtime_call UncommonTrapBlob}
  0x0000027e07d23584: c5f8 77e8 

  0x0000027e07d23588: ; ImmutableOopMap {[40]=Oop [48]=Oop [56]=Oop [144]=Oop }
                      ;*if_icmpne {reexecute=1 rethrow=0 return_oop=0}
                      ; - (reexecute) java.lang.ClassLoader::checkName@30
                      ; - java.lang.ClassLoader::preDefineClass@1
                      ; - java.lang.ClassLoader::defineClass@4
                      ; - java.security.SecureClassLoader::defineClass@12
  0x0000027e07d23588: 7445 86ff 

  0x0000027e07d2358c: ;   {other}
  0x0000027e07d2358c: 0f1f 8400 | 7c3a 0053 | ba45 ffff | ff4c 8b54 | 2428 4c89 | 5424 2048 | 895c 2450 | 4c89 6c24 
  0x0000027e07d235ac: 5844 8974 | 2460 6690 

  0x0000027e07d235b4: ;   {runtime_call UncommonTrapBlob}
  0x0000027e07d235b4: c5f8 77e8 

  0x0000027e07d235b8: ; ImmutableOopMap {rbp=NarrowOop [32]=Oop [48]=Oop [56]=Oop [80]=Oop [88]=Oop [96]=NarrowOop [144]=Oop }
                      ;*ifnull {reexecute=1 rethrow=0 return_oop=0}
                      ; - (reexecute) java.security.CodeSource::getCertificates@4
                      ; - java.lang.ClassLoader::checkCerts@34
                      ; - java.lang.ClassLoader::preDefineClass@113
                      ; - java.lang.ClassLoader::defineClass@4
                      ; - java.security.SecureClassLoader::defineClass@12
  0x0000027e07d235b8: 4445 86ff 

  0x0000027e07d235bc: ;   {other}
  0x0000027e07d235bc: 0f1f 8400 | ac3a 0054 | ba45 ffff | ff4c 8b54 | 2428 4c89 | 5424 2048 | 895c 2450 | 4c89 6c24 
  0x0000027e07d235dc: 5844 8974 | 2460 6690 

  0x0000027e07d235e4: ;   {runtime_call UncommonTrapBlob}
  0x0000027e07d235e4: c5f8 77e8 

  0x0000027e07d235e8: ; ImmutableOopMap {rbp=NarrowOop [32]=Oop [48]=Oop [56]=Oop [80]=Oop [88]=Oop [96]=NarrowOop [144]=Oop }
                      ;*ifnull {reexecute=1 rethrow=0 return_oop=0}
                      ; - (reexecute) java.security.CodeSource::getCertificates@22
                      ; - java.lang.ClassLoader::checkCerts@34
                      ; - java.lang.ClassLoader::preDefineClass@113
                      ; - java.lang.ClassLoader::defineClass@4
                      ; - java.security.SecureClassLoader::defineClass@12
  0x0000027e07d235e8: 1445 86ff 

  0x0000027e07d235ec: ;   {other}
  0x0000027e07d235ec: 0f1f 8400 | dc3a 0055 | ba45 ffff | ff48 8b6c | 2428 4c8b | 5424 304c | 8954 2420 | 4c8b 5424 
  0x0000027e07d2360c: 384c 8954 | 2428 448b | 5c24 4044 | 895c 2430 | 895c 2440 

  0x0000027e07d23620: ;   {runtime_call UncommonTrapBlob}
  0x0000027e07d23620: c5f8 77e8 

  0x0000027e07d23624: ; ImmutableOopMap {rbp=Oop [32]=Oop [40]=Oop [64]=NarrowOop [144]=Oop }
                      ;*ifnull {reexecute=1 rethrow=0 return_oop=0}
                      ; - (reexecute) java.lang.ClassLoader::defineClassSourceLocation@15
                      ; - java.lang.ClassLoader::defineClass@12
                      ; - java.security.SecureClassLoader::defineClass@12
  0x0000027e07d23624: d844 86ff 

  0x0000027e07d23628: ;   {other}
  0x0000027e07d23628: 0f1f 8400 | 183b 0056 | ba45 ffff | ff4c 8b5c | 2428 4c89 | 5c24 204c | 8b5c 2430 | 4c89 5c24 
  0x0000027e07d23648: 284c 8b5c | 2438 4c89 | 5c24 3044 | 8b5c 2440 | 4489 5c24 | 3844 8b44 | 2444 4489 | 4424 3c4c 
  0x0000027e07d23668: 8974 2440 | 895c 2448 | 4889 7c24 | 5848 897c | 2460 4489 | 5424 4c90 

  0x0000027e07d23680: ;   {runtime_call UncommonTrapBlob}
  0x0000027e07d23680: c5f8 77e8 

  0x0000027e07d23684: ; ImmutableOopMap {[32]=Oop [40]=Oop [48]=Oop [64]=Oop [72]=NarrowOop [88]=Oop [96]=Oop }
                      ;*if_icmpeq {reexecute=1 rethrow=0 return_oop=0}
                      ; - (reexecute) java.lang.AbstractStringBuilder::inflateIfNeededFor@14
                      ; - java.lang.AbstractStringBuilder::putStringAt@2
                      ; - java.lang.AbstractStringBuilder::append@30
                      ; - java.lang.StringBuilder::append@2
                      ; - java.net.URLStreamHandler::toExternalForm@59
                      ; - java.net.URL::toExternalForm@5
                      ; - java.net.URL::toString@1
                      ; - java.lang.ClassLoader::defineClassSourceLocation@22
                      ; - java.lang.ClassLoader::defineClass@12
                      ; - java.security.SecureClassLoader::defineClass@12
  0x0000027e07d23684: 7844 86ff 

  0x0000027e07d23688: ;   {other}
  0x0000027e07d23688: 0f1f 8400 | 783b 0057 | ba45 ffff | ff48 8b6c | 2428 4c8b | 4424 304c | 8944 2428 | 4c8b 4424 
  0x0000027e07d236a8: 384c 8944 | 2430 8b7c | 2440 897c | 2420 448b | 4424 4444 | 8944 2438 | 4c8b 4424 | 484c 8944 
  0x0000027e07d236c8: 2440 4889 | 5c24 5044 | 8b44 2468 | 4489 4424 | 3c48 895c | 2458 894c | 2460 4489 | 5424 6444 
  0x0000027e07d236e8: 894c 2470 | 4489 5c24 | 7466 6690 

  0x0000027e07d236f4: ;   {runtime_call UncommonTrapBlob}
  0x0000027e07d236f4: c5f8 77e8 

  0x0000027e07d236f8: ; ImmutableOopMap {rbp=Oop [36]=NarrowOop [40]=Oop [48]=Oop [64]=Oop [80]=Oop [88]=Oop [100]=NarrowOop }
                      ;*if_icmpeq {reexecute=1 rethrow=0 return_oop=0}
                      ; - (reexecute) java.lang.AbstractStringBuilder::inflateIfNeededFor@14
                      ; - java.lang.AbstractStringBuilder::putStringAt@2
                      ; - java.lang.AbstractStringBuilder::append@30
                      ; - java.lang.StringBuilder::append@2
                      ; - java.net.URLStreamHandler::toExternalForm@77
                      ; - java.net.URL::toExternalForm@5
                      ; - java.net.URL::toString@1
                      ; - java.lang.ClassLoader::defineClassSourceLocation@22
                      ; - java.lang.ClassLoader::defineClass@12
                      ; - java.security.SecureClassLoader::defineClass@12
  0x0000027e07d236f8: 0444 86ff 

  0x0000027e07d236fc: ;   {other}
  0x0000027e07d236fc: 0f1f 8400 | ec3b 0058 | ba45 ffff | ff4c 8b54 | 2428 4c89 | 5424 204c | 8b54 2430 | 4c89 5424 
  0x0000027e07d2371c: 284c 8b54 | 2438 4c89 | 5424 3044 | 8b54 2440 | 4489 5424 | 3844 8b5c | 2444 4489 | 5c24 3c4c 
  0x0000027e07d2373c: 8b54 2448 | 4c89 5424 | 4089 7c24 | 4848 895c | 2450 6690 

  0x0000027e07d23750: ;   {runtime_call UncommonTrapBlob}
  0x0000027e07d23750: c5f8 77e8 

  0x0000027e07d23754: ; ImmutableOopMap {rbp=NarrowOop [32]=Oop [40]=Oop [48]=Oop [64]=Oop [72]=NarrowOop [80]=Oop }
                      ;*ifnull {reexecute=1 rethrow=0 return_oop=0}
                      ; - (reexecute) java.net.URLStreamHandler::toExternalForm@86
                      ; - java.net.URL::toExternalForm@5
                      ; - java.net.URL::toString@1
                      ; - java.lang.ClassLoader::defineClassSourceLocation@22
                      ; - java.lang.ClassLoader::defineClass@12
                      ; - java.security.SecureClassLoader::defineClass@12
  0x0000027e07d23754: a843 86ff 

  0x0000027e07d23758: ;   {other}
  0x0000027e07d23758: 0f1f 8400 | 483c 0059 | ba45 ffff | ff48 8b6c | 2428 4c8b | 5c24 304c | 895c 2420 | 4c8b 5c24 
  0x0000027e07d23778: 384c 895c | 2428 448b | 4c24 4044 | 894c 2430 | 448b 4c24 | 4444 894c | 2434 4c8b | 5c24 484c 
  0x0000027e07d23798: 895c 2438 | 897c 2440 | 4889 5c24 | 5048 895c | 2458 4489 | 5424 4444 | 8944 2468 

  0x0000027e07d237b4: ;   {runtime_call UncommonTrapBlob}
  0x0000027e07d237b4: c5f8 77e8 

  0x0000027e07d237b8: ; ImmutableOopMap {rbp=Oop [32]=Oop [40]=Oop [56]=Oop [64]=NarrowOop [80]=Oop [88]=Oop }
                      ;*if_icmpeq {reexecute=1 rethrow=0 return_oop=0}
                      ; - (reexecute) java.lang.AbstractStringBuilder::inflateIfNeededFor@14
                      ; - java.lang.AbstractStringBuilder::putStringAt@2
                      ; - java.lang.AbstractStringBuilder::append@30
                      ; - java.lang.StringBuilder::append@2
                      ; - java.net.URLStreamHandler::toExternalForm@113
                      ; - java.net.URL::toExternalForm@5
                      ; - java.net.URL::toString@1
                      ; - java.lang.ClassLoader::defineClassSourceLocation@22
                      ; - java.lang.ClassLoader::defineClass@12
                      ; - java.security.SecureClassLoader::defineClass@12
  0x0000027e07d237b8: 4443 86ff 

  0x0000027e07d237bc: ;   {other}
  0x0000027e07d237bc: 0f1f 8400 | ac3c 005a | ba45 ffff | ff4c 8b54 | 2428 4c89 | 5424 204c | 8b54 2430 | 4c89 5424 
  0x0000027e07d237dc: 284c 8b54 | 2438 4c89 | 5424 3044 | 8b5c 2440 | 4489 5c24 | 3844 8b54 | 2444 4489 | 5424 3c4c 
  0x0000027e07d237fc: 8b54 2448 | 4c89 5424 | 4048 895c | 2448 6690 

  0x0000027e07d2380c: ;   {runtime_call UncommonTrapBlob}
  0x0000027e07d2380c: c5f8 77e8 

  0x0000027e07d23810: ; ImmutableOopMap {rbp=NarrowOop [32]=Oop [40]=Oop [48]=Oop [64]=Oop [72]=Oop }
                      ;*ifnull {reexecute=1 rethrow=0 return_oop=0}
                      ; - (reexecute) java.net.URLStreamHandler::toExternalForm@122
                      ; - java.net.URL::toExternalForm@5
                      ; - java.net.URL::toString@1
                      ; - java.lang.ClassLoader::defineClassSourceLocation@22
                      ; - java.lang.ClassLoader::defineClass@12
                      ; - java.security.SecureClassLoader::defineClass@12
  0x0000027e07d23810: ec42 86ff 

  0x0000027e07d23814: ;   {other}
  0x0000027e07d23814: 0f1f 8400 | 043d 005b | ba45 ffff | ff4c 8b54 | 2428 4c89 | 5424 204c | 8b54 2430 | 4c89 5424 
  0x0000027e07d23834: 284c 8b54 | 2438 4c89 | 5424 3044 | 8b54 2440 | 4489 5424 | 3844 8b5c | 2444 4489 | 5c24 3c4c 
  0x0000027e07d23854: 8b54 2448 | 4c89 5424 | 4048 895c | 2450 4889 | 5c24 5844 | 8944 2460 

  0x0000027e07d2386c: ;   {runtime_call UncommonTrapBlob}
  0x0000027e07d2386c: c5f8 77e8 

  0x0000027e07d23870: ; ImmutableOopMap {[32]=Oop [40]=Oop [48]=Oop [64]=Oop [80]=Oop [88]=Oop }
                      ;*if_icmpeq {reexecute=1 rethrow=0 return_oop=0}
                      ; - (reexecute) java.lang.AbstractStringBuilder::inflateIfNeededFor@14
                      ; - java.lang.AbstractStringBuilder::putStringAt@2
                      ; - java.lang.AbstractStringBuilder::append@30
                      ; - java.lang.StringBuilder::append@2
                      ; - java.net.URLStreamHandler::toExternalForm@149
                      ; - java.net.URL::toExternalForm@5
                      ; - java.net.URL::toString@1
                      ; - java.lang.ClassLoader::defineClassSourceLocation@22
                      ; - java.lang.ClassLoader::defineClass@12
                      ; - java.security.SecureClassLoader::defineClass@12
  0x0000027e07d23870: 8c42 86ff 

  0x0000027e07d23874: ;   {other}
  0x0000027e07d23874: 0f1f 8400 | 643d 005c | ba45 ffff | ff48 8b6c | 2428 488b | 4c24 3048 | 894c 2420 | 488b 4c24 
  0x0000027e07d23894: 3848 894c | 2428 8b44 | 2440 8944 | 2430 8b4c | 2444 894c | 2434 4c89 | 7424 3889 | 5c24 4048 
  0x0000027e07d238b4: 897c 2450 | 8974 2444 | 4889 7c24 | 5844 895c | 2460 4489 | 4c24 6444 | 8954 2470 | 4489 4424 
  0x0000027e07d238d4: 7466 6690 

  0x0000027e07d238d8: ;   {runtime_call UncommonTrapBlob}
  0x0000027e07d238d8: c5f8 77e8 

  0x0000027e07d238dc: ; ImmutableOopMap {rbp=Oop [32]=Oop [40]=Oop [56]=Oop [64]=NarrowOop [80]=Oop [88]=Oop [100]=NarrowOop }
                      ;*if_icmpeq {reexecute=1 rethrow=0 return_oop=0}
                      ; - (reexecute) java.lang.AbstractStringBuilder::inflateIfNeededFor@14
                      ; - java.lang.AbstractStringBuilder::putStringAt@2
                      ; - java.lang.AbstractStringBuilder::append@30
                      ; - java.lang.StringBuilder::append@2
                      ; - java.net.URLStreamHandler::toExternalForm@11
                      ; - java.net.URL::toExternalForm@5
                      ; - java.net.URL::toString@1
                      ; - java.lang.ClassLoader::defineClassSourceLocation@22
                      ; - java.lang.ClassLoader::defineClass@12
                      ; - java.security.SecureClassLoader::defineClass@12
  0x0000027e07d238dc: 2042 86ff 

  0x0000027e07d238e0: ;   {other}
  0x0000027e07d238e0: 0f1f 8400 | d03d 005d | ba45 ffff | ff89 4c24 | 2089 4c24 | 2448 895c | 2450 4489 | 7424 6044 
  0x0000027e07d23900: 894c 2470 | 4489 4c24 | 7466 6690 

  0x0000027e07d2390c: ;   {runtime_call UncommonTrapBlob}
  0x0000027e07d2390c: c5f8 77e8 

  0x0000027e07d23910: ; ImmutableOopMap {[40]=Oop [48]=Oop [56]=Oop [80]=Oop [96]=NarrowOop [144]=Oop }
                      ;*if_icmple {reexecute=1 rethrow=0 return_oop=0}
                      ; - (reexecute) jdk.internal.util.Preconditions::checkFromToIndex@11
                      ; - java.lang.String::checkBoundsBeginEnd@6
                      ; - java.lang.String::substring@8
                      ; - java.lang.ClassLoader::checkCerts@21
                      ; - java.lang.ClassLoader::preDefineClass@113
                      ; - java.lang.ClassLoader::defineClass@4
                      ; - java.security.SecureClassLoader::defineClass@12
  0x0000027e07d23910: ec41 86ff 

  0x0000027e07d23914: ;   {other}
  0x0000027e07d23914: 0f1f 8400 | 043e 005e | ba45 ffff | ff4c 8b54 | 2428 4c89 | 5424 2090 

  0x0000027e07d2392c: ;   {runtime_call UncommonTrapBlob}
  0x0000027e07d2392c: c5f8 77e8 

  0x0000027e07d23930: ; ImmutableOopMap {[32]=Oop [48]=Oop [56]=Oop [144]=Oop }
                      ;*ifne {reexecute=1 rethrow=0 return_oop=0}
                      ; - (reexecute) java.lang.ClassLoader::compareCerts@7
                      ; - java.lang.ClassLoader::checkCerts@80
                      ; - java.lang.ClassLoader::preDefineClass@113
                      ; - java.lang.ClassLoader::defineClass@4
                      ; - java.security.SecureClassLoader::defineClass@12
  0x0000027e07d23930: cc41 86ff 

  0x0000027e07d23934: ;   {other}
  0x0000027e07d23934: 0f1f 8400 | 243e 005f | 4c89 5c24 | 484c 896c | 2420 488b | eb44 8bee | 498b d7c5 | f877 49ba 
  0x0000027e07d23954: 20a4 2525 | f87f 0000 

  0x0000027e07d2395c: ;   {other}
  0x0000027e07d2395c: 41ff d20f | 1f84 0000 | 0000 0041 | 8bf5 488b | dd4c 8b6c | 2420 4c8b | 5c24 48e9 | 86cd ffff 
  0x0000027e07d2397c: 4963 c3e9 | 72d7 ffff | 4883 c0fe | 488b c849 | 8bf9 4833 | c048 83f9 | 087f 1048 | ffc9 7856 
  0x0000027e07d2399c: 4889 04cf | 48ff c97d | f7eb 4bc5 | fdef c0e9 | 0d00 0000 | c5fe 7f07 | c5fe 7f47 | 2048 83c7 
  0x0000027e07d239bc: 4048 83e9 | 087d ed48 | 83c1 047c | 0cc5 fe7f | 0748 83c7 | 2048 83e9 | 0448 83c1 | 047e 1748 
  0x0000027e07d239dc: c7c0 ffff | ffff c4e2 | f0f5 c0c4 | e1fb 92f8 | 62f1 fe2f | 7f07 e9cb | d7ff ffba | ccff ffff 
  0x0000027e07d239fc: 418b e844 | 895c 2424 | 4c89 7424 | 384c 8b54 | 2448 4c89 | 5424 404c | 8974 2450 | 4889 5c24 
  0x0000027e07d23a1c: 6066 6690 

  0x0000027e07d23a20: ;   {runtime_call UncommonTrapBlob}
  0x0000027e07d23a20: c5f8 77e8 

  0x0000027e07d23a24: ; ImmutableOopMap {rbp=NarrowOop [40]=Oop [56]=Oop [64]=Oop [80]=Oop [96]=Oop }
                      ;*newarray {reexecute=1 rethrow=0 return_oop=0}
                      ; - (reexecute) java.util.Arrays::copyOfRangeByte@10
                      ; - java.util.Arrays::copyOfRange@13
                      ; - java.lang.StringLatin1::newString@16
                      ; - java.lang.String::substring@41
                      ; - java.lang.Class::getPackageName@62
                      ; - java.lang.ClassLoader::postDefineClass@2
                      ; - java.lang.ClassLoader::defineClass@37
                      ; - java.security.SecureClassLoader::defineClass@12
  0x0000027e07d23a24: d840 86ff 

  0x0000027e07d23a28: ;   {other}
  0x0000027e07d23a28: 0f1f 8400 | 183f 0060 | baf6 ffff | ff66 6690 

  0x0000027e07d23a38: ;   {runtime_call UncommonTrapBlob}
  0x0000027e07d23a38: c5f8 77e8 

  0x0000027e07d23a3c: ; ImmutableOopMap {}
                      ;*invokevirtual isNamed {reexecute=0 rethrow=0 return_oop=0}
                      ; - java.lang.NamedPackage::<init>@12
                      ; - java.lang.ClassLoader::getNamedPackage@22
                      ; - java.lang.ClassLoader::postDefineClass@9
                      ; - java.lang.ClassLoader::defineClass@37
                      ; - java.security.SecureClassLoader::defineClass@12
  0x0000027e07d23a3c: c040 86ff 

  0x0000027e07d23a40: ;   {other}
  0x0000027e07d23a40: 0f1f 8400 | 303f 0061 | 458b dae9 | 76d5 ffff | ba45 ffff | ff48 8b6c | 2428 4c8b | 5424 304c 
  0x0000027e07d23a60: 8954 2420 | 4c8b 5424 | 384c 8954 | 2428 448b | 5424 4044 | 8954 2430 | 448b 5c24 | 4444 895c 
  0x0000027e07d23a80: 2434 4c8b | 5424 484c | 8954 2438 | 4889 7424 | 4844 8944 | 2450 4489 | 4c24 5844 | 894c 245c 
  0x0000027e07d23aa0: ;   {runtime_call UncommonTrapBlob}
  0x0000027e07d23aa0: c5f8 77e8 

  0x0000027e07d23aa4: ; ImmutableOopMap {rbp=Oop [32]=Oop [40]=Oop [56]=Oop [72]=Oop [80]=NarrowOop }
                      ;*if_icmpge {reexecute=1 rethrow=0 return_oop=0}
                      ; - (reexecute) java.util.Arrays::checkLength@2
                      ; - java.util.Arrays::copyOfRangeByte@2
                      ; - java.util.Arrays::copyOfRange@13
                      ; - java.lang.String::<init>@32
                      ; - java.lang.String::<init>@3
                      ; - java.lang.StringBuilder::toString@5
                      ; - java.net.URLStreamHandler::toExternalForm@152
                      ; - java.net.URL::toExternalForm@5
                      ; - java.net.URL::toString@1
                      ; - java.lang.ClassLoader::defineClassSourceLocation@22
                      ; - java.lang.ClassLoader::defineClass@12
                      ; - java.security.SecureClassLoader::defineClass@12
  0x0000027e07d23aa4: 5840 86ff 

  0x0000027e07d23aa8: ;   {other}
  0x0000027e07d23aa8: 0f1f 8400 | 983f 0062 | baf6 ffff | ff66 6690 

  0x0000027e07d23ab8: ;   {runtime_call UncommonTrapBlob}
  0x0000027e07d23ab8: c5f8 77e8 

  0x0000027e07d23abc: ; ImmutableOopMap {[64]=NarrowOop }
                      ;*invokevirtual append {reexecute=0 rethrow=0 return_oop=0}
                      ; - java.lang.NamedPackage::<init>@35
                      ; - java.lang.ClassLoader::getNamedPackage@22
                      ; - java.lang.ClassLoader::postDefineClass@9
                      ; - java.lang.ClassLoader::defineClass@37
                      ; - java.security.SecureClassLoader::defineClass@12
  0x0000027e07d23abc: 4040 86ff 

  0x0000027e07d23ac0: ;   {other}
  0x0000027e07d23ac0: 0f1f 8400 | b03f 0063 | baf6 ffff | ff66 6690 

  0x0000027e07d23ad0: ;   {runtime_call UncommonTrapBlob}
  0x0000027e07d23ad0: c5f8 77e8 

  0x0000027e07d23ad4: ; ImmutableOopMap {}
                      ;*invokevirtual toString {reexecute=0 rethrow=0 return_oop=0}
                      ; - java.lang.NamedPackage::<init>@38
                      ; - java.lang.ClassLoader::getNamedPackage@22
                      ; - java.lang.ClassLoader::postDefineClass@9
                      ; - java.lang.ClassLoader::defineClass@37
                      ; - java.security.SecureClassLoader::defineClass@12
  0x0000027e07d23ad4: 2840 86ff 

  0x0000027e07d23ad8: ;   {other}
  0x0000027e07d23ad8: 0f1f 8400 | c83f 0064 | 8944 2420 | ba45 ffff | ff4c 8974 | 2430 488b | 4c24 4848 | 894c 2438 
  0x0000027e07d23af8: 4489 4424 | 244c 894c | 2450 4489 | 5c24 5844 | 8954 245c 

  0x0000027e07d23b0c: ;   {runtime_call UncommonTrapBlob}
  0x0000027e07d23b0c: c5f8 77e8 

  0x0000027e07d23b10: ; ImmutableOopMap {[36]=NarrowOop [40]=Oop [48]=Oop [56]=Oop [80]=Oop [88]=NarrowOop }
                      ;*ifeq {reexecute=1 rethrow=0 return_oop=0}
                      ; - (reexecute) java.util.concurrent.ConcurrentHashMap::get@76
                      ; - java.lang.ClassLoader::getNamedPackage@5
                      ; - java.lang.ClassLoader::postDefineClass@9
                      ; - java.lang.ClassLoader::defineClass@37
                      ; - java.security.SecureClassLoader::defineClass@12
  0x0000027e07d23b10: ec3f 86ff 

  0x0000027e07d23b14: ;   {other}
  0x0000027e07d23b14: 0f1f 8400 | 0440 0065 | 85db 448b | 5424 2041 | 0f94 c2ba | 45ff ffff | 4c89 7424 | 304c 8b44 
  0x0000027e07d23b34: 2448 4c89 | 4424 384c | 8974 2440 | 4889 4424 | 5044 895c | 2458 4489 | 5424 5c90 

  0x0000027e07d23b50: ;   {runtime_call UncommonTrapBlob}
  0x0000027e07d23b50: c5f8 77e8 

  0x0000027e07d23b54: ; ImmutableOopMap {[40]=Oop [48]=Oop [56]=Oop [64]=Oop [80]=Oop }
                      ;*ifeq {reexecute=1 rethrow=0 return_oop=0}
                      ; - (reexecute) java.lang.String::lastIndexOf@4
                      ; - java.lang.String::lastIndexOf@8
                      ; - java.lang.Class::getPackageName@47
                      ; - java.lang.ClassLoader::postDefineClass@2
                      ; - java.lang.ClassLoader::defineClass@37
                      ; - java.security.SecureClassLoader::defineClass@12
  0x0000027e07d23b54: a83f 86ff 

  0x0000027e07d23b58: ;   {other}
  0x0000027e07d23b58: 0f1f 8400 | 4840 0066 | 498b d7c5 | f877 49ba | 20a4 2525 | f87f 0000 

  0x0000027e07d23b70: ;   {other}
  0x0000027e07d23b70: 41ff d20f | 1f84 0000 | 0000 00e9 | bcd6 ffff | ba45 ffff | ff44 895c | 2420 4489 | 5c24 244c 
  0x0000027e07d23b90: 8974 2438 | 4c8b 5424 | 484c 8954 | 2440 4c89 | 7424 5048 | 8944 2458 | 894c 2464 

  0x0000027e07d23bac: ;   {runtime_call UncommonTrapBlob}
  0x0000027e07d23bac: c5f8 77e8 

  0x0000027e07d23bb0: ; ImmutableOopMap {[40]=Oop [56]=Oop [64]=Oop [80]=Oop [88]=Oop }
                      ;*if_icmpgt {reexecute=1 rethrow=0 return_oop=0}
                      ; - (reexecute) jdk.internal.util.Preconditions::checkFromToIndex@6
                      ; - java.lang.String::checkBoundsBeginEnd@6
                      ; - java.lang.String::substring@8
                      ; - java.lang.Class::getPackageName@62
                      ; - java.lang.ClassLoader::postDefineClass@2
                      ; - java.lang.ClassLoader::defineClass@37
                      ; - java.security.SecureClassLoader::defineClass@12
  0x0000027e07d23bb0: 4c3f 86ff 

  0x0000027e07d23bb4: ;   {other}
  0x0000027e07d23bb4: 0f1f 8400 | a440 0067 | ba45 ffff | ff4c 8974 | 2430 4489 | 5c24 3890 

  0x0000027e07d23bcc: ;   {runtime_call UncommonTrapBlob}
  0x0000027e07d23bcc: c5f8 77e8 

  0x0000027e07d23bd0: ; ImmutableOopMap {rbp=NarrowOop [40]=Oop [48]=Oop [56]=NarrowOop }
                      ;*ifnull {reexecute=1 rethrow=0 return_oop=0}
                      ; - (reexecute) java.security.CodeSource::getCertificates@4
                      ; - java.lang.ClassLoader::postDefineClass@24
                      ; - java.lang.ClassLoader::defineClass@37
                      ; - java.security.SecureClassLoader::defineClass@12
  0x0000027e07d23bd0: 2c3f 86ff 

  0x0000027e07d23bd4: ;   {other}
  0x0000027e07d23bd4: 0f1f 8400 | c440 0068 | ba45 ffff | ff4c 8974 | 2430 4489 | 5c24 3890 

  0x0000027e07d23bec: ;   {runtime_call UncommonTrapBlob}
  0x0000027e07d23bec: c5f8 77e8 

  0x0000027e07d23bf0: ; ImmutableOopMap {rbp=NarrowOop [40]=Oop [48]=Oop [56]=NarrowOop }
                      ;*ifnull {reexecute=1 rethrow=0 return_oop=0}
                      ; - (reexecute) java.security.CodeSource::getCertificates@22
                      ; - java.lang.ClassLoader::postDefineClass@24
                      ; - java.lang.ClassLoader::defineClass@37
                      ; - java.security.SecureClassLoader::defineClass@12
  0x0000027e07d23bf0: 0c3f 86ff 

  0x0000027e07d23bf4: ;   {other}
  0x0000027e07d23bf4: 0f1f 8400 | e440 0069 | ba45 ffff | ff44 895c | 2420 4489 | 5c24 244c | 8974 2438 | 4c8b 5424 
  0x0000027e07d23c14: 484c 8954 | 2440 4c89 | 7424 5048 | 8944 2458 | 894c 2464 | 894c 2468 

  0x0000027e07d23c2c: ;   {runtime_call UncommonTrapBlob}
  0x0000027e07d23c2c: c5f8 77e8 

  0x0000027e07d23c30: ; ImmutableOopMap {[40]=Oop [56]=Oop [64]=Oop [80]=Oop [88]=Oop }
                      ;*if_icmple {reexecute=1 rethrow=0 return_oop=0}
                      ; - (reexecute) jdk.internal.util.Preconditions::checkFromToIndex@11
                      ; - java.lang.String::checkBoundsBeginEnd@6
                      ; - java.lang.String::substring@8
                      ; - java.lang.Class::getPackageName@62
                      ; - java.lang.ClassLoader::postDefineClass@2
                      ; - java.lang.ClassLoader::defineClass@37
                      ; - java.security.SecureClassLoader::defineClass@12
  0x0000027e07d23c30: cc3e 86ff 

  0x0000027e07d23c34: ;   {other}
  0x0000027e07d23c34: 0f1f 8400 | 2441 006a | 498b d7c5 | f877 49ba | 20a4 2525 | f87f 0000 

  0x0000027e07d23c4c: ;   {other}
  0x0000027e07d23c4c: 41ff d20f | 1f84 0000 | 0000 00e9 | 71d5 ffff | ba45 ffff | ff4c 8974 | 2430 488b | 5c24 4848 
  0x0000027e07d23c6c: 895c 2438 | 4489 4424 | 504c 894c | 2458 4489 | 5c24 5444 | 8954 2460 | 894c 2464 

  0x0000027e07d23c88: ;   {runtime_call UncommonTrapBlob}
  0x0000027e07d23c88: c5f8 77e8 

  0x0000027e07d23c8c: ; ImmutableOopMap {[40]=Oop [48]=Oop [56]=Oop [80]=NarrowOop [84]=NarrowOop [88]=Oop }
                      ;*if_icmpne {reexecute=1 rethrow=0 return_oop=0}
                      ; - (reexecute) java.lang.String::equals@33
                      ; - java.util.concurrent.ConcurrentHashMap::get@73
                      ; - java.lang.ClassLoader::getNamedPackage@5
                      ; - java.lang.ClassLoader::postDefineClass@9
                      ; - java.lang.ClassLoader::defineClass@37
                      ; - java.security.SecureClassLoader::defineClass@12
  0x0000027e07d23c8c: 703e 86ff 

  0x0000027e07d23c90: ;   {other}
  0x0000027e07d23c90: 0f1f 8400 | 8041 006b | baf6 ffff | ff66 6690 

  0x0000027e07d23ca0: ;   {runtime_call UncommonTrapBlob}
  0x0000027e07d23ca0: c5f8 77e8 

  0x0000027e07d23ca4: ; ImmutableOopMap {}
                      ;*invokevirtual lastIndexOf {reexecute=0 rethrow=0 return_oop=0}
                      ; - java.lang.Class::getPackageName@47
                      ; - java.lang.ClassLoader::postDefineClass@2
                      ; - java.lang.ClassLoader::defineClass@37
                      ; - java.security.SecureClassLoader::defineClass@12
  0x0000027e07d23ca4: 583e 86ff 

  0x0000027e07d23ca8: ;   {other}
  0x0000027e07d23ca8: 0f1f 8400 | 9841 006c | bae4 ffff | ff44 8954 | 2420 448b | 5424 4044 | 8954 2424 

  0x0000027e07d23cc4: ;   {runtime_call UncommonTrapBlob}
  0x0000027e07d23cc4: c5f8 77e8 

  0x0000027e07d23cc8: ; ImmutableOopMap {[32]=NarrowOop [40]=Oop [48]=Oop [56]=Oop [144]=Oop }
                      ;*baload {reexecute=0 rethrow=0 return_oop=0}
                      ; - jdk.internal.util.ArraysSupport::mismatch@82
                      ; - java.lang.String::startsWith@70
                      ; - java.lang.String::startsWith@3
                      ; - java.lang.ClassLoader::preDefineClass@43
                      ; - java.lang.ClassLoader::defineClass@4
                      ; - java.security.SecureClassLoader::defineClass@12
  0x0000027e07d23cc8: 343e 86ff 

  0x0000027e07d23ccc: ;   {other}
  0x0000027e07d23ccc: 0f1f 8400 | bc41 006d | ba45 ffff | ff4c 8974 | 2430 488b | 4c24 4848 | 894c 2438 | 4489 4424 
  0x0000027e07d23cec: 504c 894c | 2458 4489 | 5c24 5444 | 8954 2460 

  0x0000027e07d23cfc: ;   {runtime_call UncommonTrapBlob}
  0x0000027e07d23cfc: c5f8 77e8 

  0x0000027e07d23d00: ; ImmutableOopMap {[40]=Oop [48]=Oop [56]=Oop [80]=NarrowOop [84]=NarrowOop [88]=Oop }
                      ;*ifge {reexecute=1 rethrow=0 return_oop=0}
                      ; - (reexecute) java.util.concurrent.ConcurrentHashMap::get@86
                      ; - java.lang.ClassLoader::getNamedPackage@5
                      ; - java.lang.ClassLoader::postDefineClass@9
                      ; - java.lang.ClassLoader::defineClass@37
                      ; - java.security.SecureClassLoader::defineClass@12
  0x0000027e07d23d00: fc3d 86ff 

  0x0000027e07d23d04: ;   {other}
  0x0000027e07d23d04: 0f1f 8400 | f441 006e | baf6 ffff | ff66 6690 

  0x0000027e07d23d14: ;   {runtime_call UncommonTrapBlob}
  0x0000027e07d23d14: c5f8 77e8 

  0x0000027e07d23d18: ; ImmutableOopMap {[56]=Oop [88]=Oop }
                      ;*invokevirtual putIfAbsent {reexecute=0 rethrow=0 return_oop=0}
                      ; - java.lang.ClassLoader::getNamedPackage@32
                      ; - java.lang.ClassLoader::postDefineClass@9
                      ; - java.lang.ClassLoader::defineClass@37
                      ; - java.security.SecureClassLoader::defineClass@12
  0x0000027e07d23d18: e43d 86ff 

  0x0000027e07d23d1c: ;   {other}
  0x0000027e07d23d1c: 0f1f 8400 | 0c42 006f | 488b e8ba | 54ff ffff | 4c8b 5424 | 484c 8954 | 2438 448b | 5c24 5044 
  0x0000027e07d23d3c: 895c 2440 

  0x0000027e07d23d40: ;   {runtime_call UncommonTrapBlob}
  0x0000027e07d23d40: c5f8 77e8 

  0x0000027e07d23d44: ; ImmutableOopMap {rbp=Oop [40]=Oop [48]=Oop [56]=Oop [64]=NarrowOop [88]=Oop }
                      ;*ifnull {reexecute=1 rethrow=0 return_oop=0}
                      ; - (reexecute) java.lang.ClassLoader::getNamedPackage@42
                      ; - java.lang.ClassLoader::postDefineClass@9
                      ; - java.lang.ClassLoader::defineClass@37
                      ; - java.security.SecureClassLoader::defineClass@12
  0x0000027e07d23d44: b83d 86ff 

  0x0000027e07d23d48: ;   {other}
  0x0000027e07d23d48: 0f1f 8400 | 3842 0070 | 498b d7c5 | f877 49ba | 20a4 2525 | f87f 0000 

  0x0000027e07d23d60: ;   {other}
  0x0000027e07d23d60: 41ff d20f | 1f84 0000 | 0000 00e9 | 2ddb ffff | 498b d7c5 | f877 49ba | 20a4 2525 | f87f 0000 
  0x0000027e07d23d80: ;   {other}
  0x0000027e07d23d80: 41ff d20f | 1f84 0000 | 0000 00e9 | b9db ffff | 498b d7c5 | f877 49ba | 20a4 2525 | f87f 0000 
  0x0000027e07d23da0: ;   {other}
  0x0000027e07d23da0: 41ff d20f | 1f84 0000 | 0000 00e9 | 43dc ffff | 498b d7c5 | f877 49ba | 20a4 2525 | f87f 0000 
  0x0000027e07d23dc0: ;   {other}
  0x0000027e07d23dc0: 41ff d20f | 1f84 0000 | 0000 00e9 | c5dc ffff | 498b d7c5 | f877 49ba | 20a4 2525 | f87f 0000 
  0x0000027e07d23de0: ;   {other}
  0x0000027e07d23de0: 41ff d20f | 1f84 0000 | 0000 00e9 | 35dd ffff | 498b d7c5 | f877 49ba | 20a4 2525 | f87f 0000 
  0x0000027e07d23e00: ;   {other}
  0x0000027e07d23e00: 41ff d20f | 1f84 0000 | 0000 00e9 | cfdd ffff | ba45 ffff | ff4c 8974 | 2430 4c8b | 5c24 484c 
  0x0000027e07d23e20: 895c 2438 | 4489 4424 | 504c 894c | 2458 4889 | 5c24 6044 | 8954 2454 

  0x0000027e07d23e38: ;   {runtime_call UncommonTrapBlob}
  0x0000027e07d23e38: c5f8 77e8 

  0x0000027e07d23e3c: ; ImmutableOopMap {rbp=NarrowOop [40]=Oop [48]=Oop [56]=Oop [80]=NarrowOop [88]=Oop [96]=Oop }
                      ;*ifnull {reexecute=1 rethrow=0 return_oop=0}
                      ; - (reexecute) java.util.concurrent.ConcurrentHashMap::get@143
                      ; - java.lang.ClassLoader::getNamedPackage@5
                      ; - java.lang.ClassLoader::postDefineClass@9
                      ; - java.lang.ClassLoader::defineClass@37
                      ; - java.security.SecureClassLoader::defineClass@12
  0x0000027e07d23e3c: c03c 86ff 

  0x0000027e07d23e40: ;   {other}
  0x0000027e07d23e40: 0f1f 8400 | 3043 0071 | 498b d7c5 | f877 49ba | 20a4 2525 | f87f 0000 

  0x0000027e07d23e58: ;   {other}
  0x0000027e07d23e58: 41ff d20f | 1f84 0000 | 0000 00e9 | 5fde ffff | 498b d7c5 | f877 49ba | 20a4 2525 | f87f 0000 
  0x0000027e07d23e78: ;   {other}
  0x0000027e07d23e78: 41ff d20f | 1f84 0000 | 0000 00e9 | f4dd ffff | ba45 ffff | ff44 8b54 | 2440 4489 | 5424 2044 
  0x0000027e07d23e98: 8b44 2444 | 4489 4424 | 4089 4424 | 4466 6690 

  0x0000027e07d23ea8: ;   {runtime_call UncommonTrapBlob}
  0x0000027e07d23ea8: c5f8 77e8 

  0x0000027e07d23eac: ; ImmutableOopMap {rbp=NarrowOop [36]=NarrowOop [40]=Oop [48]=Oop [56]=Oop [72]=Oop [88]=Oop }
                      ;*ifne {reexecute=1 rethrow=0 return_oop=0}
                      ; - (reexecute) java.net.URLStreamHandler::toExternalForm@32
                      ; - java.net.URL::toExternalForm@5
                      ; - java.net.URL::toString@1
                      ; - java.lang.ClassLoader::defineClassSourceLocation@22
                      ; - java.lang.ClassLoader::defineClass@12
                      ; - java.security.SecureClassLoader::defineClass@12
  0x0000027e07d23eac: 503c 86ff 

  0x0000027e07d23eb0: ;   {other}
  0x0000027e07d23eb0: 0f1f 8400 | a043 0072 | ba37 0100 | 0048 8beb | 4c8b 5424 | 384c 8954 | 2428 6690 

  0x0000027e07d23ecc: ;   {runtime_call UncommonTrapBlob}
  0x0000027e07d23ecc: c5f8 77e8 

  0x0000027e07d23ed0: ; ImmutableOopMap {rbp=Oop [40]=Oop [48]=Oop }
                      ;*new {reexecute=0 rethrow=0 return_oop=0}
                      ; - java.lang.ClassLoader::preDefineClass@56
                      ; - java.lang.ClassLoader::defineClass@4
                      ; - java.security.SecureClassLoader::defineClass@12
  0x0000027e07d23ed0: 2c3c 86ff 

  0x0000027e07d23ed4: ;   {other}
  0x0000027e07d23ed4: 0f1f 8400 | c443 0073 | bade ffff | ff48 8b6c | 2428 4c8b | 5424 304c | 8954 2420 | 4c8b 5424 
  0x0000027e07d23ef4: 384c 8954 | 2428 4889 | 4424 3890 

  0x0000027e07d23f00: ;   {runtime_call UncommonTrapBlob}
  0x0000027e07d23f00: c5f8 77e8 

  0x0000027e07d23f04: ; ImmutableOopMap {rbp=Oop [32]=Oop [40]=Oop [56]=Oop }
                      ;*checkcast {reexecute=0 rethrow=0 return_oop=0}
                      ; - java.security.SecureClassLoader::getProtectionDomain@33
                      ; - java.security.SecureClassLoader::defineClass@9
  0x0000027e07d23f04: f83b 86ff 

  0x0000027e07d23f08: ;   {other}
  0x0000027e07d23f08: 0f1f 8400 | f843 0074 | bade ffff | ff4c 8974 | 2430 488b | 4c24 4848 | 894c 2438 | 4489 4424 
  0x0000027e07d23f28: 504c 894c | 2458 4489 | 5c24 5444 | 8954 2460 | 4c89 4c24 | 6866 6690 

  0x0000027e07d23f40: ;   {runtime_call UncommonTrapBlob}
  0x0000027e07d23f40: c5f8 77e8 

  0x0000027e07d23f44: ; ImmutableOopMap {rbp=NarrowOop [40]=Oop [48]=Oop [56]=Oop [80]=NarrowOop [84]=NarrowOop [88]=Oop [104]=Oop }
                      ;*instanceof {reexecute=0 rethrow=0 return_oop=0}
                      ; - java.lang.String::equals@8
                      ; - java.util.concurrent.ConcurrentHashMap::get@73
                      ; - java.lang.ClassLoader::getNamedPackage@5
                      ; - java.lang.ClassLoader::postDefineClass@9
                      ; - java.lang.ClassLoader::defineClass@37
                      ; - java.security.SecureClassLoader::defineClass@12
  0x0000027e07d23f44: b83b 86ff 

  0x0000027e07d23f48: ;   {other}
  0x0000027e07d23f48: 0f1f 8400 | 3844 0075 | bade ffff | ff48 8b6c | 2428 4c8b | 5424 384c | 8954 2428 | 448b 5c24 
  0x0000027e07d23f68: 4044 895c | 2438 448b | 5424 4444 | 8954 243c | 4889 4424 | 5066 6690 

  0x0000027e07d23f80: ;   {runtime_call UncommonTrapBlob}
  0x0000027e07d23f80: c5f8 77e8 

  0x0000027e07d23f84: ; ImmutableOopMap {rbp=Oop [40]=Oop [48]=Oop [72]=Oop [80]=Oop [144]=Oop }
                      ;*checkcast {reexecute=0 rethrow=0 return_oop=0}
                      ; - java.lang.ClassLoader::checkCerts@65
                      ; - java.lang.ClassLoader::preDefineClass@113
                      ; - java.lang.ClassLoader::defineClass@4
                      ; - java.security.SecureClassLoader::defineClass@12
  0x0000027e07d23f84: 783b 86ff 

  0x0000027e07d23f88: ;   {other}
  0x0000027e07d23f88: 0f1f 8400 | 7844 0076 | baf6 ffff | ff49 8be8 | 4c89 4c24 | 2066 6690 

  0x0000027e07d23fa0: ;   {runtime_call UncommonTrapBlob}
  0x0000027e07d23fa0: c5f8 77e8 

  0x0000027e07d23fa4: ; ImmutableOopMap {rbp=Oop [32]=Oop }
                      ;*invokeinterface computeIfAbsent {reexecute=0 rethrow=0 return_oop=0}
                      ; - java.security.SecureClassLoader::getProtectionDomain@28
                      ; - java.security.SecureClassLoader::defineClass@9
  0x0000027e07d23fa4: 583b 86ff 

  0x0000027e07d23fa8: ;   {other}
  0x0000027e07d23fa8: 0f1f 8400 | 9844 0077 | baf4 ffff | ff48 8b6c | 2428 4c8b | 5424 304c | 8954 2420 

  0x0000027e07d23fc4: ;   {runtime_call UncommonTrapBlob}
  0x0000027e07d23fc4: c5f8 77e8 

  0x0000027e07d23fc8: ; ImmutableOopMap {rbp=Oop [32]=Oop [56]=Oop }
                      ;*checkcast {reexecute=0 rethrow=0 return_oop=0}
                      ; - java.security.SecureClassLoader::getProtectionDomain@33
                      ; - java.security.SecureClassLoader::defineClass@9
  0x0000027e07d23fc8: 343b 86ff 

  0x0000027e07d23fcc: ;   {other}
  0x0000027e07d23fcc: 0f1f 8400 | bc44 0078 | baf6 ffff | ff66 6690 

  0x0000027e07d23fdc: ;   {runtime_call UncommonTrapBlob}
  0x0000027e07d23fdc: c5f8 77e8 

  0x0000027e07d23fe0: ; ImmutableOopMap {}
                      ;*arraylength {reexecute=0 rethrow=0 return_oop=0}
                      ; - java.lang.String::isEmpty@4
                      ; - java.lang.ClassLoader::checkName@5
                      ; - java.lang.ClassLoader::preDefineClass@1
                      ; - java.lang.ClassLoader::defineClass@4
                      ; - java.security.SecureClassLoader::defineClass@12
  0x0000027e07d23fe0: 1c3b 86ff 

  0x0000027e07d23fe4: ;   {other}
  0x0000027e07d23fe4: 0f1f 8400 | d444 0079 | baf6 ffff | ff66 6690 

  0x0000027e07d23ff4: ;   {runtime_call UncommonTrapBlob}
  0x0000027e07d23ff4: c5f8 77e8 

  0x0000027e07d23ff8: ; ImmutableOopMap {}
                      ;*arraylength {reexecute=0 rethrow=0 return_oop=0}
                      ; - java.lang.AbstractStringBuilder::ensureCapacityInternal@4
                      ; - java.lang.AbstractStringBuilder::append@7
                      ; - java.lang.StringBuilder::append@2
                      ; - java.net.URLStreamHandler::toExternalForm@16
                      ; - java.net.URL::toExternalForm@5
                      ; - java.net.URL::toString@1
                      ; - java.lang.ClassLoader::defineClassSourceLocation@22
                      ; - java.lang.ClassLoader::defineClass@12
                      ; - java.security.SecureClassLoader::defineClass@12
  0x0000027e07d23ff8: 043b 86ff 

  0x0000027e07d23ffc: ;   {other}
  0x0000027e07d23ffc: 0f1f 8400 | ec44 007a | baf6 ffff | ff66 6690 

  0x0000027e07d2400c: ;   {runtime_call UncommonTrapBlob}
  0x0000027e07d2400c: c5f8 77e8 

  0x0000027e07d24010: ; ImmutableOopMap {}
                      ;*arraylength {reexecute=0 rethrow=0 return_oop=0}
                      ; - java.lang.AbstractStringBuilder::ensureCapacityInternal@4
                      ; - java.lang.AbstractStringBuilder::append@21
                      ; - java.lang.StringBuilder::append@2
                      ; - java.net.URLStreamHandler::toExternalForm@59
                      ; - java.net.URL::toExternalForm@5
                      ; - java.net.URL::toString@1
                      ; - java.lang.ClassLoader::defineClassSourceLocation@22
                      ; - java.lang.ClassLoader::defineClass@12
                      ; - java.security.SecureClassLoader::defineClass@12
  0x0000027e07d24010: ec3a 86ff 

  0x0000027e07d24014: ;   {other}
  0x0000027e07d24014: 0f1f 8400 | 0445 007b | baf6 ffff | ff41 8bea 

  0x0000027e07d24024: ;   {runtime_call UncommonTrapBlob}
  0x0000027e07d24024: c5f8 77e8 

  0x0000027e07d24028: ; ImmutableOopMap {}
                      ;*invokestatic arraycopy {reexecute=0 rethrow=0 return_oop=0}
                      ; - java.lang.String::getBytes@22
                      ; - java.lang.AbstractStringBuilder::putStringAt@15
                      ; - java.lang.AbstractStringBuilder::append@30
                      ; - java.lang.StringBuilder::append@2
                      ; - java.net.URLStreamHandler::toExternalForm@59
                      ; - java.net.URL::toExternalForm@5
                      ; - java.net.URL::toString@1
                      ; - java.lang.ClassLoader::defineClassSourceLocation@22
                      ; - java.lang.ClassLoader::defineClass@12
                      ; - java.security.SecureClassLoader::defineClass@12
  0x0000027e07d24028: d43a 86ff 

  0x0000027e07d2402c: ;   {other}
  0x0000027e07d2402c: 0f1f 8400 | 1c45 007c | baf6 ffff | ff66 6690 

  0x0000027e07d2403c: ;   {runtime_call UncommonTrapBlob}
  0x0000027e07d2403c: c5f8 77e8 

  0x0000027e07d24040: ; ImmutableOopMap {}
                      ;*arraylength {reexecute=0 rethrow=0 return_oop=0}
                      ; - java.lang.String::length@4
                      ; - java.lang.AbstractStringBuilder::append@10
                      ; - java.lang.StringBuilder::append@2
                      ; - java.net.URLStreamHandler::toExternalForm@77
                      ; - java.net.URL::toExternalForm@5
                      ; - java.net.URL::toString@1
                      ; - java.lang.ClassLoader::defineClassSourceLocation@22
                      ; - java.lang.ClassLoader::defineClass@12
                      ; - java.security.SecureClassLoader::defineClass@12
  0x0000027e07d24040: bc3a 86ff 

  0x0000027e07d24044: ;   {other}
  0x0000027e07d24044: 0f1f 8400 | 3445 007d | baf6 ffff | ff66 6690 

  0x0000027e07d24054: ;   {runtime_call UncommonTrapBlob}
  0x0000027e07d24054: c5f8 77e8 

  0x0000027e07d24058: ; ImmutableOopMap {}
                      ;*arraylength {reexecute=0 rethrow=0 return_oop=0}
                      ; - java.lang.AbstractStringBuilder::ensureCapacityInternal@4
                      ; - java.lang.AbstractStringBuilder::append@21
                      ; - java.lang.StringBuilder::append@2
                      ; - java.net.URLStreamHandler::toExternalForm@77
                      ; - java.net.URL::toExternalForm@5
                      ; - java.net.URL::toString@1
                      ; - java.lang.ClassLoader::defineClassSourceLocation@22
                      ; - java.lang.ClassLoader::defineClass@12
                      ; - java.security.SecureClassLoader::defineClass@12
  0x0000027e07d24058: a43a 86ff 

  0x0000027e07d2405c: ;   {other}
  0x0000027e07d2405c: 0f1f 8400 | 4c45 007e | baf6 ffff | ff66 6690 

  0x0000027e07d2406c: ;   {runtime_call UncommonTrapBlob}
  0x0000027e07d2406c: c5f8 77e8 

  0x0000027e07d24070: ; ImmutableOopMap {}
                      ;*arraylength {reexecute=0 rethrow=0 return_oop=0}
                      ; - java.lang.String::getBytes@21
                      ; - java.lang.AbstractStringBuilder::putStringAt@15
                      ; - java.lang.AbstractStringBuilder::append@30
                      ; - java.lang.StringBuilder::append@2
                      ; - java.net.URLStreamHandler::toExternalForm@77
                      ; - java.net.URL::toExternalForm@5
                      ; - java.net.URL::toString@1
                      ; - java.lang.ClassLoader::defineClassSourceLocation@22
                      ; - java.lang.ClassLoader::defineClass@12
                      ; - java.security.SecureClassLoader::defineClass@12
  0x0000027e07d24070: 8c3a 86ff 

  0x0000027e07d24074: ;   {other}
  0x0000027e07d24074: 0f1f 8400 | 6445 007f | baf6 ffff | ff89 4424 | 2089 7c24 | 2466 6690 

  0x0000027e07d2408c: ;   {runtime_call UncommonTrapBlob}
  0x0000027e07d2408c: c5f8 77e8 

  0x0000027e07d24090: ; ImmutableOopMap {[32]=NarrowOop }
                      ;*invokestatic arraycopy {reexecute=0 rethrow=0 return_oop=0}
                      ; - java.lang.String::getBytes@22
                      ; - java.lang.AbstractStringBuilder::putStringAt@15
                      ; - java.lang.AbstractStringBuilder::append@30
                      ; - java.lang.StringBuilder::append@2
                      ; - java.net.URLStreamHandler::toExternalForm@77
                      ; - java.net.URL::toExternalForm@5
                      ; - java.net.URL::toString@1
                      ; - java.lang.ClassLoader::defineClassSourceLocation@22
                      ; - java.lang.ClassLoader::defineClass@12
                      ; - java.security.SecureClassLoader::defineClass@12
  0x0000027e07d24090: 6c3a 86ff 

  0x0000027e07d24094: ;   {other}
  0x0000027e07d24094: 0f1f 8400 | 8445 0080 | baf6 ffff | ff66 6690 

  0x0000027e07d240a4: ;   {runtime_call UncommonTrapBlob}
  0x0000027e07d240a4: c5f8 77e8 

  0x0000027e07d240a8: ; ImmutableOopMap {}
                      ;*arraylength {reexecute=0 rethrow=0 return_oop=0}
                      ; - java.lang.AbstractStringBuilder::ensureCapacityInternal@4
                      ; - java.lang.AbstractStringBuilder::append@21
                      ; - java.lang.StringBuilder::append@2
                      ; - java.net.URLStreamHandler::toExternalForm@113
                      ; - java.net.URL::toExternalForm@5
                      ; - java.net.URL::toString@1
                      ; - java.lang.ClassLoader::defineClassSourceLocation@22
                      ; - java.lang.ClassLoader::defineClass@12
                      ; - java.security.SecureClassLoader::defineClass@12
  0x0000027e07d240a8: 543a 86ff 

  0x0000027e07d240ac: ;   {other}
  0x0000027e07d240ac: 0f1f 8400 | 9c45 0081 | baf6 ffff | ff41 8bea 

  0x0000027e07d240bc: ;   {runtime_call UncommonTrapBlob}
  0x0000027e07d240bc: c5f8 77e8 

  0x0000027e07d240c0: ; ImmutableOopMap {}
                      ;*invokestatic arraycopy {reexecute=0 rethrow=0 return_oop=0}
                      ; - java.lang.String::getBytes@22
                      ; - java.lang.AbstractStringBuilder::putStringAt@15
                      ; - java.lang.AbstractStringBuilder::append@30
                      ; - java.lang.StringBuilder::append@2
                      ; - java.net.URLStreamHandler::toExternalForm@113
                      ; - java.net.URL::toExternalForm@5
                      ; - java.net.URL::toString@1
                      ; - java.lang.ClassLoader::defineClassSourceLocation@22
                      ; - java.lang.ClassLoader::defineClass@12
                      ; - java.security.SecureClassLoader::defineClass@12
  0x0000027e07d240c0: 3c3a 86ff 

  0x0000027e07d240c4: ;   {other}
  0x0000027e07d240c4: 0f1f 8400 | b445 0082 | baf6 ffff | ff66 6690 

  0x0000027e07d240d4: ;   {runtime_call UncommonTrapBlob}
  0x0000027e07d240d4: c5f8 77e8 

  0x0000027e07d240d8: ; ImmutableOopMap {}
                      ;*arraylength {reexecute=0 rethrow=0 return_oop=0}
                      ; - java.lang.AbstractStringBuilder::ensureCapacityInternal@4
                      ; - java.lang.AbstractStringBuilder::append@21
                      ; - java.lang.StringBuilder::append@2
                      ; - java.net.URLStreamHandler::toExternalForm@149
                      ; - java.net.URL::toExternalForm@5
                      ; - java.net.URL::toString@1
                      ; - java.lang.ClassLoader::defineClassSourceLocation@22
                      ; - java.lang.ClassLoader::defineClass@12
                      ; - java.security.SecureClassLoader::defineClass@12
  0x0000027e07d240d8: 243a 86ff 

  0x0000027e07d240dc: ;   {other}
  0x0000027e07d240dc: 0f1f 8400 | cc45 0083 | baf6 ffff | ff41 8be8 

  0x0000027e07d240ec: ;   {runtime_call UncommonTrapBlob}
  0x0000027e07d240ec: c5f8 77e8 

  0x0000027e07d240f0: ; ImmutableOopMap {}
                      ;*invokestatic arraycopy {reexecute=0 rethrow=0 return_oop=0}
                      ; - java.lang.String::getBytes@22
                      ; - java.lang.AbstractStringBuilder::putStringAt@15
                      ; - java.lang.AbstractStringBuilder::append@30
                      ; - java.lang.StringBuilder::append@2
                      ; - java.net.URLStreamHandler::toExternalForm@149
                      ; - java.net.URL::toExternalForm@5
                      ; - java.net.URL::toString@1
                      ; - java.lang.ClassLoader::defineClassSourceLocation@22
                      ; - java.lang.ClassLoader::defineClass@12
                      ; - java.security.SecureClassLoader::defineClass@12
  0x0000027e07d240f0: 0c3a 86ff 

  0x0000027e07d240f4: ;   {other}
  0x0000027e07d240f4: 0f1f 8400 | e445 0084 | baf6 ffff | ff66 6690 

  0x0000027e07d24104: ;   {runtime_call UncommonTrapBlob}
  0x0000027e07d24104: c5f8 77e8 

  0x0000027e07d24108: ; ImmutableOopMap {}
                      ;*arraylength {reexecute=0 rethrow=0 return_oop=0}
                      ; - java.util.Arrays::copyOfRange@6
                      ; - java.lang.String::<init>@32
                      ; - java.lang.String::<init>@3
                      ; - java.lang.StringBuilder::toString@5
                      ; - java.net.URLStreamHandler::toExternalForm@152
                      ; - java.net.URL::toExternalForm@5
                      ; - java.net.URL::toString@1
                      ; - java.lang.ClassLoader::defineClassSourceLocation@22
                      ; - java.lang.ClassLoader::defineClass@12
                      ; - java.security.SecureClassLoader::defineClass@12
  0x0000027e07d24108: f439 86ff 

  0x0000027e07d2410c: ;   {other}
  0x0000027e07d2410c: 0f1f 8400 | fc45 0085 | baf6 ffff | ff66 6690 

  0x0000027e07d2411c: ;   {runtime_call UncommonTrapBlob}
  0x0000027e07d2411c: c5f8 77e8 

  0x0000027e07d24120: ; ImmutableOopMap {}
                      ;*invokevirtual getPackageName {reexecute=0 rethrow=0 return_oop=0}
                      ; - java.lang.ClassLoader::postDefineClass@2
                      ; - java.lang.ClassLoader::defineClass@37
                      ; - java.security.SecureClassLoader::defineClass@12
  0x0000027e07d24120: dc39 86ff 

  0x0000027e07d24124: ;   {other}
  0x0000027e07d24124: 0f1f 8400 | 1446 0086 | baf6 ffff | ff66 6690 

  0x0000027e07d24134: ;   {runtime_call UncommonTrapBlob}
  0x0000027e07d24134: c5f8 77e8 

  0x0000027e07d24138: ; ImmutableOopMap {}
                      ;*invokevirtual hashCode {reexecute=0 rethrow=0 return_oop=0}
                      ; - java.util.concurrent.ConcurrentHashMap::get@1
                      ; - java.lang.ClassLoader::getNamedPackage@5
                      ; - java.lang.ClassLoader::postDefineClass@9
                      ; - java.lang.ClassLoader::defineClass@37
                      ; - java.security.SecureClassLoader::defineClass@12
  0x0000027e07d24138: c439 86ff 

  0x0000027e07d2413c: ;   {other}
  0x0000027e07d2413c: 0f1f 8400 | 2c46 0087 | baf6 ffff | ff66 6690 

  0x0000027e07d2414c: ;   {runtime_call UncommonTrapBlob}
  0x0000027e07d2414c: c5f8 77e8 

  0x0000027e07d24150: ; ImmutableOopMap {}
                      ;*arraylength {reexecute=0 rethrow=0 return_oop=0}
                      ; - java.lang.String::length@4
                      ; - java.lang.AbstractStringBuilder::append@10
                      ; - java.lang.StringBuilder::append@2
                      ; - java.net.URLStreamHandler::toExternalForm@11
                      ; - java.net.URL::toExternalForm@5
                      ; - java.net.URL::toString@1
                      ; - java.lang.ClassLoader::defineClassSourceLocation@22
                      ; - java.lang.ClassLoader::defineClass@12
                      ; - java.security.SecureClassLoader::defineClass@12
  0x0000027e07d24150: ac39 86ff 

  0x0000027e07d24154: ;   {other}
  0x0000027e07d24154: 0f1f 8400 | 4446 0088 | baf6 ffff | ff66 6690 

  0x0000027e07d24164: ;   {runtime_call UncommonTrapBlob}
  0x0000027e07d24164: c5f8 77e8 

  0x0000027e07d24168: ; ImmutableOopMap {}
                      ;*arraylength {reexecute=0 rethrow=0 return_oop=0}
                      ; - java.lang.AbstractStringBuilder::ensureCapacityInternal@4
                      ; - java.lang.AbstractStringBuilder::append@21
                      ; - java.lang.StringBuilder::append@2
                      ; - java.net.URLStreamHandler::toExternalForm@11
                      ; - java.net.URL::toExternalForm@5
                      ; - java.net.URL::toString@1
                      ; - java.lang.ClassLoader::defineClassSourceLocation@22
                      ; - java.lang.ClassLoader::defineClass@12
                      ; - java.security.SecureClassLoader::defineClass@12
  0x0000027e07d24168: 9439 86ff 

  0x0000027e07d2416c: ;   {other}
  0x0000027e07d2416c: 0f1f 8400 | 5c46 0089 | baf6 ffff | ff66 6690 

  0x0000027e07d2417c: ;   {runtime_call UncommonTrapBlob}
  0x0000027e07d2417c: c5f8 77e8 

  0x0000027e07d24180: ; ImmutableOopMap {}
                      ;*arraylength {reexecute=0 rethrow=0 return_oop=0}
                      ; - java.lang.String::getBytes@21
                      ; - java.lang.AbstractStringBuilder::putStringAt@15
                      ; - java.lang.AbstractStringBuilder::append@30
                      ; - java.lang.StringBuilder::append@2
                      ; - java.net.URLStreamHandler::toExternalForm@11
                      ; - java.net.URL::toExternalForm@5
                      ; - java.net.URL::toString@1
                      ; - java.lang.ClassLoader::defineClassSourceLocation@22
                      ; - java.lang.ClassLoader::defineClass@12
                      ; - java.security.SecureClassLoader::defineClass@12
  0x0000027e07d24180: 7c39 86ff 

  0x0000027e07d24184: ;   {other}
  0x0000027e07d24184: 0f1f 8400 | 7446 008a | baf6 ffff | ff44 894c | 2420 4489 | 4424 2490 

  0x0000027e07d2419c: ;   {runtime_call UncommonTrapBlob}
  0x0000027e07d2419c: c5f8 77e8 

  0x0000027e07d241a0: ; ImmutableOopMap {[32]=NarrowOop }
                      ;*invokestatic arraycopy {reexecute=0 rethrow=0 return_oop=0}
                      ; - java.lang.String::getBytes@22
                      ; - java.lang.AbstractStringBuilder::putStringAt@15
                      ; - java.lang.AbstractStringBuilder::append@30
                      ; - java.lang.StringBuilder::append@2
                      ; - java.net.URLStreamHandler::toExternalForm@11
                      ; - java.net.URL::toExternalForm@5
                      ; - java.net.URL::toString@1
                      ; - java.lang.ClassLoader::defineClassSourceLocation@22
                      ; - java.lang.ClassLoader::defineClass@12
                      ; - java.security.SecureClassLoader::defineClass@12
  0x0000027e07d241a0: 5c39 86ff 

  0x0000027e07d241a4: ;   {other}
  0x0000027e07d241a4: 0f1f 8400 | 9446 008b | baf6 ffff | ff66 6690 

  0x0000027e07d241b4: ;   {runtime_call UncommonTrapBlob}
  0x0000027e07d241b4: c5f8 77e8 

  0x0000027e07d241b8: ; ImmutableOopMap {}
                      ;*bastore {reexecute=0 rethrow=0 return_oop=0}
                      ; - java.lang.AbstractStringBuilder::append@41
                      ; - java.lang.StringBuilder::append@2
                      ; - java.net.URLStreamHandler::toExternalForm@16
                      ; - java.net.URL::toExternalForm@5
                      ; - java.net.URL::toString@1
                      ; - java.lang.ClassLoader::defineClassSourceLocation@22
                      ; - java.lang.ClassLoader::defineClass@12
                      ; - java.security.SecureClassLoader::defineClass@12
  0x0000027e07d241b8: 4439 86ff 

  0x0000027e07d241bc: ;   {other}
  0x0000027e07d241bc: 0f1f 8400 | ac46 008c | 4d85 d244 | 8b54 2420 | 410f 94c2 | ba45 ffff | ff48 8944 | 2430 4c8b 
  0x0000027e07d241dc: 5c24 484c | 895c 2438 | 4889 4424 | 4044 8954 | 2448 6690 

  0x0000027e07d241f0: ;   {runtime_call UncommonTrapBlob}
  0x0000027e07d241f0: c5f8 77e8 

  0x0000027e07d241f4: ; ImmutableOopMap {[40]=Oop [48]=Oop [56]=Oop [64]=Oop }
                      ;*ifeq {reexecute=1 rethrow=0 return_oop=0}
                      ; - (reexecute) java.lang.Class::getPackageName@29
                      ; - java.lang.ClassLoader::postDefineClass@2
                      ; - java.lang.ClassLoader::defineClass@37
                      ; - java.security.SecureClassLoader::defineClass@12
  0x0000027e07d241f4: 0839 86ff 

  0x0000027e07d241f8: ;   {other}
  0x0000027e07d241f8: 0f1f 8400 | e846 008d | baf6 ffff | ff66 6690 

  0x0000027e07d24208: ;   {runtime_call UncommonTrapBlob}
  0x0000027e07d24208: c5f8 77e8 

  0x0000027e07d2420c: ; ImmutableOopMap {}
                      ;*arraylength {reexecute=0 rethrow=0 return_oop=0}
                      ; - java.lang.String::length@4
                      ; - java.lang.String::lastIndexOf@3
                      ; - java.lang.Class::getPackageName@47
                      ; - java.lang.ClassLoader::postDefineClass@2
                      ; - java.lang.ClassLoader::defineClass@37
                      ; - java.security.SecureClassLoader::defineClass@12
  0x0000027e07d2420c: f038 86ff 

  0x0000027e07d24210: ;   {other}
  0x0000027e07d24210: 0f1f 8400 | 0047 008e | ba45 ffff | ff48 8b6c | 2428 4c8b | 5424 304c | 8954 2420 

  0x0000027e07d2422c: ;   {runtime_call UncommonTrapBlob}
  0x0000027e07d2422c: c5f8 77e8 

  0x0000027e07d24230: ; ImmutableOopMap {rbp=Oop [32]=Oop [56]=Oop [144]=Oop }
                      ;*ifnull {reexecute=1 rethrow=0 return_oop=0}
                      ; - (reexecute) java.lang.ClassLoader::checkName@1
                      ; - java.lang.ClassLoader::preDefineClass@1
                      ; - java.lang.ClassLoader::defineClass@4
                      ; - java.security.SecureClassLoader::defineClass@12
  0x0000027e07d24230: cc38 86ff 

  0x0000027e07d24234: ;   {other}
  0x0000027e07d24234: 0f1f 8400 | 2447 008f | ba45 ffff | ff48 8b6c | 2428 4c8b | 5424 384c | 8954 2428 | 448b 5c24 
  0x0000027e07d24254: 4044 895c | 2438 448b | 5424 4444 | 8954 243c | 4889 5c24 | 484c 896c | 2458 4489 | 7424 5490 
  0x0000027e07d24274: ;   {runtime_call UncommonTrapBlob}
  0x0000027e07d24274: c5f8 77e8 

  0x0000027e07d24278: ; ImmutableOopMap {rbp=Oop [40]=Oop [48]=Oop [72]=Oop [84]=NarrowOop [88]=Oop [144]=Oop }
                      ;*ifnull {reexecute=1 rethrow=0 return_oop=0}
                      ; - (reexecute) java.lang.ClassLoader::checkCerts@30
                      ; - java.lang.ClassLoader::preDefineClass@113
                      ; - java.lang.ClassLoader::defineClass@4
                      ; - java.security.SecureClassLoader::defineClass@12
  0x0000027e07d24278: 8438 86ff 

  0x0000027e07d2427c: ;   {other}
  0x0000027e07d2427c: 0f1f 8400 | 6c47 0090 | ba45 ffff | ff48 8b6c | 2428 4c8b | 5c24 304c | 895c 2420 | 4c8b 5c24 
  0x0000027e07d2429c: 384c 895c | 2428 448b | 4424 4044 | 8944 2430 | 448b 5c24 | 4444 895c | 2434 4489 | 5424 4490 
  0x0000027e07d242bc: ;   {runtime_call UncommonTrapBlob}
  0x0000027e07d242bc: c5f8 77e8 

  0x0000027e07d242c0: ; ImmutableOopMap {rbp=Oop [32]=Oop [40]=Oop [68]=NarrowOop [144]=Oop }
                      ;*ifnull {reexecute=1 rethrow=0 return_oop=0}
                      ; - (reexecute) java.lang.ClassLoader::defineClassSourceLocation@8
                      ; - java.lang.ClassLoader::defineClass@12
                      ; - java.security.SecureClassLoader::defineClass@12
  0x0000027e07d242c0: 3c38 86ff 

  0x0000027e07d242c4: ;   {other}
  0x0000027e07d242c4: 0f1f 8400 | b447 0091 | ba45 ffff | ff48 8b6c | 2428 4c8b | 5424 304c | 8954 2420 | 4c8b 5424 
  0x0000027e07d242e4: 384c 8954 | 2428 448b | 5424 4044 | 8954 2430 | 448b 5c24 | 4444 895c | 2434 4c89 | 7424 3889 
  0x0000027e07d24304: 5c24 4048 | 897c 2448 | 4489 4424 | 5066 6690 

  0x0000027e07d24314: ;   {runtime_call UncommonTrapBlob}
  0x0000027e07d24314: c5f8 77e8 

  0x0000027e07d24318: ; ImmutableOopMap {rbp=Oop [32]=Oop [40]=Oop [56]=Oop [64]=NarrowOop [72]=Oop [80]=NarrowOop }
                      ;*ifnull {reexecute=1 rethrow=0 return_oop=0}
                      ; - (reexecute) java.net.URLStreamHandler::toExternalForm@68
                      ; - java.net.URL::toExternalForm@5
                      ; - java.net.URL::toString@1
                      ; - java.lang.ClassLoader::defineClassSourceLocation@22
                      ; - java.lang.ClassLoader::defineClass@12
                      ; - java.security.SecureClassLoader::defineClass@12
  0x0000027e07d24318: e437 86ff 

  0x0000027e07d2431c: ;   {other}
  0x0000027e07d2431c: 0f1f 8400 | 0c48 0092 | ba45 ffff | ff49 8bee | 4489 5c24 | 2066 6690 

  0x0000027e07d24334: ;   {runtime_call UncommonTrapBlob}
  0x0000027e07d24334: c5f8 77e8 

  0x0000027e07d24338: ; ImmutableOopMap {rbp=Oop [32]=NarrowOop }
                      ;*ifnull {reexecute=1 rethrow=0 return_oop=0}
                      ; - (reexecute) java.lang.ClassLoader::postDefineClass@17
                      ; - java.lang.ClassLoader::defineClass@37
                      ; - java.security.SecureClassLoader::defineClass@12
  0x0000027e07d24338: c437 86ff 

  0x0000027e07d2433c: ;   {other}
  0x0000027e07d2433c: 0f1f 8400 | 2c48 0093 | ba45 ffff | ff4c 8974 | 2430 488b | 4c24 4848 | 894c 2438 | 4489 4424 
  0x0000027e07d2435c: 504c 894c | 2458 4489 | 5c24 5444 | 8954 2460 

  0x0000027e07d2436c: ;   {runtime_call UncommonTrapBlob}
  0x0000027e07d2436c: c5f8 77e8 

  0x0000027e07d24370: ; ImmutableOopMap {rbp=NarrowOop [40]=Oop [48]=Oop [56]=Oop [80]=NarrowOop [84]=NarrowOop [88]=Oop }
                      ;*ifnull {reexecute=1 rethrow=0 return_oop=0}
                      ; - (reexecute) java.util.concurrent.ConcurrentHashMap::get@67
                      ; - java.lang.ClassLoader::getNamedPackage@5
                      ; - java.lang.ClassLoader::postDefineClass@9
                      ; - java.lang.ClassLoader::defineClass@37
                      ; - java.security.SecureClassLoader::defineClass@12
  0x0000027e07d24370: 8c37 86ff 

  0x0000027e07d24374: ;   {other}
  0x0000027e07d24374: 0f1f 8400 | 6448 0094 | ba97 ffff | ff44 8b54 | 2440 4489 | 5424 2090 

  0x0000027e07d2438c: ;   {runtime_call UncommonTrapBlob}
  0x0000027e07d2438c: c5f8 77e8 

  0x0000027e07d24390: ; ImmutableOopMap {rbp=Oop [36]=NarrowOop [40]=Oop [48]=Oop [56]=Oop [72]=Oop }
                      ;*invokevirtual clone {reexecute=1 rethrow=0 return_oop=0}
                      ; - (reexecute) java.util.Arrays::copyOfRange@18
                      ; - java.lang.String::<init>@32
                      ; - java.lang.String::<init>@3
                      ; - java.lang.StringBuilder::toString@5
                      ; - java.net.URLStreamHandler::toExternalForm@152
                      ; - java.net.URL::toExternalForm@5
                      ; - java.net.URL::toString@1
                      ; - java.lang.ClassLoader::defineClassSourceLocation@22
                      ; - java.lang.ClassLoader::defineClass@12
                      ; - java.security.SecureClassLoader::defineClass@12
  0x0000027e07d24390: 6c37 86ff 

  0x0000027e07d24394: ;   {other}
  0x0000027e07d24394: 0f1f 8400 | 8448 0095 | eb5a eb58 | eb56 eb54 | eb52 eb50 | eb4e eb4c | eb4a eb48 | eb46 eb44 
  0x0000027e07d243b4: eb42 eb40 | eb3e eb3c | eb3a eb38 | eb36 eb34 | eb32 eb30 | eb2e eb2c | eb2a eb28 | eb26 eb24 
  0x0000027e07d243d4: eb22 eb20 | eb1e eb1c | eb1a eb18 | eb16 eb14 | eb12 eb10 | eb0e eb0c | eb0a eb08 | eb06 eb04 
  0x0000027e07d243f4: eb02 eb00 | 488b d0e9 | 35d2 ffff | ba97 ffff | ff4c 8b54 | 2428 4c89 | 5424 2090 

  0x0000027e07d24410: ;   {runtime_call UncommonTrapBlob}
  0x0000027e07d24410: c5f8 77e8 

  0x0000027e07d24414: ; ImmutableOopMap {rbp=NarrowOop [32]=Oop [48]=Oop [56]=Oop [76]=NarrowOop [88]=Oop [96]=Oop [144]=Oop }
                      ;*invokevirtual clone {reexecute=1 rethrow=0 return_oop=0}
                      ; - (reexecute) java.util.Arrays::copyOfRange@18
                      ; - java.lang.StringLatin1::newString@16
                      ; - java.lang.String::substring@41
                      ; - java.lang.ClassLoader::checkCerts@21
                      ; - java.lang.ClassLoader::preDefineClass@113
                      ; - java.lang.ClassLoader::defineClass@4
                      ; - java.security.SecureClassLoader::defineClass@12
  0x0000027e07d24414: e836 86ff 

  0x0000027e07d24418: ;   {other}
  0x0000027e07d24418: 0f1f 8400 | 0849 0096 | ba97 ffff | ff8b 6c24 | 2466 6690 

  0x0000027e07d2442c: ;   {runtime_call UncommonTrapBlob}
  0x0000027e07d2442c: c5f8 77e8 

  0x0000027e07d24430: ; ImmutableOopMap {rbp=NarrowOop [40]=Oop [48]=Oop [56]=Oop [72]=Oop }
                      ;*invokevirtual clone {reexecute=1 rethrow=0 return_oop=0}
                      ; - (reexecute) java.util.Arrays::copyOfRange@18
                      ; - java.lang.StringLatin1::newString@16
                      ; - java.lang.String::substring@41
                      ; - java.lang.Class::getPackageName@62
                      ; - java.lang.ClassLoader::postDefineClass@2
                      ; - java.lang.ClassLoader::defineClass@37
                      ; - java.security.SecureClassLoader::defineClass@12
  0x0000027e07d24430: cc36 86ff 

  0x0000027e07d24434: ;   {other}
  0x0000027e07d24434: 0f1f 8400 | 2449 0097 

  0x0000027e07d2443c: ;   {internal_word}
  0x0000027e07d2443c: 49ba c517 | d207 7e02 | 0000 4d89 | 9768 0400 

  0x0000027e07d2444c: ;   {runtime_call SafepointBlob}
  0x0000027e07d2444c: 00e9 2e25 

  0x0000027e07d24450: ;   {runtime_call StubRoutines (final stubs)}
  0x0000027e07d24450: 86ff e849 | 3e84 ffe9 | c2bc ffff | f4f4 f4f4 
[Stub Code]
  0x0000027e07d24460: ;   {no_reloc}
  0x0000027e07d24460: 48bb 0000 | 0000 0000 

  0x0000027e07d24468: ;   {runtime_call nmethod}
  0x0000027e07d24468: 0000 e9fb 

  0x0000027e07d2446c: ;   {static_stub}
  0x0000027e07d2446c: ffff ff48 | bb00 0000 | 0000 0000 

  0x0000027e07d24478: ;   {runtime_call nmethod}
  0x0000027e07d24478: 00e9 fbff 

  0x0000027e07d2447c: ;   {static_stub}
  0x0000027e07d2447c: ffff 48bb | 0000 0000 | 0000 0000 

  0x0000027e07d24488: ;   {runtime_call nmethod}
  0x0000027e07d24488: e9fb ffff 

  0x0000027e07d2448c: ;   {static_stub}
  0x0000027e07d2448c: ff48 bb00 | 0000 0000 

  0x0000027e07d24494: ;   {runtime_call nmethod}
  0x0000027e07d24494: 0000 00e9 | fbff ffff 

  0x0000027e07d2449c: ;   {static_stub}
  0x0000027e07d2449c: 48bb 0000 | 0000 0000 

  0x0000027e07d244a4: ;   {runtime_call nmethod}
  0x0000027e07d244a4: 0000 e9fb 

  0x0000027e07d244a8: ;   {static_stub}
  0x0000027e07d244a8: ffff ff48 | bb00 0000 | 0000 0000 

  0x0000027e07d244b4: ;   {runtime_call nmethod}
  0x0000027e07d244b4: 00e9 fbff 

  0x0000027e07d244b8: ;   {static_stub}
  0x0000027e07d244b8: ffff 48bb | 0000 0000 | 0000 0000 

  0x0000027e07d244c4: ;   {runtime_call nmethod}
  0x0000027e07d244c4: e9fb ffff 

  0x0000027e07d244c8: ;   {static_stub}
  0x0000027e07d244c8: ff48 bb00 | 0000 0000 

  0x0000027e07d244d0: ;   {runtime_call nmethod}
  0x0000027e07d244d0: 0000 00e9 | fbff ffff 

  0x0000027e07d244d8: ;   {static_stub}
  0x0000027e07d244d8: 48bb 0000 | 0000 0000 

  0x0000027e07d244e0: ;   {runtime_call nmethod}
  0x0000027e07d244e0: 0000 e9fb 

  0x0000027e07d244e4: ;   {static_stub}
  0x0000027e07d244e4: ffff ff48 | bb00 0000 | 0000 0000 

  0x0000027e07d244f0: ;   {runtime_call nmethod}
  0x0000027e07d244f0: 00e9 fbff 

  0x0000027e07d244f4: ;   {static_stub}
  0x0000027e07d244f4: ffff 48bb | 0000 0000 | 0000 0000 

  0x0000027e07d24500: ;   {runtime_call nmethod}
  0x0000027e07d24500: e9fb ffff 

  0x0000027e07d24504: ;   {static_stub}
  0x0000027e07d24504: ff48 bb00 | 0000 0000 

  0x0000027e07d2450c: ;   {runtime_call nmethod}
  0x0000027e07d2450c: 0000 00e9 | fbff ffff 

  0x0000027e07d24514: ;   {static_stub}
  0x0000027e07d24514: 48bb 0000 | 0000 0000 

  0x0000027e07d2451c: ;   {runtime_call nmethod}
  0x0000027e07d2451c: 0000 e9fb 

  0x0000027e07d24520: ;   {static_stub}
  0x0000027e07d24520: ffff ff48 | bb00 0000 | 0000 0000 

  0x0000027e07d2452c: ;   {runtime_call nmethod}
  0x0000027e07d2452c: 00e9 fbff 

  0x0000027e07d24530: ;   {static_stub}
  0x0000027e07d24530: ffff 48bb | 0000 0000 | 0000 0000 

  0x0000027e07d2453c: ;   {runtime_call nmethod}
  0x0000027e07d2453c: e9fb ffff 

  0x0000027e07d24540: ;   {static_stub}
  0x0000027e07d24540: ff48 bb00 | 0000 0000 

  0x0000027e07d24548: ;   {runtime_call nmethod}
  0x0000027e07d24548: 0000 00e9 | fbff ffff 

  0x0000027e07d24550: ;   {static_stub}
  0x0000027e07d24550: 48bb 0000 | 0000 0000 

  0x0000027e07d24558: ;   {runtime_call nmethod}
  0x0000027e07d24558: 0000 e9fb 

  0x0000027e07d2455c: ;   {static_stub}
  0x0000027e07d2455c: ffff ff48 | bb00 0000 | 0000 0000 

  0x0000027e07d24568: ;   {runtime_call nmethod}
  0x0000027e07d24568: 00e9 fbff 

  0x0000027e07d2456c: ;   {static_stub}
  0x0000027e07d2456c: ffff 48bb | 0000 0000 | 0000 0000 

  0x0000027e07d24578: ;   {runtime_call nmethod}
  0x0000027e07d24578: e9fb ffff 

  0x0000027e07d2457c: ;   {static_stub}
  0x0000027e07d2457c: ff48 bb00 | 0000 0000 

  0x0000027e07d24584: ;   {runtime_call nmethod}
  0x0000027e07d24584: 0000 00e9 | fbff ffff 

  0x0000027e07d2458c: ;   {static_stub}
  0x0000027e07d2458c: 48bb 0000 | 0000 0000 

  0x0000027e07d24594: ;   {runtime_call nmethod}
  0x0000027e07d24594: 0000 e9fb 

  0x0000027e07d24598: ;   {static_stub}
  0x0000027e07d24598: ffff ff48 | bb00 0000 | 0000 0000 

  0x0000027e07d245a4: ;   {runtime_call nmethod}
  0x0000027e07d245a4: 00e9 fbff 

  0x0000027e07d245a8: ;   {runtime_call ExceptionBlob}
  0x0000027e07d245a8: ffff e9d1 | b589 ffe8 | 0000 0000 | 4883 2c24 

  0x0000027e07d245b8: ;   {runtime_call DeoptimizationBlob}
  0x0000027e07d245b8: 05e9 6238 | 86ff f4f4 
[/MachCode]


Compiled method (c2) 57171 4497   !   4       java.lang.ClassLoader::loadClass (121 bytes)
 total in heap  [0x0000027e07d27210,0x0000027e07d3a490] = 78464
 relocation     [0x0000027e07d27370,0x0000027e07d27b18] = 1960
 constants      [0x0000027e07d27b20,0x0000027e07d27b40] = 32
 main code      [0x0000027e07d27b40,0x0000027e07d32958] = 44568
 stub code      [0x0000027e07d32958,0x0000027e07d32b98] = 576
 oops           [0x0000027e07d32b98,0x0000027e07d32bf8] = 96
 metadata       [0x0000027e07d32bf8,0x0000027e07d33060] = 1128
 scopes data    [0x0000027e07d33060,0x0000027e07d38c08] = 23464
 scopes pcs     [0x0000027e07d38c08,0x0000027e07d39a68] = 3680
 dependencies   [0x0000027e07d39a68,0x0000027e07d39b00] = 152
 handler table  [0x0000027e07d39b00,0x0000027e07d3a3b8] = 2232
 nul chk table  [0x0000027e07d3a3b8,0x0000027e07d3a490] = 216


[Constant Pool]
             Address          hex4                    hex8      
  0x0000027e07d27b20:   0x3f400000      0xf4f4f4f43f400000      
  0x0000027e07d27b24:   0xf4f4f4f4                              
  0x0000027e07d27b28:   0xf4f4f4f4      0xf4f4f4f4f4f4f4f4      
  0x0000027e07d27b2c:   0xf4f4f4f4                              
  0x0000027e07d27b30:   0xf4f4f4f4      0xf4f4f4f4f4f4f4f4      
  0x0000027e07d27b34:   0xf4f4f4f4                              
  0x0000027e07d27b38:   0xf4f4f4f4      0xf4f4f4f4f4f4f4f4      
  0x0000027e07d27b3c:   0xf4f4f4f4                              

[MachCode]
[Entry Point]
  # {method} {0x0000027e0f014398} 'loadClass' '(Ljava/lang/String;Z)Ljava/lang/Class;' in 'java/lang/ClassLoader'
  # this:     rdx:rdx   = 'java/lang/ClassLoader'
  # parm0:    r8:r8     = 'java/lang/String'
  # parm1:    r9        = boolean
  #           [sp+0x160]  (sp of caller)
  0x0000027e07d27b40: ;   {no_reloc}
  0x0000027e07d27b40: 448b 5208 | 49bb 0000 | 000f 7e02 | 0000 4d03 | d349 3bc2 

  0x0000027e07d27b54: ;   {runtime_call ic_miss_stub}
  0x0000027e07d27b54: 0f85 266e | 85ff 6690 | 0f1f 4000 
[Verified Entry Point]
  0x0000027e07d27b60: 8984 2400 | 80ff ff55 | 4881 ec50 | 0100 0090 | 4181 7f20 | 0500 0000 | 0f85 cfad | 0000 4489 
  0x0000027e07d27b80: 4c24 2c4c | 8984 24d8 | 0000 0048 | 8954 2450 | 448b 4228 | 4585 c00f | 84d7 3e00 | 0049 8b87 
  0x0000027e07d27ba0: b801 0000 | 4c8b d049 | 83c2 104d | 3b97 c801 | 0000 0f83 | fa41 0000 | 4d89 97b8 | 0100 0041 
  0x0000027e07d27bc0: 0f0d 8ac0 | 0000 0048 | c700 0100 

  0x0000027e07d27bcc: ;   {metadata('java/lang/Object')}
  0x0000027e07d27bcc: 0000 c740 | 0890 0e00 | 0044 8960 | 0c44 8944 | 2440 488b | e844 8b54 | 2440 498b | d24c 8b84 
  0x0000027e07d27bec: 24d8 0000 | 004c 8bcd | bf01 0000 | 0066 6690 

  0x0000027e07d27bfc: ;   {optimized virtual_call}
  0x0000027e07d27bfc: c5f8 77e8 

  0x0000027e07d27c00: ; ImmutableOopMap {rbp=Oop [80]=Oop [216]=Oop }
                      ;*invokevirtual putVal {reexecute=0 rethrow=0 return_oop=1}
                      ; - java.util.concurrent.ConcurrentHashMap::putIfAbsent@4
                      ; - java.lang.ClassLoader::getClassLoadingLock@23
                      ; - java.lang.ClassLoader::loadClass@2
  0x0000027e07d27c00: 1c00 eeff 

  0x0000027e07d27c04: ;   {other}
  0x0000027e07d27c04: 0f1f 8400 | f409 0000 | 4885 c00f | 85ae 2800 | 0048 896c | 2458 488d | 9c24 3001 | 0000 4c8b 
  0x0000027e07d27c24: 5c24 5849 | 8b03 a802 | 0f85 2300 | 0000 4883 | c801 4889 | 03f0 490f | b11b 0f84 | 3700 0000 
  0x0000027e07d27c44: 482b c448 | 2507 f0ff | ff48 8903 | e924 0000 | 004c 8bd0 | 4833 c0f0 | 4d0f b17a | 3e48 c703 
  0x0000027e07d27c64: 0300 0000 | 7411 4c3b | f875 1549 | ff82 8600 | 0000 4833 | c075 0949 | ff87 5005 | 0000 33c0 
  0x0000027e07d27c84: 0f85 da5b | 0000 4c8b | 9424 d800 | 0000 458b | 5a14 458b | 530c 4585 | d20f 86ea | 5b00 004c 
  0x0000027e07d27ca4: 8b84 24d8 | 0000 0045 | 0fbe 4810 | 4585 c90f | 8583 5e00 | 00c4 c232 | f7d2 413b | d241 0f4f 
  0x0000027e07d27cc4: d24d 8bc3 | 4d8d 4310 | b82f 0000 | 0085 d20f | 8ec8 0000 | 0044 3bd2 | 0f82 d25b | 0000 498b 
  0x0000027e07d27ce4: f848 8bdf | 83fa 100f | 8c79 0000 | 0083 fa20 | 0f8c 3600 | 0000 c5f9 | 6ec0 c4e2 

  0x0000027e07d27d00: ;   {no_reloc}
  0x0000027e07d27d00: 7d78 c0c5 | f5ef c98b | ca83 e1e0 | 83e2 1fc5 | fe6f 13c5 | ed74 d0c4 | e27d 17ca | 0f83 6900 
  0x0000027e07d27d20: 0000 4883 | c320 83e9 | 2075 e4e9 | 0d00 0000 | c5f9 6ec0 | c5f1 efc9 | c4e2 7900 | c183 fa10 
  0x0000027e07d27d40: 0f8c 2400 | 0000 8bca | 83e1 f083 | e20f c5fa | 6f13 c5e9 | 74d0 c4e2 | 7917 ca0f | 832a 0000 
  0x0000027e07d27d60: 0048 83c3 | 1083 e910 | 75e4 85d2 | 0f84 1200 | 0000 0fb6 | 0b3b c174 | 1c48 83c3 | 0183 ea01 
  0x0000027e07d27d80: 7402 ebee | bbff ffff | ffeb 0dc5 | fdd7 ca0f | bcc1 4803 | d848 2bdf | 83fb ff0f | 85d7 5d00 
  0x0000027e07d27da0: 0045 0fb6 | 1041 83fa | 5b0f 8401 | 5e00 0048 | 8b54 2450 | 4c8b 8424 | d800 0000 

  0x0000027e07d27dbc: ;   {optimized virtual_call}
  0x0000027e07d27dbc: c5f8 77e8 

  0x0000027e07d27dc0: ; ImmutableOopMap {[80]=Oop [88]=Oop [216]=Oop }
                      ;*invokevirtual findLoadedClass0 {reexecute=0 rethrow=0 return_oop=1}
                      ; - java.lang.ClassLoader::findLoadedClass@11
                      ; - java.lang.ClassLoader::loadClass@10
  0x0000027e07d27dc0: 9c28 dcff 

  0x0000027e07d27dc4: ;   {other}
  0x0000027e07d27dc4: 0f1f 8400 | b40b 0001 | 488b d848 | 85c0 0f85 | ed11 0000 | c5f8 7749 | bad0 3060 | 25f8 7f00 
  0x0000027e07d27de4: 0041 ffd2 

  0x0000027e07d27de8: ;   {other}
  0x0000027e07d27de8: 0f1f 8400 | 0000 0000 | 4889 4424 | 404c 8b54 | 2450 458b | 5218 4585 | d20f 84e1 | 5d00 0049 
  0x0000027e07d27e08: 8bd2 4c8b | 8424 d800 | 0000 4533 | c990 c5f8 | 7748 b8ff | ffff ffff 

  0x0000027e07d27e20: ;   {virtual_call}
  0x0000027e07d27e20: ffff ffe8 

  0x0000027e07d27e24: ; ImmutableOopMap {[80]=Oop [88]=Oop [216]=Oop }
                      ;*invokevirtual loadClass {reexecute=0 rethrow=0 return_oop=1}
                      ; - java.lang.ClassLoader::loadClass@38
  0x0000027e07d27e24: f05d 94ff 

  0x0000027e07d27e28: ;   {other}
  0x0000027e07d27e28: 0f1f 8400 | 180c 0002 | 488b d848 | 85c0 0f85 | 8911 0000 | c5f8 7749 | bad0 3060 | 25f8 7f00 
  0x0000027e07d27e48: 0041 ffd2 

  0x0000027e07d27e4c: ;   {other}
  0x0000027e07d27e4c: 0f1f 8400 | 0000 0000 | 4889 4424 | 484c 8b54 | 2450 458b 

  0x0000027e07d27e60: ;   {metadata('org/gradle/internal/classloader/VisitableURLClassLoader')}
  0x0000027e07d27e60: 5a08 4181 | fb08 3a00 | 010f 85fb | 3900 004c | 8994 24e0 | 0000 0045 | 8b5a 5845 | 85db 0f84 
  0x0000027e07d27e80: 353a 0000 | 498b eb48 | 8bd5 4c8b | 9424 d800 | 0000 4c89 | 5424 304c | 8b94 24e0 | 0000 004c 
  0x0000027e07d27ea0: 8954 2438 

  0x0000027e07d27ea4: ;   {static_call}
  0x0000027e07d27ea4: c5f8 77e8 

  0x0000027e07d27ea8: ; ImmutableOopMap {rbp=Oop [48]=Oop [56]=Oop [80]=Oop [88]=Oop [216]=Oop [224]=Oop }
                      ;*invokestatic ensureMaterializedForStackWalk {reexecute=0 rethrow=0 return_oop=0}
                      ; - java.security.AccessController::executePrivileged@5
                      ; - java.security.AccessController::doPrivileged@13
                      ; - java.net.URLClassLoader::findClass@13
                      ; - java.lang.ClassLoader::loadClass@69
  0x0000027e07d27ea8: b42e dfff 

  0x0000027e07d27eac: ;   {other}
  0x0000027e07d27eac: 0f1f 8400 | 9c0c 0003 | 488b dd4c | 8b94 24d8 | 0000 0045 | 0fbe 5210 | 4585 d20f | 854b 5d00 
  0x0000027e07d27ecc: 004c 8b94 | 24d8 0000 | 0045 8b4a | 1445 8b41 | 0c45 85c0 | 0f86 8603 | 0000 418d | 50ff 413b 
  0x0000027e07d27eec: d00f 8361 | 5a00 0041 | 8d70 fd4d | 8bf1 4180 | 7910 2e0f | 84bb 3900 | 0083 fe01 | 0f8e 703b 
  0x0000027e07d27f0c: 0000 bd01 | 0000 0045 | 33d2 4c89 | 9424 8000 | 0000 418b | c82b cd83 | c1fd 4533 | d23b f541 
  0x0000027e07d27f2c: 0f4c ca81 | f9a0 0f00 | 0041 baa0 | 0f00 0041 | 0f47 ca03 | cdeb 1066 | 0f1f 8400 | 0000 0000 
  0x0000027e07d27f4c: 6666 6690 | 418b eb48 | 63fd 450f | be5c 3910 | 4183 fb2e | 7465 450f | be54 3911 | 4183 fa2e 
  0x0000027e07d27f6c: 7452 450f | be5c 3912 | 4183 fb2e | 744a 450f | be54 3913 | 4183 fa2e | 7437 448d | 5d04 443b 
  0x0000027e07d27f8c: d97c c149 | 8bbf 5804 | 0000 83c5 | 0348 8b8c | 24e0 0000 | 00c5 fb10 | 8424 d800 

  0x0000027e07d27fa8: ; ImmutableOopMap {r9=NarrowOop rcx=Oop rbx=Oop r14=Oop xmm0=Oop [80]=Oop [88]=Oop [216]=Oop [224]=Oop }
                      ;*if_icmpne {reexecute=1 rethrow=0 return_oop=0}
                      ; - (reexecute) java.lang.StringLatin1::replace@28
                      ; - java.lang.String::replace@18
                      ; - java.net.URLClassLoader$1::run@8
                      ; - java.net.URLClassLoader$1::run@1
                      ; - java.security.AccessController::executePrivileged@29
                      ; - java.security.AccessController::doPrivileged@13
                      ; - java.net.URLClassLoader::findClass@13
                      ; - java.lang.ClassLoader::loadClass@69
                      ;   {poll}
  0x0000027e07d27fa8: 0000 8507 | 443b de0f | 8dda 3a00 | 0041 8beb | e961 ffff | ff83 c502 | ffc5 eb03 | 83c5 0241 
  0x0000027e07d27fc8: 3be8 0f8d | a702 0000 | 4181 f800 | 0010 000f | 8714 4100 | 0049 8b8f | b801 0000 | 4d63 d049 
  0x0000027e07d27fe8: 83c2 1749 | 83e2 f84c | 8bd9 4d03 | da4d 3b9f | c801 0000 | 0f83 ef40 | 0000 4d89 | 9fb8 0100 
  0x0000027e07d28008: 0041 0f0d | 8bc0 0000 | 0048 c701 | 0100 0000 | 410f 0d8b | 0001 0000 

  0x0000027e07d28020: ;   {metadata({type array byte})}
  0x0000027e07d28020: c741 0818 | 2300 0044 | 8941 0c41 | 0f0d 8b40 | 0100 0041 | 0f0d 8b80 | 0100 0085 | ed0f 8ea1 
  0x0000027e07d28040: 0000 0044 | 8d5d ff45 | 3bd8 0f83 | 285c 0000 | 4585 c00f | 861f 5c00 | 0041 0fbe | 7910 4088 
  0x0000027e07d28060: 7910 4183 | fb01 0f8e | 7c5c 0000 | bf01 0000 | 008b c52b | c7ff c845 | 33d2 443b | df41 0f4c 
  0x0000027e07d28080: c23d d007 | 0000 41ba | d007 0000 | 410f 47c2 | 03c7 4c63 | ef47 0fbe | 5429 1046 | 8854 2910 
  0x0000027e07d280a0: 470f be54 | 2911 4688 | 5429 1183 | c702 3bf8 | 7ce0 4d8b | 9758 0400 | 0048 8b84 | 24d8 0000 
  0x0000027e07d280c0: ; ImmutableOopMap {r9=NarrowOop rcx=Oop rbx=Oop rax=Oop r14=Oop [80]=Oop [88]=Oop [216]=Oop [224]=Oop }
                      ;*goto {reexecute=1 rethrow=0 return_oop=0}
                      ; - (reexecute) java.lang.StringLatin1::replace@76
                      ; - java.lang.String::replace@18
                      ; - java.net.URLClassLoader$1::run@8
                      ; - java.net.URLClassLoader$1::run@1
                      ; - java.security.AccessController::executePrivileged@29
                      ; - java.security.AccessController::doPrivileged@13
                      ; - java.net.URLClassLoader::findClass@13
                      ; - java.lang.ClassLoader::loadClass@69
                      ;   {poll}
  0x0000027e07d280c0: 0041 8502 | 413b fb7c | a83b fd7d | 1766 6690 | 4c63 df47 | 0fbe 5419 | 1046 8854 | 1910 ffc7 
  0x0000027e07d280e0: 3bfd 7cec | 413b e80f | 8d29 0100 | 0041 3be8 | 0f83 d359 | 0000 413b | d00f 83ca | 5900 008d 
  0x0000027e07d28100: 7d01 4c63 | d547 0fbe | 5c11 1041 | 83fb 2e0f | 8406 1900 | 0046 885c | 1110 448d | 5501 443b 
  0x0000027e07d28120: d77d 0541 | 8bea ebda | 443b d60f | 8dbc 0000 | 00ff c5e9 | 8d00 0000 | 41bb 2f00 | 0000 6690 
  0x0000027e07d28140: 4488 5c11 | 1245 0fbe | 5411 1341 | 83fa 2e74 | 4744 8854 | 1113 83c5 | 043b ef7d | 4b48 63d5 
  0x0000027e07d28160: 450f be54 | 1110 4183 | fa2e 7424 | 4488 5411 | 1045 0fbe | 5411 1141 | 83fa 2e74 | 2344 8854 
  0x0000027e07d28180: 1111 450f | be5c 1112 | 4183 fb2e | 75b2 eba8 | 41ba 2f00 | 0000 ebd4 | 41ba 2f00 | 0000 ebb1 
  0x0000027e07d281a0: 41ba 2f00 | 0000 ebd5 | 498b bf58 | 0400 004c | 8b9c 24d8 | 0000 0048 | 8b84 24e0 

  0x0000027e07d281bc: ; ImmutableOopMap {r11=Oop r9=NarrowOop rcx=Oop rbx=Oop rax=Oop r14=Oop [80]=Oop [88]=Oop [216]=Oop [224]=Oop }
                      ;*goto {reexecute=1 rethrow=0 return_oop=0}
                      ; - (reexecute) java.lang.StringLatin1::replace@113
                      ; - java.lang.String::replace@18
                      ; - java.net.URLClassLoader$1::run@8
                      ; - java.net.URLClassLoader$1::run@1
                      ; - java.security.AccessController::executePrivileged@29
                      ; - java.security.AccessController::doPrivileged@13
                      ; - java.net.URLClassLoader::findClass@13
                      ; - java.lang.ClassLoader::loadClass@69
                      ;   {poll}
  0x0000027e07d281bc: 0000 0085 | 073b ee7d | 2b41 8bf8 | 2bfd 83c7 | fd45 33db | 3bf5 410f | 4cfb 81ff | a00f 0000 
  0x0000027e07d281dc: 41ba a00f | 0000 410f | 47fa 03fd | e970 ffff | ff41 8bea | 413b e87d | 2166 6690 | 4c63 d543 
  0x0000027e07d281fc: 0fbe 7c11 | 1083 ff2e | 0f84 af22 | 0000 4288 | 7c11 10ff | c541 3be8 | 7ce2 4d8b | 97b8 0100 
  0x0000027e07d2821c: 004d 8bda | 4983 c318 | 4d3b 9fc8 | 0100 000f | 836e 3f00 | 004d 899f | b801 0000 | 410f 0d8b 
  0x0000027e07d2823c: c000 0000 | 49c7 0201 | 0000 004d | 8bda 4983 

  0x0000027e07d2824c: ;   {metadata('java/lang/String')}
  0x0000027e07d2824c: c310 41c7 | 4208 78e8 | 0000 4589 | 620c c5fd | efc0 c4c1 | 79d6 034c | 8bd9 4589 | 5a14 eb16 
  0x0000027e07d2826c: 4533 d24c | 8994 2480 | 0000 0049 | 8bc9 4c8b | 9424 d800 | 0000 448b | 490c 4585 | c90f 8625 
  0x0000027e07d2828c: 1700 0045 | 0fbe 5a10 | c442 22f7 | c14d 63e8 | 4183 fb01 | 0f84 ce5f | 0000 4585 | c00f 8ca2 
  0x0000027e07d282ac: 5e00 0049 | 8d45 068b | e885 ed0f | 8cf7 5e00 | 0048 8bf8 | 48c1 ff20 | 8bff c4e2 | 41f7 f585 
  0x0000027e07d282cc: f60f 8c09 | 6000 0081 | fe00 0010 | 000f 87dd | 5600 0048 | 63d6 81fe | 0000 1000 | 0f87 5e3c 
  0x0000027e07d282ec: 0000 498b | bfb8 0100 | 0048 83c2 | 1748 83e2 | f848 8bef | 4803 ea49 | 3baf c801 | 0000 0f83 
  0x0000027e07d2830c: 3c3c 0000 | 4989 afb8 | 0100 000f | 0d8d c000 | 0000 48c7 | 0701 0000 | 000f 0d8d | 0001 0000 
  0x0000027e07d2832c: ;   {metadata({type array byte})}
  0x0000027e07d2832c: c747 0818 | 2300 0089 | 770c 0f0d | 8d40 0100 | 000f 0d8d | 8001 0000 | 418d 4006 | 3bf0 0f82 
  0x0000027e07d2834c: 7456 0000 | 4963 d045 | 85c0 0f8f | b803 0000 | c644 1710 | 2ec6 4417 | 1163 c644 | 1712 6cc6 
  0x0000027e07d2836c: 4417 1361 | c644 1714 | 73c6 4417 | 1573 4585 | db0f 8589 | 5e00 0041 | 3bf1 0f82 | a856 0000 
  0x0000027e07d2838c: 4585 c976 | 3848 8bd7 | 4883 c210 | 4883 c110 | 4d63 c149 | 83f8 200f | 874e 0300 | 0049 baff 
  0x0000027e07d283ac: ffff ffff | ffff ffc4 | 42b8 f5d2 | c4c1 fb92 | fa62 f17f | af6f 0162 | f17f 2f7f | 0249 8b87 
  0x0000027e07d283cc: b801 0000 | 4c8b d049 | 83c2 184d | 3b97 c801 | 0000 0f83 | 253c 0000 | 4d89 97b8 | 0100 0041 
  0x0000027e07d283ec: 0f0d 8ac0 | 0000 0048 | c700 0100 

  0x0000027e07d283f8: ;   {metadata('java/lang/String')}
  0x0000027e07d283f8: 0000 c740 | 0878 e800 | 0044 8960 | 0c44 8960 | 104c 8bd7 | 4489 5014 | 4c8b 9424 | e000 0000 
  0x0000027e07d28418: 458b 5254 | 4585 d20f | 84d3 5400 | 0048 895c | 2460 498b | d24c 8bc0 | 4533 c94c | 8b94 24d8 
  0x0000027e07d28438: 0000 004c | 8954 2420 | 488b ac24 | e000 0000 

  0x0000027e07d28448: ;   {optimized virtual_call}
  0x0000027e07d28448: c5f8 77e8 

  0x0000027e07d2844c: ; ImmutableOopMap {rbp=Oop [32]=Oop [80]=Oop [88]=Oop [96]=Oop [216]=Oop [224]=Oop }
                      ;*invokevirtual getResource {reexecute=0 rethrow=0 return_oop=1}
                      ; - java.net.URLClassLoader$1::run@26
                      ; - java.net.URLClassLoader$1::run@1
                      ; - java.security.AccessController::executePrivileged@29
                      ; - java.security.AccessController::doPrivileged@13
                      ; - java.net.URLClassLoader::findClass@13
                      ; - java.lang.ClassLoader::loadClass@69
  0x0000027e07d2844c: f093 fcff 

  0x0000027e07d28450: ;   {other}
  0x0000027e07d28450: 0f1f 8400 | 4012 0007 | 4889 8424 | 9000 0000 | 4885 c00f | 8465 0100 | 00c5 f877 | 49ba d030 
  0x0000027e07d28470: 6025 f87f | 0000 41ff 

  0x0000027e07d28478: ;   {other}
  0x0000027e07d28478: d20f 1f84 | 0000 0000 | 0048 8984 | 2488 0000 | 004c 8b54 | 2420 458b | 4a14 458b | 410c 450f 
  0x0000027e07d28498: be5a 10c4 | c222 f7d8 | 448d 53ff | 4585 db0f | 85a7 6400 | 0041 8d48 | ff41 3bca | 410f 4fca 
  0x0000027e07d284b8: 498b f985 | c90f 8c00 | 0100 0045 | 85c0 0f86 | 1859 0000 | 413b c80f | 830f 5900 | 0085 c90f 
  0x0000027e07d284d8: 8ed3 5b00 | 0044 8d51 | ff45 0fbe | 5c09 1041 | 83fb 2e0f | 84b7 3300 | 00ff c941 | 3bca 7fe9 
  0x0000027e07d284f8: 83f9 020f | 8ea3 0000 | 0044 8d59 | fe45 33d2 | 83f9 0245 | 0f4c da41 | 81fb a00f | 0000 baa0 
  0x0000027e07d28518: 0f00 0044 | 0f47 da8b | f141 2bf3 | 0f1f 8400 | 0000 0000 | 6666 6690 | 4c63 d947 | 0fbe 5419 
  0x0000027e07d28538: 1041 83fa | 2e0f 84f4 | 0100 0047 | 0fbe 5c19 | 0f41 83fb | 2e0f 84e9 | 0100 0044 | 8d59 fe47 
  0x0000027e07d28558: 0fbe 5419 | 1041 83fa | 2e0f 84d9 | 0100 0044 | 8d59 fd43 | 0fbe 5419 | 1083 fa2e | 0f84 c601 
  0x0000027e07d28578: ;   {no_reloc}
  0x0000027e07d28578: 0000 83c1 | fc3b ce7f | af49 8baf | 5804 0000 | 4c8b 9424 | d800 0000 | 4c8b 9c24 

  0x0000027e07d28594: ; ImmutableOopMap {r10=Oop r11=Oop r9=NarrowOop rdi=Oop [80]=Oop [88]=Oop [96]=Oop [144]=Oop [216]=Oop [224]=Oop }
                      ;*goto {reexecute=1 rethrow=0 return_oop=0}
                      ; - (reexecute) java.lang.StringLatin1::lastIndexOf@35
                      ; - java.lang.String::lastIndexOf@13
                      ; - java.lang.String::lastIndexOf@8
                      ; - java.net.URLClassLoader::defineClass@7
                      ; - java.net.URLClassLoader$1::run@43
                      ; - java.net.URLClassLoader$1::run@1
                      ; - java.security.AccessController::executePrivileged@29
                      ; - java.security.AccessController::doPrivileged@13
                      ; - java.net.URLClassLoader::findClass@13
                      ; - java.lang.ClassLoader::loadClass@69
  0x0000027e07d28594: 9000 0000 

  0x0000027e07d28598: ;   {poll}
  0x0000027e07d28598: 8545 0083 | f902 0f8f | 5dff ffff | 83f9 ff7e | 1a66 6690 | 450f be5c | 0910 4183 | fb2e 0f84 
  0x0000027e07d285b8: 9063 0000 | ffc9 83f9 | ff7f e941 | bbff ffff | ffe9 7201 | 0000 498b | 87b8 0100 | 004c 8bd0 
  0x0000027e07d285d8: 4983 c228 | 4d3b 97c8 | 0100 000f | 83e6 3a00 | 004d 8997 | b801 0000 | 410f 0d8a | c000 0000 
  0x0000027e07d285f8: 48c7 0001 | 0000 004c | 8bd0 4983 

  0x0000027e07d28604: ;   {metadata('java/lang/ClassNotFoundException')}
  0x0000027e07d28604: c210 c740 | 0888 9306 | 0044 8960 | 0cc5 fdef | c041 b807 | 0000 00c4 | c178 92f8 | 62d1 fe2f 
  0x0000027e07d28624: 7f02 488b | e848 8bd5 | 4c8b 8424 | d800 0000 

  0x0000027e07d28634: ;   {optimized virtual_call}
  0x0000027e07d28634: c5f8 77e8 

  0x0000027e07d28638: ; ImmutableOopMap {rbp=Oop [88]=Oop [224]=Oop }
                      ;*invokespecial <init> {reexecute=0 rethrow=0 return_oop=0}
                      ; - java.net.URLClassLoader::findClass@41
                      ; - java.lang.ClassLoader::loadClass@69
  0x0000027e07d28638: c495 f0ff 

  0x0000027e07d2863c: ;   {other}
  0x0000027e07d2863c: 0f1f 8400 | 2c14 0009 | 488d 8424 | 3001 0000 | 4c8b 5c24 | 5848 8338 | 000f 8479 | 0000 004d 
  0x0000027e07d2865c: 8b13 41f6 | c202 0f84 | 6200 0000 | 4983 ba86 | 0000 0000 | 7409 49ff | 8a86 0000 | 00eb 4b49 
  0x0000027e07d2867c: 8b82 9600 | 0000 490b | 828e 0000 | 0075 0a49 | c742 3e00 | 0000 00eb | 3d49 83ba | 9e00 0000 
  0x0000027e07d2869c: 0074 2248 | 33c0 49c7 | 423e 0000 | 0000 f083 | 0424 0049 | 83ba 9e00 | 0000 0075 | 0df0 4d0f 
  0x0000027e07d286bc: b17a 3e75 | 0583 c801 | eb0c a800 | eb08 4c8b | 10f0 4d0f | b113 750a | 49ff 8f50 | 0500 0045 
  0x0000027e07d286dc: 33d2 0f85 | b853 0000 | 488b d5c5 | f877 4881 | c450 0100 

  0x0000027e07d286f0: ;   {runtime_call _rethrow_Java}
  0x0000027e07d286f0: 005d e989 | f889 ffc5 | f877 49ba | c020 5607 | 7e02 0000 

  0x0000027e07d28704: ;   {other}
  0x0000027e07d28704: 41ff d20f | 1f84 0000 | 0000 00e9 | b5fc ffff | c644 1715 | 73c6 4417 | 1473 c644 | 1713 61c6 
  0x0000027e07d28724: 4417 126c | c644 1711 | 63c6 4417 | 102e e943 | fcff ff44 | 8bd9 eb04 | 448d 59ff | 4c8b 9424 
  0x0000027e07d28744: 9000 0000 | 418b 4a08 

  0x0000027e07d2874c: ;   {metadata('jdk/internal/loader/URLClassPath$JarLoader$2')}
  0x0000027e07d2874c: 81f9 3024 | 2100 0f85 | 9f34 0000 | 418b 5220 

  0x0000027e07d2875c: ; implicit exception: dispatches to 0x0000027e07d3150c
  0x0000027e07d2875c: 8b4a 1c89 | 8c24 b000 | 0000 448b | 9424 b000 | 0000 4d8b | ea41 83fb | ff0f 844d | 3500 0045 
  0x0000027e07d2877c: 85db 0f8c | 5462 0000 | 443b db0f | 8f0b 6400 | 0044 3bdb | 0f84 0e1d | 0000 4585 | db0f 84de 
  0x0000027e07d2879c: 3800 0049 | 8b9f b801 | 0000 4c8b | d349 83c2 | 184d 3b97 | c801 0000 | 0f83 c73c | 0000 4d89 
  0x0000027e07d287bc: 97b8 0100 | 0041 0f0d | 8ac0 0000 | 0048 c703 | 0100 0000 | 488b cb48 

  0x0000027e07d287d4: ;   {metadata('java/lang/String')}
  0x0000027e07d287d4: 83c1 10c7 | 4308 78e8 | 0000 4489 | 630c c5fd | efc0 c5f9 | d601 4d8d | 5110 453b | d80f 84ee 
  0x0000027e07d287f4: 0000 0041 | 81fb 0000 | 1000 0f87 | 8072 0000 | 4963 cb45 | 3bc3 418b | e841 0f4f | eb44 3bc5 
  0x0000027e07d28814: 0f82 e272 | 0000 443b | dd0f 82d9 | 7200 0048 | 83c1 174c | 8bc1 4983 | e0f8 4181 | fb00 0010 
  0x0000027e07d28834: 000f 87ea | 4b00 0049 | 8bb7 b801 | 0000 4c8b | ce4d 03c8 | 4d3b 8fc8 | 0100 000f | 83d0 4b00 
  0x0000027e07d28854: 004d 898f | b801 0000 | 410f 0d89 | c000 0000 | 48c7 0601 | 0000 0041 | 0f0d 8900 

  0x0000027e07d28870: ;   {metadata({type array byte})}
  0x0000027e07d28870: 0100 00c7 | 4608 1823 | 0000 4489 | 5e0c 410f | 0d89 4001 | 0000 410f | 0d89 8001 | 0000 4c8b 
  0x0000027e07d28890: ce49 83c1 | 1048 c1e9 | 0385 ed0f | 84eb 7100 | 0041 3beb | 0f8c 3f35 | 0000 4889 | 7424 204c 
  0x0000027e07d288b0: 8bf3 4983 | c0f0 49c1 | e803 498b | ca49 8bd1 | c5f8 7749 | ba80 4356 | 077e 0200 | 0041 ffd2 
  0x0000027e07d288d0: ;   {other}
  0x0000027e07d288d0: 0f1f 8400 | 0000 0000 | 498b de48 | 8b74 2420 | e9bc 0000 | 0049 63e8 | 4181 f800 | 0010 000f 
  0x0000027e07d288f0: 8711 3c00 | 0049 8bb7 | b801 0000 | 4c8d 5d17 | 4983 e3f8 | 488b ce49 | 03cb 493b | 8fc8 0100 
  0x0000027e07d28910: 000f 83ef | 3b00 0049 | 898f b801 | 0000 0f0d | 89c0 0000 | 0048 c706 | 0100 0000 | 0f0d 8900 
  0x0000027e07d28930: ;   {metadata({type array byte})}
  0x0000027e07d28930: 0100 00c7 | 4608 1823 | 0000 4489 | 460c 0f0d | 8940 0100 | 000f 0d89 | 8001 0000 | 4c89 6c24 
  0x0000027e07d28950: 2048 899c | 24a0 0000 | 004c 8954 | 2430 4889 | 6c24 3848 | 8bd6 4883 | c210 4c8b | 4424 3849 
  0x0000027e07d28970: 83c0 0749 | c1e8 0348 | 8b4c 2430 | c5f8 7749 | ba80 4356 | 077e 0200 | 0041 ffd2 

  0x0000027e07d2898c: ;   {other}
  0x0000027e07d2898c: 0f1f 8400 | 0000 0000 | 488b 9c24 | a000 0000 | 4c8b 6c24 | 2041 807f | 4000 0f85 | c731 0000 
  0x0000027e07d289ac: 4c8b db4c | 8bd6 4489 | 5314 4c8b | d64d 33d3 | 49c1 ea14 | 4d85 d274 | 1a49 c1eb | 0948 b900 
  0x0000027e07d289cc: 00ba 767e | 0200 0049 | 03cb 8039 | 020f 85c7 | 3100 0044 | 8863 1048 | 899c 2400 | 0100 004c 
  0x0000027e07d289ec: 8b94 2490 | 0000 0045 

  0x0000027e07d289f4: ;   {metadata('jdk/internal/loader/URLClassPath$JarLoader$2')}
  0x0000027e07d289f4: 8b52 0841 | 81fa 3024 | 2100 0f85 | 5454 0000 | 4c8b 9424 | 9000 0000 | 4c89 9424 | b800 0000 
  0x0000027e07d28a14: ;   {oop(a 'java/lang/Class'{0x000000008000bd80} = 'jdk/internal/access/SharedSecrets')}
  0x0000027e07d28a14: 49ba 80bd | 0080 0000 | 0000 458b | 92d4 0000 | 0041 8b4a | 084c 8b9c | 24b8 0000 | 0045 8b5b 
  0x0000027e07d28a34: 2045 8b4b 

  0x0000027e07d28a38: ;   {metadata('java/util/jar/JavaUtilJarAccessImpl')}
  0x0000027e07d28a38: 1881 f9a0 | 5b31 000f | 858b 5400 | 0045 85c9 | 0f84 a452 | 0000 4d8b | d948 8d9c | 2438 0100 
  0x0000027e07d28a58: 0049 8b03 | a802 0f85 | 2300 0000 | 4883 c801 | 4889 03f0 | 490f b11b | 0f84 3700 | 0000 482b 
  0x0000027e07d28a78: c448 2507 | f0ff ff48 | 8903 e924 | 0000 004c | 8bd0 4833 | c0f0 4d0f | b17a 3e48 | c703 0300 
  0x0000027e07d28a98: 0000 7411 | 4c3b f875 | 1549 ff82 | 8600 0000 | 4833 c075 | 0949 ff87 | 5005 0000 | 33c0 0f85 
  0x0000027e07d28ab8: a854 0000 | 418b 6930 | 85ed 0f85 | 6861 0000 | 450f b641 | 1245 85c0 | 0f85 072e | 0000 488d 
  0x0000027e07d28ad8: 8424 3801 | 0000 4883 | 3800 0f84 | 7900 0000 | 4d8b 1341 | f6c2 020f | 8462 0000 | 0049 83ba 
  0x0000027e07d28af8: 8600 0000 | 0074 0949 | ff8a 8600 | 0000 eb4b | 498b 8296 | 0000 0049 | 0b82 8e00 | 0000 750a 
  0x0000027e07d28b18: 49c7 423e | 0000 0000 | eb3d 4983 | ba9e 0000 | 0000 7422 | 4833 c049 | c742 3e00 | 0000 00f0 
  0x0000027e07d28b38: ;   {no_reloc}
  0x0000027e07d28b38: 8304 2400 | 4983 ba9e | 0000 0000 | 750d f04d | 0fb1 7a3e | 7505 83c8 | 01eb 0ca8 | 00eb 084c 
  0x0000027e07d28b58: 8b10 f04d | 0fb1 1375 | 0a49 ff8f | 5005 0000 | 4533 d20f | 8596 5400 | 004c 8b94 | 24b8 0000 
  0x0000027e07d28b78: 0045 8b52 | 2041 8b6a | 1844 8b5d 

  0x0000027e07d28b84: ;   {metadata('java/util/jar/JarFile')}
  0x0000027e07d28b84: 0841 81fb | 0814 1900 | 0f85 a054 | 0000 4c8b | dd41 8b5b | 2885 db0f | 846d 1b00 | 008b 6b0c 
  0x0000027e07d28ba4: 4180 7f40 | 000f 8596 | 2f00 0044 | 8b55 084c 

  0x0000027e07d28bb4: ;   {oop(a 'java/lang/Class'{0x000000008001a750} = 'java/lang/ref/SoftReference')}
  0x0000027e07d28bb4: 8b43 2049 | b950 a701 | 8000 0000 | 004d 8b49 | 704d 3bc1 | 0f85 e22c 

  0x0000027e07d28bcc: ;   {metadata('java/util/jar/Manifest')}
  0x0000027e07d28bcc: 0000 4181 | faa0 e104 | 000f 8501 | 8500 004c | 8bcd 4c8b | b424 e000 | 0000 458b | 5638 4585 
  0x0000027e07d28bec: d20f 8475 | 5100 004c | 8b9c 2400 | 0100 0041 | 8b43 0c85 | c00f 85d3 | 0000 0041 | 0fb6 4b11 
  0x0000027e07d28c0c: 85c9 0f85 | 9731 0000 | 418b 4b14 | 498b ea48 | 8bd1 4180 | 7b10 000f | 8580 3600 | 0044 8954 
  0x0000027e07d28c2c: 2424 4c89 | 4c24 704c | 8b94 24b8 | 0000 004c | 8954 2468 | 48ff b424 | 0001 0000 | 488f 4424 
  0x0000027e07d28c4c: 384c 896c | 2430 448b | 9c24 b000 | 0000 4489 | 5c24 204c | 8b94 24d8 | 0000 004c | 8994 24a0 
  0x0000027e07d28c6c: 0000 004d | 8bd6 4c89 | 9424 a800 | 0000 4d8b | d64c 8994 | 24b8 0000 | 0066 6690 

  0x0000027e07d28c88: ;   {static_call}
  0x0000027e07d28c88: c5f8 77e8 

  0x0000027e07d28c8c: ; ImmutableOopMap {rbp=Oop [32]=NarrowOop [36]=NarrowOop [48]=Oop [56]=Oop [80]=Oop [88]=Oop [96]=Oop [104]=Oop [112]=Oop [144]=Oop [160]=Oop [168]=Oop [184]=Oop [216]=Oop [224]=Oop [256]=Oop }
                      ;*invokestatic hashCode {reexecute=0 rethrow=0 return_oop=0}
                      ; - java.lang.String::hashCode@27
                      ; - java.util.concurrent.ConcurrentHashMap::get@1
                      ; - java.lang.ClassLoader::getDefinedPackage@13
                      ; - java.net.URLClassLoader::getAndVerifyPackage@2
                      ; - java.net.URLClassLoader::defineClass@46
                      ; - java.net.URLClassLoader$1::run@43
                      ; - java.net.URLClassLoader$1::run@1
                      ; - java.security.AccessController::executePrivileged@29
                      ; - java.security.AccessController::doPrivileged@13
                      ; - java.net.URLClassLoader::findClass@13
                      ; - java.lang.ClassLoader::loadClass@69
  0x0000027e07d28c8c: b05c ddff 

  0x0000027e07d28c90: ;   {other}
  0x0000027e07d28c90: 0f1f 8400 | 801a 000a | 85c0 0f84 | 7d36 0000 | 4c8b 5c24 | 3841 8943 | 0c4c 8bb4 | 24e0 0000 
  0x0000027e07d28cb0: 0044 8b44 | 2420 4489 | 8424 b000 | 0000 4c8b | 5424 684c | 8994 24b8 | 0000 004c | 8b4c 2470 
  0x0000027e07d28cd0: 448b 5424 | 244c 8b6c | 2430 418b | 4a28 85c9 | 7435 448b | 410c 4585 | c00f 8679 | 5d00 0044 
  0x0000027e07d28cf0: 8bd0 41c1 | ea10 4433 | d041 ffc8 | 4181 e2ff | ffff 7f45 | 23c2 4d63 | c046 8b44 | 8110 4585 
  0x0000027e07d28d10: c00f 8578 

  0x0000027e07d28d14: ;   {metadata('java/lang/IllegalArgumentException')}
  0x0000027e07d28d14: 0300 0048 | bdc0 9a06 | 0f7e 0200 | 004d 85c9 | 0f84 8a2d | 0000 4c89 | 4c24 204c | 895c 2468 
  0x0000027e07d28d34: 4c89 6c24 | 304c 89b4 | 24e0 0000 | 0049 8bd6 | 4d8b c349 | 8bfd 4c89 | 7424 704c | 8b94 24d8 
  0x0000027e07d28d54: 0000 004c | 8954 2478 | 4c89 9424 | 9800 0000 | 4c89 b424 | a000 0000 

  0x0000027e07d28d6c: ;   {optimized virtual_call}
  0x0000027e07d28d6c: c5f8 77e8 

  0x0000027e07d28d70: ; ImmutableOopMap {[32]=Oop [48]=Oop [80]=Oop [88]=Oop [96]=Oop [104]=Oop [112]=Oop [120]=Oop [144]=Oop [152]=Oop [160]=Oop [176]=NarrowOop [184]=Oop [216]=Oop [224]=Oop }
                      ;*invokevirtual definePackage {reexecute=0 rethrow=0 return_oop=1}
                      ; - java.net.URLClassLoader::defineClass@64
                      ; - java.net.URLClassLoader$1::run@43
                      ; - java.net.URLClassLoader$1::run@1
                      ; - java.security.AccessController::executePrivileged@29
                      ; - java.security.AccessController::doPrivileged@13
                      ; - java.net.URLClassLoader::findClass@13
                      ; - java.lang.ClassLoader::loadClass@69
  0x0000027e07d28d70: 2c04 80f8 

  0x0000027e07d28d74: ;   {other}
  0x0000027e07d28d74: 0f1f 8400 | 641b 000b | 4c8b b424 | e000 0000 | 4c89 b424 | e000 0000 | 488b 9424 | 9000 0000 
  0x0000027e07d28d94: 4c8b 9424 | d800 0000 | 4c89 5424 | 3849 8bee 

  0x0000027e07d28da4: ;   {optimized virtual_call}
  0x0000027e07d28da4: c5f8 77e8 

  0x0000027e07d28da8: ; ImmutableOopMap {rbp=Oop [48]=Oop [56]=Oop [80]=Oop [88]=Oop [96]=Oop [144]=Oop [176]=NarrowOop [216]=Oop [224]=Oop }
                      ;*invokevirtual getByteBuffer {reexecute=0 rethrow=0 return_oop=1}
                      ; - java.net.URLClassLoader::defineClass@132
                      ; - java.net.URLClassLoader$1::run@43
                      ; - java.net.URLClassLoader$1::run@1
                      ; - java.security.AccessController::executePrivileged@29
                      ; - java.security.AccessController::doPrivileged@13
                      ; - java.net.URLClassLoader::findClass@13
                      ; - java.lang.ClassLoader::loadClass@69
  0x0000027e07d28da8: 14bd 0500 

  0x0000027e07d28dac: ;   {other}
  0x0000027e07d28dac: 0f1f 8400 | 9c1b 000c | 4885 c00f | 8563 5d00 | 0048 8b94 | 2490 0000 | 0044 8b5a 

  0x0000027e07d28dc8: ;   {metadata('jdk/internal/loader/URLClassPath$JarLoader$2')}
  0x0000027e07d28dc8: 0841 81fb | 3024 2100 | 0f85 402e | 0000 4889 | 5424 6890 

  0x0000027e07d28ddc: ;   {optimized virtual_call}
  0x0000027e07d28ddc: c5f8 77e8 

  0x0000027e07d28de0: ; ImmutableOopMap {rbp=Oop [48]=Oop [56]=Oop [80]=Oop [88]=Oop [96]=Oop [104]=Oop [144]=Oop [176]=NarrowOop [216]=Oop [224]=Oop }
                      ;*invokevirtual getBytes {reexecute=0 rethrow=0 return_oop=1}
                      ; - java.net.URLClassLoader::defineClass@179
                      ; - java.net.URLClassLoader$1::run@43
                      ; - java.net.URLClassLoader$1::run@1
                      ; - java.security.AccessController::executePrivileged@29
                      ; - java.security.AccessController::doPrivileged@13
                      ; - java.net.URLClassLoader::findClass@13
                      ; - java.lang.ClassLoader::loadClass@69
  0x0000027e07d28de0: 3c92 e4ff 

  0x0000027e07d28de4: ;   {other}
  0x0000027e07d28de4: 0f1f 8400 | d41b 000d | 4889 8424 | 9800 0000 | 4c8b 9424 | 9000 0000 | 458b 4208 

  0x0000027e07d28e00: ;   {metadata('jdk/internal/loader/URLClassPath$JarLoader$2')}
  0x0000027e07d28e00: 4181 f830 | 2421 000f | 8540 2e00 | 0048 8b94 | 2490 0000 | 004c 8b94 | 24d8 0000 | 004c 8954 
  0x0000027e07d28e20: 2438 4c89 | 5424 6890 

  0x0000027e07d28e28: ;   {optimized virtual_call}
  0x0000027e07d28e28: c5f8 77e8 

  0x0000027e07d28e2c: ; ImmutableOopMap {rbp=Oop [48]=Oop [56]=Oop [80]=Oop [88]=Oop [96]=Oop [104]=Oop [144]=Oop [152]=Oop [176]=NarrowOop [216]=Oop [224]=Oop }
                      ;*invokevirtual getCodeSigners {reexecute=0 rethrow=0 return_oop=1}
                      ; - java.net.URLClassLoader::defineClass@185
                      ; - java.net.URLClassLoader$1::run@43
                      ; - java.net.URLClassLoader$1::run@1
                      ; - java.security.AccessController::executePrivileged@29
                      ; - java.security.AccessController::doPrivileged@13
                      ; - java.net.URLClassLoader::findClass@13
                      ; - java.lang.ClassLoader::loadClass@69
  0x0000027e07d28e2c: b0c5 0300 

  0x0000027e07d28e30: ;   {other}
  0x0000027e07d28e30: 0f1f 8400 | 201c 000e | 4889 8424 | 8000 0000 | 4c8b 9424 | 9000 0000 | 498b 87b8 | 0100 004c 
  0x0000027e07d28e50: 8bd8 4983 | c328 4d3b | 9fc8 0100 | 000f 83fc | 3300 004d | 899f b801 | 0000 410f | 0d8b c000 
  0x0000027e07d28e70: 0000 48c7 | 0001 0000 | 004c 8bd8 | 4983 c310 

  0x0000027e07d28e80: ;   {metadata('java/security/CodeSource')}
  0x0000027e07d28e80: c740 0828 | 5c00 0044 | 8960 0cc5 | fdef c041 | b907 0000 | 00c4 c178 | 92f9 62d1 | fe2f 7f03 
  0x0000027e07d28ea0: 4c89 9424 | 9000 0000 | 4889 8424 | a000 0000 | 488b d04c | 8b44 2430 | 4c8b 8c24 | 8000 0000 
  0x0000027e07d28ec0: 4c8b 9424 | e000 0000 | 4c89 5424 | 204c 8b94 | 24d8 0000 | 004c 8954 | 2430 4c89 | 5424 3848 
  0x0000027e07d28ee0: 8b6c 2420 

  0x0000027e07d28ee4: ;   {optimized virtual_call}
  0x0000027e07d28ee4: c5f8 77e8 

  0x0000027e07d28ee8: ; ImmutableOopMap {rbp=Oop [32]=Oop [48]=Oop [56]=Oop [80]=Oop [88]=Oop [96]=Oop [144]=Oop [152]=Oop [160]=Oop [216]=Oop [224]=Oop }
                      ;*invokespecial <init> {reexecute=0 rethrow=0 return_oop=0}
                      ; - java.net.URLClassLoader::defineClass@198
                      ; - java.net.URLClassLoader$1::run@43
                      ; - java.net.URLClassLoader$1::run@1
                      ; - java.security.AccessController::executePrivileged@29
                      ; - java.security.AccessController::doPrivileged@13
                      ; - java.net.URLClassLoader::findClass@13
                      ; - java.lang.ClassLoader::loadClass@69
  0x0000027e07d28ee8: f435 ffff 

  0x0000027e07d28eec: ;   {other}
  0x0000027e07d28eec: 0f1f 8400 | dc1c 000f 

  0x0000027e07d28ef4: ;   {oop(a 'jdk/internal/perf/PerfCounter'{0x0000000080571a28})}
  0x0000027e07d28ef4: 48ba 281a | 5780 0000 | 0000 4c8b | 8424 8800 | 0000 6690 

  0x0000027e07d28f08: ;   {optimized virtual_call}
  0x0000027e07d28f08: c5f8 77e8 

  0x0000027e07d28f0c: ; ImmutableOopMap {rbp=Oop [48]=Oop [80]=Oop [88]=Oop [96]=Oop [144]=Oop [152]=Oop [160]=Oop [216]=Oop [224]=Oop }
                      ;*invokevirtual addElapsedTimeFrom {reexecute=0 rethrow=0 return_oop=0}
                      ; - java.net.URLClassLoader::defineClass@207
                      ; - java.net.URLClassLoader$1::run@43
                      ; - java.net.URLClassLoader$1::run@1
                      ; - java.security.AccessController::executePrivileged@29
                      ; - java.security.AccessController::doPrivileged@13
                      ; - java.net.URLClassLoader::findClass@13
                      ; - java.lang.ClassLoader::loadClass@69
  0x0000027e07d28f0c: 3016 f4ff 

  0x0000027e07d28f10: ;   {other}
  0x0000027e07d28f10: 0f1f 8400 | 001d 0010 | 4c8b 8c24 | 9800 0000 

  0x0000027e07d28f20: ; implicit exception: dispatches to 0x0000027e07d31350
  0x0000027e07d28f20: 418b 710c | 488b d54c | 8b44 2430 | 33ff 488b | 8c24 a000 | 0000 4c89 | 4424 2090 

  0x0000027e07d28f3c: ;   {optimized virtual_call}
  0x0000027e07d28f3c: c5f8 77e8 

  0x0000027e07d28f40: ; ImmutableOopMap {rbp=Oop [32]=Oop [48]=Oop [80]=Oop [88]=Oop [96]=Oop [144]=Oop [216]=Oop [224]=Oop }
                      ;*invokevirtual defineClass {reexecute=0 rethrow=0 return_oop=1}
                      ; - java.net.URLClassLoader::defineClass@220
                      ; - java.net.URLClassLoader$1::run@43
                      ; - java.net.URLClassLoader$1::run@1
                      ; - java.security.AccessController::executePrivileged@29
                      ; - java.security.AccessController::doPrivileged@13
                      ; - java.net.URLClassLoader::findClass@13
                      ; - java.lang.ClassLoader::loadClass@69
  0x0000027e07d28f40: bc71 ffff 

  0x0000027e07d28f44: ;   {other}
  0x0000027e07d28f44: 0f1f 8400 | 341d 0011 | 4885 c00f | 8479 f6ff | ff48 8944 | 2420 4c8b | 4424 484c | 2b44 2440 
  0x0000027e07d28f64: ;   {oop(a 'jdk/internal/perf/PerfCounter'{0x0000000080573270})}
  0x0000027e07d28f64: 48ba 7032 | 5780 0000 | 0000 6690 

  0x0000027e07d28f70: ;   {optimized virtual_call}
  0x0000027e07d28f70: c5f8 77e8 

  0x0000027e07d28f74: ; ImmutableOopMap {[32]=Oop [80]=Oop [88]=Oop }
                      ;*invokevirtual add {reexecute=0 rethrow=0 return_oop=0}
                      ; - jdk.internal.perf.PerfCounter::addTime@2
                      ; - java.lang.ClassLoader::loadClass@82
  0x0000027e07d28f74: e844 e9ff 

  0x0000027e07d28f78: ;   {other}
  0x0000027e07d28f78: 0f1f 8400 | 681d 0012 

  0x0000027e07d28f80: ;   {oop(a 'jdk/internal/perf/PerfCounter'{0x0000000080573288})}
  0x0000027e07d28f80: 48ba 8832 | 5780 0000 | 0000 4c8b | 4424 4890 

  0x0000027e07d28f90: ;   {optimized virtual_call}
  0x0000027e07d28f90: c5f8 77e8 

  0x0000027e07d28f94: ; ImmutableOopMap {[32]=Oop [80]=Oop [88]=Oop }
                      ;*invokevirtual addElapsedTimeFrom {reexecute=0 rethrow=0 return_oop=0}
                      ; - java.lang.ClassLoader::loadClass@90
  0x0000027e07d28f94: a815 f4ff 

  0x0000027e07d28f98: ;   {other}
  0x0000027e07d28f98: 0f1f 8400 | 881d 0013 | 41b8 0100 

  0x0000027e07d28fa4: ;   {oop(a 'jdk/internal/perf/PerfCounter'{0x00000000805732a0})}
  0x0000027e07d28fa4: 0000 48ba | a032 5780 | 0000 0000 

  0x0000027e07d28fb0: ;   {optimized virtual_call}
  0x0000027e07d28fb0: c5f8 77e8 

  0x0000027e07d28fb4: ; ImmutableOopMap {[32]=Oop [80]=Oop [88]=Oop }
                      ;*invokevirtual add {reexecute=0 rethrow=0 return_oop=0}
                      ; - jdk.internal.perf.PerfCounter::increment@2
                      ; - java.lang.ClassLoader::loadClass@96
  0x0000027e07d28fb4: a844 e9ff 

  0x0000027e07d28fb8: ;   {other}
  0x0000027e07d28fb8: 0f1f 8400 | a81d 0014 | 488b 5c24 | 2044 8b54 | 242c 4585 | d20f 85e5 | 5c00 0048 | 8d84 2430 
  0x0000027e07d28fd8: 0100 004c | 8b5c 2458 | 4883 3800 | 0f84 7900 | 0000 4d8b | 1341 f6c2 | 020f 8462 | 0000 0049 
  0x0000027e07d28ff8: 83ba 8600 | 0000 0074 | 0949 ff8a | 8600 0000 | eb4b 498b | 8296 0000 | 0049 0b82 | 8e00 0000 
  0x0000027e07d29018: 750a 49c7 | 423e 0000 | 0000 eb3d | 4983 ba9e | 0000 0000 | 7422 4833 | c049 c742 | 3e00 0000 
  0x0000027e07d29038: 00f0 8304 | 2400 4983 | ba9e 0000 | 0000 750d | f04d 0fb1 | 7a3e 7505 | 83c8 01eb | 0ca8 00eb 
  0x0000027e07d29058: 084c 8b10 | f04d 0fb1 | 1375 0a49 | ff8f 5005 | 0000 4533 | d20f 85b1 | 5000 0048 | 8bc3 c5f8 
  0x0000027e07d29078: 7748 81c4 | 5001 0000 

  0x0000027e07d29080: ;   {poll_return}
  0x0000027e07d29080: 5d49 3ba7 | 5004 0000 | 0f87 a998 | 0000 c341 | 8b68 0c41 | 3bea 0f84 | 2801 0000 | 85ed 0f8c 
  0x0000027e07d290a0: e86d 0000 | 498b c88b | 4918 85c9 | 0f84 65fc | ffff 488b | d944 8b43 | 0c49 8baf | 5804 0000 
  0x0000027e07d290c0: 488b bc24 

  0x0000027e07d290c4: ; ImmutableOopMap {r11=Oop r9=Oop rbx=Oop rdi=Oop r13=Oop r14=Oop [80]=Oop [88]=Oop [96]=Oop [144]=Oop [176]=NarrowOop [184]=Oop [216]=Oop }
                      ;*if_icmpne {reexecute=1 rethrow=0 return_oop=0}
                      ; - (reexecute) java.util.concurrent.ConcurrentHashMap::get@127
                      ; - java.lang.ClassLoader::getDefinedPackage@13
                      ; - java.net.URLClassLoader::getAndVerifyPackage@2
                      ; - java.net.URLClassLoader::defineClass@46
                      ; - java.net.URLClassLoader$1::run@43
                      ; - java.net.URLClassLoader$1::run@1
                      ; - java.security.AccessController::executePrivileged@29
                      ; - java.security.AccessController::doPrivileged@13
                      ; - java.net.URLClassLoader::findClass@13
                      ; - java.lang.ClassLoader::loadClass@69
  0x0000027e07d290c4: d800 0000 

  0x0000027e07d290c8: ;   {poll}
  0x0000027e07d290c8: 8545 0045 | 3bc2 7410 | 8b4b 1885 | c90f 843c | fcff ff48 | 8bd9 ebd5 | 8b6b 104c | 8bc5 4d3b 
  0x0000027e07d290e8: c30f 84bc | 0000 0085 | ed0f 84c0 | 7300 0048 | 895c 2478 | 4489 5424 | 244c 894c | 2470 4c8b 
  0x0000027e07d29108: 9424 b800 | 0000 4c89 | 5424 684c | 895c 2438 | 4c89 6c24 | 3044 8b94 | 24b0 0000 | 0044 8954 
  0x0000027e07d29128: 2420 4c89 | b424 e000 | 0000 4c8b | c549 8bd3 | 4c89 b424 | a800 0000 | 4889 bc24 | b000 0000 
  0x0000027e07d29148: 4c89 b424 | b800 0000 

  0x0000027e07d29150: ;   {optimized virtual_call}
  0x0000027e07d29150: c5f8 77e8 

  0x0000027e07d29154: ; ImmutableOopMap {[32]=NarrowOop [48]=Oop [56]=Oop [80]=Oop [88]=Oop [96]=Oop [104]=Oop [112]=Oop [120]=Oop [144]=Oop [168]=Oop [176]=Oop [184]=Oop [216]=Oop [224]=Oop }
                      ;*invokevirtual equals {reexecute=0 rethrow=0 return_oop=0}
                      ; - java.util.concurrent.ConcurrentHashMap::get@149
                      ; - java.lang.ClassLoader::getDefinedPackage@13
                      ; - java.net.URLClassLoader::getAndVerifyPackage@2
                      ; - java.net.URLClassLoader::defineClass@46
                      ; - java.net.URLClassLoader$1::run@43
                      ; - java.net.URLClassLoader$1::run@1
                      ; - java.security.AccessController::executePrivileged@29
                      ; - java.security.AccessController::doPrivileged@13
                      ; - java.net.URLClassLoader::findClass@13
                      ; - java.lang.ClassLoader::loadClass@69
  0x0000027e07d29154: e82e dbff 

  0x0000027e07d29158: ;   {other}
  0x0000027e07d29158: 0f1f 8400 | 481f 0016 | 4d8b 9758 

  0x0000027e07d29164: ; ImmutableOopMap {[32]=NarrowOop [48]=Oop [56]=Oop [80]=Oop [88]=Oop [96]=Oop [104]=Oop [112]=Oop [120]=Oop [144]=Oop [168]=Oop [176]=Oop [216]=Oop }
                      ;*ifeq {reexecute=1 rethrow=0 return_oop=0}
                      ; - (reexecute) java.util.concurrent.ConcurrentHashMap::get@152
                      ; - java.lang.ClassLoader::getDefinedPackage@13
                      ; - java.net.URLClassLoader::getAndVerifyPackage@2
                      ; - java.net.URLClassLoader::defineClass@46
                      ; - java.net.URLClassLoader$1::run@43
                      ; - java.net.URLClassLoader$1::run@1
                      ; - java.security.AccessController::executePrivileged@29
                      ; - java.security.AccessController::doPrivileged@13
                      ; - java.net.URLClassLoader::findClass@13
                      ; - java.lang.ClassLoader::loadClass@69
                      ;   {poll}
  0x0000027e07d29164: 0400 0041 | 8502 85c0 | 0f84 1a2f | 0000 4c8b | b424 a800 | 0000 448b | 5c24 2044 | 899c 24b0 
  0x0000027e07d29184: 0000 004c | 8b54 2430 | 4c8b 5c24 | 384c 8b44 | 2468 4c89 | 8424 b800 | 0000 4c8b | 4c24 7048 
  0x0000027e07d291a4: 8b5c 2478 | 4d8b ea8b | 6b14 85ed | 0f84 61fb | ffff 410f | b64b 1141 | 8b43 0ce9 | 3201 0000 
  0x0000027e07d291c4: 418b 6810 | 488b cd49 | 3bcb 0f84 | 0d01 0000 

  0x0000027e07d291d4: ; implicit exception: dispatches to 0x0000027e07d31c44
  0x0000027e07d291d4: 8b5d 0848 | 8bcd 4c3b | d90f 84fe 

  0x0000027e07d291e0: ;   {metadata('java/lang/String')}
  0x0000027e07d291e0: 0000 0081 | fb78 e800 | 000f 8539 | 7e00 0041 | 0fbe 5b10 | 0fbe 6910 | 3bdd 0f85 | 146b 0000 
  0x0000027e07d29200: 8b59 1441 | 8b43 148b | 530c 8b48 | 0c3b ca0f | 854b 6000 | 0048 8bfb | 488d 7310 | 488b d848 
  0x0000027e07d29220: 8d78 1085 | c90f 849d | 0000 008b | c183 e01f | 83e1 e00f | 844b 0000 | 0048 8d3c | 0f48 8d34 
  0x0000027e07d29240: 0e48 f7d9 | c5fe 6f04 | 0fc5 fe6f | 0c0e c5fd | efc1 c4e2 | 7d17 c00f | 8572 0000 | 0048 83c1 
  0x0000027e07d29260: 2075 e185 | c00f 845d | 0000 00c5 | fe6f 4407 | e0c5 fe6f | 4c06 e0c5 | fdef c1c4 | e27d 17c0 
  0x0000027e07d29280: 754d eb44 | 8bc8 83e1 | fc74 1948 | 8d3c 0f48 | 8d34 0e48 | f7d9 8b1c | 0f3b 1c0e | 7531 4883 
  0x0000027e07d292a0: c104 75f2 | a802 7412 | 0fb7 1f0f | b70e 3bd9 | 751d 488d | 7f02 488d | 7602 a801 | 740a 0fb6 
  0x0000027e07d292c0: 1f0f b60e | 3bd9 7507 | b801 0000 | 00eb 0233 | c0c5 fdef | c0c5 f5ef | c985 c00f | 8483 5f00 
  0x0000027e07d292e0: ;   {no_reloc}
  0x0000027e07d292e0: 0041 8b68 | 1485 ed0f | 842a faff | ff41 8b43 | 0c41 0fb6 | 4b11 448b 

  0x0000027e07d292f8: ;   {metadata('java/lang/Package')}
  0x0000027e07d292f8: 5508 4181 | fae8 bd01 | 000f 85e5 | 7900 0045 | 8b43 1445 | 8b50 0c48 | 8bdd 8b7b | 1045 85d2 
  0x0000027e07d29318: 0f86 8e51 | 0000 458b | 5638 4585 | d20f 8419 | 5000 0085 | c00f 85cb | 0000 0085 | c90f 859b 
  0x0000027e07d29338: 2b00 0049 | 8bd0 498b | ea41 807b | 1000 0f85 | a232 0000 | 4489 5424 | 2889 7c24 | 244c 894c 
  0x0000027e07d29358: 2470 4c8b | 9424 b800 | 0000 4c89 | 5424 684c | 895c 2438 | 4c89 6c24 | 3044 8b9c | 24b0 0000 
  0x0000027e07d29378: 0044 895c | 2420 4c89 | b424 e000 | 0000 4c8b | 9424 d800 | 0000 4c89 | 9424 a000 | 0000 4c89 
  0x0000027e07d29398: b424 a800 | 0000 4c89 | b424 b800 | 0000 6690 

  0x0000027e07d293a8: ;   {static_call}
  0x0000027e07d293a8: c5f8 77e8 

  0x0000027e07d293ac: ; ImmutableOopMap {rbp=Oop [32]=NarrowOop [36]=NarrowOop [40]=NarrowOop [48]=Oop [56]=Oop [80]=Oop [88]=Oop [96]=Oop [104]=Oop [112]=Oop [144]=Oop [160]=Oop [168]=Oop [184]=Oop [216]=Oop [224]=Oop }
                      ;*invokestatic hashCode {reexecute=0 rethrow=0 return_oop=0}
                      ; - java.lang.String::hashCode@27
                      ; - java.util.concurrent.ConcurrentHashMap::get@1
                      ; - java.lang.ClassLoader::definePackage@47
                      ; - java.lang.ClassLoader::getDefinedPackage@32
                      ; - java.net.URLClassLoader::getAndVerifyPackage@2
                      ; - java.net.URLClassLoader::defineClass@46
                      ; - java.net.URLClassLoader$1::run@43
                      ; - java.net.URLClassLoader$1::run@1
                      ; - java.security.AccessController::executePrivileged@29
                      ; - java.security.AccessController::doPrivileged@13
                      ; - java.net.URLClassLoader::findClass@13
                      ; - java.lang.ClassLoader::loadClass@69
  0x0000027e07d293ac: d064 85ff 

  0x0000027e07d293b0: ;   {other}
  0x0000027e07d293b0: 0f1f 8400 | a021 0018 | 85c0 0f84 | 9d32 0000 | 4c8b 5c24 | 3841 8943 | 0c4c 8bb4 | 24e0 0000 
  0x0000027e07d293d0: 0044 8b54 | 2420 4489 | 9424 b000 | 0000 4c8b | 5424 684c | 8994 24b8 | 0000 004c | 8b4c 2470 
  0x0000027e07d293f0: 8b7c 2424 | 448b 5424 | 284c 8b6c | 2430 418b | 5a28 85db | 0f84 f002 | 0000 448b | 430c 4585 
  0x0000027e07d29410: c00f 86f3 | 5f00 0044 | 8bd0 41c1 | ea10 4433 | d041 ffc8 | 4181 e2ff | ffff 7f45 | 23c2 4d63 
  0x0000027e07d29430: c046 8b44 | 8310 4585 | c00f 84bb | 0200 0041 | 8b68 0c41 | 3bea 0f85 | 8001 0000 | 418b 6810 
  0x0000027e07d29450: 488b cd49 | 3bcb 0f84 | 4b01 0000 

  0x0000027e07d2945c: ; implicit exception: dispatches to 0x0000027e07d31cf8
  0x0000027e07d2945c: 8b4d 0849 | 8bd5 488b | dd4c 3bdb | 0f84 3901 

  0x0000027e07d2946c: ;   {metadata('java/lang/String')}
  0x0000027e07d2946c: 0000 81f9 | 78e8 0000 | 0f85 f67a | 0000 410f | be73 100f | be6b 103b | f50f 85b5 | 6a00 00c4 
  0x0000027e07d2948c: c179 6ef8 | c4c1 796e | eac5 f96e | e7c4 c1f9 | 6ed9 4c8b | 8c24 d800 | 0000 448b | 4314 418b 
  0x0000027e07d294ac: 5b14 c4c1 | f96e c341 | 8b78 0c8b | 4b0c 3bcf | 0f85 ca66 | 0000 4d8b | d849 8d70 | 104c 8bdb 
  0x0000027e07d294cc: 488d 7b10 | 85c9 0f84 | 9f00 0000 | 8bc1 83e0 | 1f83 e1e0 | 0f84 4d00 | 0000 488d | 3c0f 488d 
  0x0000027e07d294ec: 340e 48f7 | d9c5 fe6f | 340f c57e | 6f04 0ec4 | c14d eff0 | c4e2 7d17 | f60f 8573 | 0000 0048 
  0x0000027e07d2950c: 83c1 2075 | e085 c00f | 845e 0000 | 00c5 fe6f | 7407 e0c5 | 7e6f 4406 | e0c4 c14d | eff0 c4e2 
  0x0000027e07d2952c: 7d17 f675 | 4deb 448b | c883 e1fc | 7419 488d | 3c0f 488d | 340e 48f7 | d98b 1c0f | 3b1c 0e75 
  0x0000027e07d2954c: 3148 83c1 | 0475 f2a8 | 0274 120f | b71f 0fb7 | 0e3b d975 | 1d48 8d7f | 0248 8d76 | 02a8 0174 
  0x0000027e07d2956c: ;   {no_reloc}
  0x0000027e07d2956c: 0a0f b61f | 0fb6 0e3b | d975 07b8 | 0100 0000 | eb02 33c0 | c5cd eff6 | c441 3def | c085 c00f 
  0x0000027e07d2958c: 84ff 6500 | 00c4 c1f9 | 7ec3 c4c1 | f97e d9c5 | f97e e7c4 | c179 7ef8 | 4c8b ea41 | 8b68 1485 
  0x0000027e07d295ac: ed0f 8447 | 0100 0044 

  0x0000027e07d295b4: ;   {metadata('java/lang/Package')}
  0x0000027e07d295b4: 8b55 0841 | 81fa e8bd | 0100 0f85 | a07b 0000 | 488b dde9 | 5602 0000 | 85ed 0f8c | 2c6a 0000 
  0x0000027e07d295d4: 498b c88b | 4918 85c9 | 0f84 1801 | 0000 488b | d98b 4b0c | 498b af58 | 0400 0048 | 8b94 24d8 
  0x0000027e07d295f4: ; ImmutableOopMap {r11=Oop r9=Oop rbx=Oop rdi=NarrowOop rdx=Oop r13=Oop r14=Oop [80]=Oop [88]=Oop [96]=Oop [144]=Oop [176]=NarrowOop [184]=Oop [216]=Oop }
                      ;*if_icmpne {reexecute=1 rethrow=0 return_oop=0}
                      ; - (reexecute) java.util.concurrent.ConcurrentHashMap::get@127
                      ; - java.lang.ClassLoader::definePackage@47
                      ; - java.lang.ClassLoader::getDefinedPackage@32
                      ; - java.net.URLClassLoader::getAndVerifyPackage@2
                      ; - java.net.URLClassLoader::defineClass@46
                      ; - java.net.URLClassLoader$1::run@43
                      ; - java.net.URLClassLoader$1::run@1
                      ; - java.security.AccessController::executePrivileged@29
                      ; - java.security.AccessController::doPrivileged@13
                      ; - java.net.URLClassLoader::findClass@13
                      ; - java.lang.ClassLoader::loadClass@69
                      ;   {poll}
  0x0000027e07d295f4: 0000 0085 | 4500 413b | ca74 108b | 4b18 85c9 | 0f84 f000 | 0000 488b | d9eb d68b | 6b10 4c8b 
  0x0000027e07d29614: c54d 3bc3 | 0f84 d100 | 0000 85ed | 0f84 f26f | 0000 4889 | 5c24 7844 | 8954 2428 | 897c 2424 
  0x0000027e07d29634: 4c89 4c24 | 704c 8b94 | 24b8 0000 | 004c 8954 | 2468 4c89 | 5c24 384c | 896c 2430 | 448b 9c24 
  0x0000027e07d29654: b000 0000 | 4489 5c24 | 204c 89b4 | 24e0 0000 | 004c 8bc5 | 488b 5424 | 384c 8b94 | 24d8 0000 
  0x0000027e07d29674: 004c 8994 | 24a0 0000 | 004c 89b4 | 24a8 0000 | 004c 89b4 | 24b8 0000 | 0066 6690 

  0x0000027e07d29690: ;   {optimized virtual_call}
  0x0000027e07d29690: c5f8 77e8 

  0x0000027e07d29694: ; ImmutableOopMap {[32]=NarrowOop [36]=NarrowOop [48]=Oop [56]=Oop [80]=Oop [88]=Oop [96]=Oop [104]=Oop [112]=Oop [120]=Oop [144]=Oop [160]=Oop [168]=Oop [184]=Oop [216]=Oop [224]=Oop }
                      ;*invokevirtual equals {reexecute=0 rethrow=0 return_oop=0}
                      ; - java.util.concurrent.ConcurrentHashMap::get@149
                      ; - java.lang.ClassLoader::definePackage@47
                      ; - java.lang.ClassLoader::getDefinedPackage@32
                      ; - java.net.URLClassLoader::getAndVerifyPackage@2
                      ; - java.net.URLClassLoader::defineClass@46
                      ; - java.net.URLClassLoader$1::run@43
                      ; - java.net.URLClassLoader$1::run@1
                      ; - java.security.AccessController::executePrivileged@29
                      ; - java.security.AccessController::doPrivileged@13
                      ; - java.net.URLClassLoader::findClass@13
                      ; - java.lang.ClassLoader::loadClass@69
  0x0000027e07d29694: a829 dbff 

  0x0000027e07d29698: ;   {other}
  0x0000027e07d29698: 0f1f 8400 | 8824 001a | 4d8b 9758 

  0x0000027e07d296a4: ; ImmutableOopMap {[32]=NarrowOop [36]=NarrowOop [48]=Oop [56]=Oop [80]=Oop [88]=Oop [96]=Oop [104]=Oop [112]=Oop [120]=Oop [144]=Oop [160]=Oop [168]=Oop [216]=Oop }
                      ;*ifeq {reexecute=1 rethrow=0 return_oop=0}
                      ; - (reexecute) java.util.concurrent.ConcurrentHashMap::get@152
                      ; - java.lang.ClassLoader::definePackage@47
                      ; - java.lang.ClassLoader::getDefinedPackage@32
                      ; - java.net.URLClassLoader::getAndVerifyPackage@2
                      ; - java.net.URLClassLoader::defineClass@46
                      ; - java.net.URLClassLoader$1::run@43
                      ; - java.net.URLClassLoader$1::run@1
                      ; - java.security.AccessController::executePrivileged@29
                      ; - java.security.AccessController::doPrivileged@13
                      ; - java.net.URLClassLoader::findClass@13
                      ; - java.lang.ClassLoader::loadClass@69
                      ;   {poll}
  0x0000027e07d296a4: 0400 0041 | 8502 85c0 | 0f84 662b | 0000 4c8b | b424 a800 | 0000 448b | 5424 2044 | 8994 24b0 
  0x0000027e07d296c4: 0000 004c | 8b54 2430 | 4c8b 5c24 | 384c 8b44 | 2468 4c89 | 8424 b800 | 0000 4c8b | 4c24 708b 
  0x0000027e07d296e4: 7c24 2448 | 8b5c 2478 | 4d8b ea8b | 6b14 85ed | 0f85 b9fe | ffff 418b | 6e38 4d8b | 97b8 0100 
  0x0000027e07d29704: 004d 8bc2 | 4983 c018 | 4d3b 87c8 | 0100 000f | 835f 3c00 | 0049 8bcd | 4d89 87b8 | 0100 0041 
  0x0000027e07d29724: 0f0d 88c0 | 0000 0049 | c702 0100 | 0000 498b | da48 83c3 

  0x0000027e07d29738: ;   {metadata('java/lang/ClassLoader$$Lambda+0x0000027e10066288')}
  0x0000027e07d29738: 1041 c742 | 0888 6206 | 01c5 fdef | c0c5 f9d6 | 0349 8bde | 4189 5a0c | 4189 7a10 | 85ed 0f84 
  0x0000027e07d29758: 9462 0000 | 4c89 8c24 | a000 0000 | 4c8b 8424 | b800 0000 | 4c89 4424 | 704c 899c | 2498 0000 
  0x0000027e07d29778: 0048 894c | 2420 448b | 9c24 b000 | 0000 4489 | 9c24 a800 | 0000 4c89 | b424 e000 | 0000 488b 
  0x0000027e07d29798: d54c 8b84 | 2498 0000 | 004d 8bca | 4c8b 9424 | d800 0000 | 4c89 5424 | 784c 89b4 | 24b0 0000 
  0x0000027e07d297b8: 004c 89b4 | 24c0 0000 | 0066 6690 

  0x0000027e07d297c4: ;   {optimized virtual_call}
  0x0000027e07d297c4: c5f8 77e8 

  0x0000027e07d297c8: ; ImmutableOopMap {[32]=Oop [80]=Oop [88]=Oop [96]=Oop [112]=Oop [120]=Oop [144]=Oop [152]=Oop [160]=Oop [168]=NarrowOop [176]=Oop [192]=Oop [216]=Oop [224]=Oop }
                      ;*invokevirtual compute {reexecute=0 rethrow=0 return_oop=1}
                      ; - java.lang.ClassLoader::definePackage@78
                      ; - java.lang.ClassLoader::getDefinedPackage@32
                      ; - java.net.URLClassLoader::getAndVerifyPackage@2
                      ; - java.net.URLClassLoader::defineClass@46
                      ; - java.net.URLClassLoader$1::run@43
                      ; - java.net.URLClassLoader$1::run@1
                      ; - java.security.AccessController::executePrivileged@29
                      ; - java.security.AccessController::doPrivileged@13
                      ; - java.net.URLClassLoader::findClass@13
                      ; - java.lang.ClassLoader::loadClass@69
  0x0000027e07d297c8: b456 85ff 

  0x0000027e07d297cc: ;   {other}
  0x0000027e07d297cc: 0f1f 8400 | bc25 001c 

  0x0000027e07d297d4: ; implicit exception: dispatches to 0x0000027e07d31bd0
  0x0000027e07d297d4: 448b 4008 

  0x0000027e07d297d8: ;   {metadata('java/lang/Package')}
  0x0000027e07d297d8: 4181 f8e8 | bd01 000f | 85ab 7500 | 0048 8bd8 | 4c8b b424 | b000 0000 | 448b 9c24 | a800 0000 
  0x0000027e07d297f8: 4489 9c24 | b000 0000 | 4c8b 9c24 | 9800 0000 | 4c8b 4424 | 704c 8984 | 24b8 0000 | 004c 8b8c 
  0x0000027e07d29818: 24a0 0000 | 004c 8b6c | 2420 448b | 4310 458b | 501c 4585 | d20f 8571 | 5600 0044 | 8b53 1441 
  0x0000027e07d29838: 8b6a 2485 | ed0f 8585 | 5c00 004d | 85c9 0f84 | 205d 0000 

  0x0000027e07d2984c: ;   {oop(a 'java/lang/Class'{0x000000008000bd80} = 'jdk/internal/access/SharedSecrets')}
  0x0000027e07d2984c: 49ba 80bd | 0080 0000 | 0000 458b | 92d4 0000 | 0041 8b7a | 0845 0fbe | 4310 4585 | c00f 85e1 
  0x0000027e07d2986c: 5600 0045 | 8b43 1441 | 8b48 0c4c | 896c 2430 | 4d8b ea85 | c90f 8642 | 0500 008d | 41ff 3bc1 
  0x0000027e07d2988c: 0f83 494b | 0000 8944 | 2424 4c89 | 6c24 3844 | 8984 24c8 | 0000 0089 | 7c24 2044 | 8994 24e8 
  0x0000027e07d298ac: 0000 0048 | 899c 24a0 | 0000 004c | 898c 24c0 | 0000 004c | 899c 2498 | 0000 004c | 89b4 24e0 
  0x0000027e07d298cc: 0000 0089 | 8c24 d400 | 0000 83c1 | fd89 4c24 | 284d 8bd0 | 4c89 5424 | 6841 8078 | 102e 0f84 
  0x0000027e07d298ec: 7521 0000 | 83f9 010f | 8e01 2400 | 00bd 0100 | 0000 448b | 9c24 d400 | 0000 442b | dd41 83c3 
  0x0000027e07d2990c: fd44 8b44 | 2428 4533 | d244 3bc5 | 450f 4cda | 4181 fba0 | 0f00 0041 | baa0 0f00 | 0045 0f47 
  0x0000027e07d2992c: da44 03dd | eb03 418b | e84c 63cd | 448b 9424 | c800 0000 | 470f be44 | 0a10 4183 

  0x0000027e07d29948: ;   {no_reloc}
  0x0000027e07d29948: f82e 0f84 | e000 0000 | 458b c247 | 0fbe 5408 | 1141 83fa | 2e0f 84c6 | 0000 0047 | 0fbe 4408 
  0x0000027e07d29968: 1241 83f8 | 2e0f 84ba | 0000 0044 | 8b84 24c8 | 0000 0047 | 0fbe 5408 | 1341 83fa | 2e0f 849b 
  0x0000027e07d29988: 0000 0044 | 8d45 0445 | 3bc3 7c9e | 4d8b 9f58 | 0400 0083 

  0x0000027e07d2999c: ; ImmutableOopMap {[48]=Oop [56]=Oop [80]=Oop [88]=Oop [96]=Oop [104]=Oop [144]=Oop [152]=Oop [160]=Oop [176]=NarrowOop [184]=Oop [192]=Oop [200]=NarrowOop [216]=Oop [224]=Oop [232]=NarrowOop }
                      ;*if_icmpne {reexecute=1 rethrow=0 return_oop=0}
                      ; - (reexecute) java.lang.StringLatin1::replace@28
                      ; - java.lang.String::replace@18
                      ; - java.net.URLClassLoader::isSealed@9
                      ; - java.net.URLClassLoader::getAndVerifyPackage@68
                      ; - java.net.URLClassLoader::defineClass@46
                      ; - java.net.URLClassLoader$1::run@43
                      ; - java.net.URLClassLoader$1::run@1
                      ; - java.security.AccessController::executePrivileged@29
                      ; - java.security.AccessController::doPrivileged@13
                      ; - java.net.URLClassLoader::findClass@13
                      ; - java.lang.ClassLoader::loadClass@69
                      ;   {poll}
  0x0000027e07d2999c: c503 4185 | 0344 3b44 | 2428 0f8d | 5423 0000 | 418b e8e9 | 4aff ffff | 498b 87b8 | 0100 004c 
  0x0000027e07d299bc: 8bd0 4983 | c218 4d3b | 97c8 0100 | 000f 8342 | 3900 004d | 8997 b801 | 0000 410f | 0d8a c000 
  0x0000027e07d299dc: 0000 48c7 | 0001 0000 

  0x0000027e07d299e4: ;   {metadata('java/lang/String')}
  0x0000027e07d299e4: 00c7 4008 | 78e8 0000 | 4489 600c | 4489 6010 

  0x0000027e07d299f4: ;   {oop([B{0x00000000800bc228})}
  0x0000027e07d299f4: c740 1428 

  0x0000027e07d299f8: ;   {oop(".class"{0x00000000800bc210})}
  0x0000027e07d299f8: c20b 8049 | ba10 c20b | 8000 0000 | 0045 8b5a | 0c44 8958 | 0c45 0fb6 | 5a11 4488 | 5811 e9f5 
  0x0000027e07d29a18: e9ff ff41 | bb2f 0000 | 00e9 efe6 | ffff 83c5 | 02ff c5eb | 0383 c502 | 3bac 24d4 | 0000 000f 
  0x0000027e07d29a38: 8d53 0300 | 0044 8b94 | 24d4 0000 | 0041 81fa | 0000 1000 | 0f87 5936 | 0000 4d8b | 87b8 0100 
  0x0000027e07d29a58: 004d 63da | 4983 c317 | 4983 e3f8 | 4d8b d04d | 03d3 4d3b | 97c8 0100 | 000f 8334 | 3600 004d 
  0x0000027e07d29a78: 8997 b801 | 0000 410f | 0d8a c000 | 0000 49c7 | 0001 0000 | 0041 0f0d | 8a00 0100 

  0x0000027e07d29a94: ;   {metadata({type array byte})}
  0x0000027e07d29a94: 0041 c740 | 0818 2300 | 0044 8b9c | 24d4 0000 | 0045 8958 | 0c41 0f0d | 8a40 0100 | 0041 0f0d 
  0x0000027e07d29ab4: 8a80 0100 | 0085 ed0f | 8eb7 0000 | 008d 5dff | 3b9c 24d4 | 0000 000f | 8347 5800 | 0044 8b9c 
  0x0000027e07d29ad4: 24d4 0000 | 0045 85db | 0f86 3658 | 0000 448b | 9424 c800 | 0000 450f | be52 1045 | 8850 1083 
  0x0000027e07d29af4: fb01 0f8e | 0459 0000 | b901 0000 | 008b fd2b | f9ff cf45 | 33c9 3bd9 | 410f 4cf9 | 81ff d007 
  0x0000027e07d29b14: 0000 41bb | d007 0000 | 410f 47fb | 03f9 4c63 | d144 8b8c | 24c8 0000 | 0047 0fbe | 5c11 1047 
  0x0000027e07d29b34: 885c 1010 | 470f be4c | 1111 4788 | 4c10 1183 | c102 3bcf | 7cd8 4d8b | 9758 0400 

  0x0000027e07d29b50: ; ImmutableOopMap {r8=Oop [48]=Oop [56]=Oop [80]=Oop [88]=Oop [96]=Oop [104]=Oop [144]=Oop [152]=Oop [160]=Oop [176]=NarrowOop [184]=Oop [192]=Oop [200]=NarrowOop [216]=Oop [224]=Oop [232]=NarrowOop }
                      ;*goto {reexecute=1 rethrow=0 return_oop=0}
                      ; - (reexecute) java.lang.StringLatin1::replace@76
                      ; - java.lang.String::replace@18
                      ; - java.net.URLClassLoader::isSealed@9
                      ; - java.net.URLClassLoader::getAndVerifyPackage@68
                      ; - java.net.URLClassLoader::defineClass@46
                      ; - java.net.URLClassLoader$1::run@43
                      ; - java.net.URLClassLoader$1::run@1
                      ; - java.security.AccessController::executePrivileged@29
                      ; - java.security.AccessController::doPrivileged@13
                      ; - java.net.URLClassLoader::findClass@13
                      ; - java.lang.ClassLoader::loadClass@69
                      ;   {poll}
  0x0000027e07d29b50: 0041 8502 | 3bcb 7ca9 | 3bcd 7d1c | 4c63 d144 | 8b8c 24c8 | 0000 0047 | 0fbe 4c11 | 1047 884c 
  0x0000027e07d29b70: 1010 ffc1 | 3bcd 7ce4 | 3bac 24d4 | 0000 000f | 8de7 1e00 | 003b ac24 | d400 0000 | 0f83 7051 
  0x0000027e07d29b90: 0000 448b | 5424 2444 | 3b94 24d4 | 0000 000f | 835d 5100 | 0044 8d5d | 014c 63d5 | 8b8c 24c8 
  0x0000027e07d29bb0: 0000 0042 | 0fbe 4c11 | 1083 f92e | 0f84 dc1c | 0000 4388 | 4c10 1044 | 8d4d 0145 | 3bcb 7d05 
  0x0000027e07d29bd0: 418b e9eb | d444 3b4c | 2428 0f8d | 1a01 0000 | ffc5 e98d | 0000 0041 | ba2f 0000 | 0066 6690 
  0x0000027e07d29bf0: 4788 5408 | 1383 c504 | 3be9 7d64 | 4c63 cd44 | 8b9c 24c8 | 0000 0047 | 0fbe 540b | 1041 83fa 
  0x0000027e07d29c10: 2e74 3547 | 8854 0810 | 470f be54 | 0b11 4183 | fa2e 7434 | 4788 5408 | 1147 0fbe | 540b 1241 
  0x0000027e07d29c30: 83fa 2e74 | 1b47 8854 | 0812 470f | be54 0b13 | 4183 fa2e | 75aa eb9f | 41ba 2f00 | 0000 ebc3 
  0x0000027e07d29c50: ;   {no_reloc}
  0x0000027e07d29c50: 41ba 2f00 | 0000 ebdd | 41ba 2f00 | 0000 ebc4 | 4d8b 9758 

  0x0000027e07d29c64: ; ImmutableOopMap {r8=Oop [48]=Oop [56]=Oop [80]=Oop [88]=Oop [96]=Oop [104]=Oop [144]=Oop [152]=Oop [160]=Oop [176]=NarrowOop [184]=Oop [192]=Oop [200]=NarrowOop [216]=Oop [224]=Oop [232]=NarrowOop }
                      ;*goto {reexecute=1 rethrow=0 return_oop=0}
                      ; - (reexecute) java.lang.StringLatin1::replace@113
                      ; - java.lang.String::replace@18
                      ; - java.net.URLClassLoader::isSealed@9
                      ; - java.net.URLClassLoader::getAndVerifyPackage@68
                      ; - java.net.URLClassLoader::defineClass@46
                      ; - java.net.URLClassLoader$1::run@43
                      ; - java.net.URLClassLoader$1::run@1
                      ; - java.security.AccessController::executePrivileged@29
                      ; - java.security.AccessController::doPrivileged@13
                      ; - java.net.URLClassLoader::findClass@13
                      ; - java.lang.ClassLoader::loadClass@69
                      ;   {poll}
  0x0000027e07d29c64: 0400 0041 | 8502 3b6c | 2428 0f8d | 8900 0000 | 8b8c 24d4 | 0000 002b | cd83 c1fd | 448b 5424 
  0x0000027e07d29c84: 2845 33c9 | 443b d541 | 0f4c c981 | f9a0 0f00 | 0041 bba0 | 0f00 0041 | 0f47 cb03 | cde9 56ff 
  0x0000027e07d29ca4: ffff 49ba | ffff ffff | ffff ffff | c442 b8f5 | d2c4 c1fb | 92fa 62f1 | 7faf 6f01 | 62f1 7f2f 
  0x0000027e07d29cc4: 7f02 e9b7 | 0200 004c | 63d5 8b8c | 24c8 0000 | 0046 0fbe | 4c11 1041 | 83f9 2e0f | 84ed 1b00 
  0x0000027e07d29ce4: 0049 8bd0 | 4788 4c10 | 10ff c53b | ac24 d400 | 0000 7cd3 | eb0f 418b | e93b ac24 | d400 0000 
  0x0000027e07d29d04: 7cc5 498b | d049 8baf | b801 0000 | 4c8b d549 | 83c2 184d | 3b97 c801 | 0000 0f83 | d033 0000 
  0x0000027e07d29d24: 4d89 97b8 | 0100 0041 | 0f0d 8ac0 | 0000 0048 | c745 0001 | 0000 004c | 8bd5 4983 

  0x0000027e07d29d40: ;   {metadata('java/lang/String')}
  0x0000027e07d29d40: c210 c745 | 0878 e800 | 0044 8965 | 0cc5 fdef | c0c4 c179 | d602 4c8b | d244 8955 | 144c 8bb4 
  0x0000027e07d29d60: 24e0 0000 | 004c 8b9c | 2498 0000 | 004c 8b8c | 24c0 0000 | 0048 8b9c | 24a0 0000 | 0044 8b94 
  0x0000027e07d29d80: 24e8 0000 | 008b 7c24 | 204c 8b6c | 2438 eb3f | 4c8b b424 | e000 0000 | 4c8b 9c24 | 9800 0000 
  0x0000027e07d29da0: 4c8b 8c24 | c000 0000 | 488b 9c24 | a000 0000 | 448b 9424 | e800 0000 | 8b7c 2420 | 448b 8424 
  0x0000027e07d29dc0: c800 0000 | 4c8b 6c24 | 3849 8bd0 | 498b eb8b | 420c 85c0 | 0f86 0d21 | 0000 440f | be45 10c4 
  0x0000027e07d29de0: e23a f7c8 | 4863 f141 | 83f8 010f | 8423 5800 | 0085 c90f | 8c27 5200 | 0089 8c24 | e800 0000 
  0x0000027e07d29e00: 4489 4424 | 2489 8424 | cc00 0000 | 4889 ac24 | d000 0000 | 4889 9424 | c000 0000 | 4c89 6c24 
  0x0000027e07d29e20: 3889 7c24 | 2044 8994 | 24c8 0000 | 0048 899c | 24a0 0000 | 004c 898c | 24a8 0000 | 004c 899c 
  0x0000027e07d29e40: ;   {no_reloc}
  0x0000027e07d29e40: 2498 0000 | 004c 89b4 | 24e0 0000 | 0048 89b4 | 24f0 0000 | 0048 83c6 | 018b ee85 | ed0f 8c85 
  0x0000027e07d29e60: 5200 004c | 8bd6 49c1 | fa20 458b | dac4 6221 | f7c5 4585 | c00f 8c65 | 5800 0041 | 81f8 0000 
  0x0000027e07d29e80: 1000 0f87 | 4845 0000 | 418b e84d | 63d0 81fd | 0000 1000 | 0f87 ca26 | 0000 4d8b | 8fb8 0100 
  0x0000027e07d29ea0: 0049 83c2 | 1749 83e2 | f84d 8bd9 | 4d03 da4d | 3b9f c801 | 0000 0f83 | a826 0000 | 4d89 9fb8 
  0x0000027e07d29ec0: 0100 0041 | 0f0d 8bc0 | 0000 0049 | c701 0100 | 0000 410f | 0d8b 0001 

  0x0000027e07d29ed8: ;   {metadata({type array byte})}
  0x0000027e07d29ed8: 0000 41c7 | 4108 1823 | 0000 448b | d541 8969 | 0c41 0f0d | 8b40 0100 | 0041 0f0d | 8b80 0100 
  0x0000027e07d29ef8: 0044 8b9c | 24e8 0000 | 0041 ffc3 | 453b d30f | 827f 4800 | 0044 8b9c | 24e8 0000 | 0043 c644 
  0x0000027e07d29f18: 1910 2f44 | 8b5c 2424 | 4585 db0f | 8557 5200 | 0044 3b94 | 24cc 0000 | 000f 823d | 4900 0044 
  0x0000027e07d29f38: 8b9c 24cc | 0000 0045 | 85db 763e | 498b d148 | 83c2 1048 | 8b8c 24c0 | 0000 0048 | 83c1 104d 
  0x0000027e07d29f58: 63c3 4983 | f820 0f86 | 42fd ffff | 498b d9c5 | f877 49ba | c020 5607 | 7e02 0000 

  0x0000027e07d29f74: ;   {other}
  0x0000027e07d29f74: 41ff d20f | 1f84 0000 | 0000 004c | 8bcb 498b | 87b8 0100 | 004c 8bd0 | 4983 c218 | 4d3b 97c8 
  0x0000027e07d29f94: 0100 000f | 8306 2600 | 004d 8997 | b801 0000 | 410f 0d8a | c000 0000 | 48c7 0001 

  0x0000027e07d29fb0: ;   {metadata('java/lang/String')}
  0x0000027e07d29fb0: 0000 00c7 | 4008 78e8 | 0000 4489 | 600c 4489 | 6010 4d8b | d144 8950 | 144c 8bb4 | 24e0 0000 
  0x0000027e07d29fd0: 004c 8b9c | 2498 0000 | 004c 8b8c | 24a8 0000 | 0048 8b9c | 24a0 0000 | 0044 8b94 | 24c8 0000 
  0x0000027e07d29ff0: 008b 7c24 

  0x0000027e07d29ff4: ;   {metadata('java/util/jar/JavaUtilJarAccessImpl')}
  0x0000027e07d29ff4: 2081 ffa0 | 5b31 000f | 8563 4500 | 0041 8b69 | 1044 8b45 

  0x0000027e07d2a008: ;   {metadata('java/util/HashMap')}
  0x0000027e07d2a008: 0841 81f8 | 68a9 0800 | 0f85 1246 | 0000 4c8b | d541 8b7a | 2485 ff0f | 84c9 0200 | 0044 8b47 
  0x0000027e07d2a028: 0c45 85c0 | 0f86 9657 | 0000 488b | f044 8b50 | 0c41 ffc8 | 4585 d20f | 85e4 0000 | 000f b648 
  0x0000027e07d2a048: 1185 c90f | 858c 1e00 | 0044 8b50 | 1448 8bef | 498b d280 | 7810 000f | 85d4 2900 | 0044 8944 
  0x0000027e07d2a068: 2428 897c | 2424 4889 | 8424 9800 | 0000 4889 | 5c24 784c | 894c 2470 | 4c8b 9424 | b800 0000 
  0x0000027e07d2a088: 4c89 5424 | 684c 895c | 2438 448b | 9c24 b000 | 0000 4489 | 5c24 204c | 89b4 24e0 | 0000 004c 
  0x0000027e07d2a0a8: 8b94 24d8 | 0000 004c | 8994 24b0 | 0000 004c | 89b4 24b8 | 0000 0090 

  0x0000027e07d2a0c0: ;   {static_call}
  0x0000027e07d2a0c0: c5f8 77e8 

  0x0000027e07d2a0c4: ; ImmutableOopMap {rbp=Oop [32]=NarrowOop [36]=NarrowOop [48]=Oop [56]=Oop [80]=Oop [88]=Oop [96]=Oop [104]=Oop [112]=Oop [120]=Oop [144]=Oop [152]=Oop [176]=Oop [184]=Oop [216]=Oop [224]=Oop }
                      ;*invokestatic hashCode {reexecute=0 rethrow=0 return_oop=0}
                      ; - java.lang.String::hashCode@27
                      ; - java.util.HashMap::hash@9
                      ; - java.util.HashMap::getNode@23
                      ; - java.util.HashMap::get@2
                      ; - java.util.jar.Manifest::getAttributes@5
                      ; - java.util.jar.Manifest::getTrustedAttributes@2
                      ; - java.util.jar.JavaUtilJarAccessImpl::getTrustedAttributes@2
                      ; - java.net.URLClassLoader::isSealed@18
                      ; - java.net.URLClassLoader::getAndVerifyPackage@68
                      ; - java.net.URLClassLoader::defineClass@46
                      ; - java.net.URLClassLoader$1::run@43
                      ; - java.net.URLClassLoader$1::run@1
                      ; - java.security.AccessController::executePrivileged@29
                      ; - java.security.AccessController::doPrivileged@13
                      ; - java.net.URLClassLoader::findClass@13
                      ; - java.lang.ClassLoader::loadClass@69
  0x0000027e07d2a0c4: b857 85ff 

  0x0000027e07d2a0c8: ;   {other}
  0x0000027e07d2a0c8: 0f1f 8400 | b82e 0020 | 85c0 0f84 | d129 0000 | 488b b424 | 9800 0000 | 8946 0c8b | c8c1 e910 
  0x0000027e07d2a0e8: 33c8 448b | 4424 2844 | 23c1 4c8b | b424 e000 | 0000 448b | 5c24 2044 | 899c 24b0 | 0000 004c 
  0x0000027e07d2a108: 8b5c 2438 | 4c8b 5424 | 684c 8994 | 24b8 0000 | 004c 8b4c | 2470 488b | 5c24 788b | 7c24 24eb 
  0x0000027e07d2a128: 0c41 8bca | c1e9 1041 | 33ca 4423 | c146 8b54 | 8710 4585 | d20f 84ab | 0100 0045 | 8b42 0c44 
  0x0000027e07d2a148: 3bc1 0f85 | a203 0000 | 458b 4210 | 498b ea4c | 3bc6 7474 | 4489 5424 | 7889 4c24 | 2848 8974 
  0x0000027e07d2a168: 2470 4889 | 5c24 684c | 894c 2438 | 4c89 5c24 | 204c 89b4 | 24e0 0000 | 0048 8bd6 | 4c89 b424 
  0x0000027e07d2a188: a000 0000 | 4c8b 9424 | d800 0000 | 4c89 9424 | a800 0000 

  0x0000027e07d2a19c: ;   {optimized virtual_call}
  0x0000027e07d2a19c: c5f8 77e8 

  0x0000027e07d2a1a0: ; ImmutableOopMap {rbp=Oop [32]=Oop [48]=Oop [56]=Oop [80]=Oop [88]=Oop [96]=Oop [104]=Oop [112]=Oop [120]=NarrowOop [144]=Oop [160]=Oop [168]=Oop [176]=NarrowOop [184]=Oop [216]=Oop [224]=Oop }
                      ;*invokevirtual equals {reexecute=0 rethrow=0 return_oop=0}
                      ; - java.util.HashMap::getNode@63
                      ; - java.util.HashMap::get@2
                      ; - java.util.jar.Manifest::getAttributes@5
                      ; - java.util.jar.Manifest::getTrustedAttributes@2
                      ; - java.util.jar.JavaUtilJarAccessImpl::getTrustedAttributes@2
                      ; - java.net.URLClassLoader::isSealed@18
                      ; - java.net.URLClassLoader::getAndVerifyPackage@68
                      ; - java.net.URLClassLoader::defineClass@46
                      ; - java.net.URLClassLoader$1::run@43
                      ; - java.net.URLClassLoader$1::run@1
                      ; - java.security.AccessController::executePrivileged@29
                      ; - java.security.AccessController::doPrivileged@13
                      ; - java.net.URLClassLoader::findClass@13
                      ; - java.lang.ClassLoader::loadClass@69
  0x0000027e07d2a1a0: dc4c 85ff 

  0x0000027e07d2a1a4: ;   {other}
  0x0000027e07d2a1a4: 0f1f 8400 | 942f 0021 | 85c0 0f84 | 1903 0000 | 4c8b b424 | a000 0000 | 4c8b 5c24 | 204c 8b4c 
  0x0000027e07d2a1c4: 2438 488b | 5c24 6848 | 8b74 2470 | 8b6d 1485 | ed0f 8413 | 0100 0044 

  0x0000027e07d2a1dc: ;   {metadata('java/util/jar/Attributes')}
  0x0000027e07d2a1dc: 8b55 0841 | 81fa 4088 | 1600 0f85 | 206c 0000 | 458b 4114 | 488b d545 | 85c0 0f84 | 7d00 0000 
  0x0000027e07d2a1fc: 4889 5424 | 2048 89b4 | 24c0 0000 | 0048 899c | 24a8 0000 | 004c 898c | 24a0 0000 | 004c 899c 
  0x0000027e07d2a21c: 2498 0000 | 004c 89b4 | 24e0 0000 | 0049 8bd0 | 4c8b c64c | 8b94 24d8 | 0000 004c | 8954 2470 
  0x0000027e07d2a23c: 4c89 5c24 | 7849 8bee 

  0x0000027e07d2a244: ;   {optimized virtual_call}
  0x0000027e07d2a244: c5f8 77e8 

  0x0000027e07d2a248: ; ImmutableOopMap {rbp=Oop [32]=Oop [48]=Oop [80]=Oop [88]=Oop [96]=Oop [112]=Oop [120]=Oop [144]=Oop [152]=Oop [160]=Oop [168]=Oop [176]=NarrowOop [184]=Oop [192]=Oop [216]=Oop [224]=Oop }
                      ;*invokevirtual isTrustedManifestEntry {reexecute=0 rethrow=0 return_oop=0}
                      ; - java.util.jar.Manifest::getTrustedAttributes@22
                      ; - java.util.jar.JavaUtilJarAccessImpl::getTrustedAttributes@2
                      ; - java.net.URLClassLoader::isSealed@18
                      ; - java.net.URLClassLoader::getAndVerifyPackage@68
                      ; - java.net.URLClassLoader::defineClass@46
                      ; - java.net.URLClassLoader$1::run@43
                      ; - java.net.URLClassLoader$1::run@1
                      ; - java.security.AccessController::executePrivileged@29
                      ; - java.security.AccessController::doPrivileged@13
                      ; - java.net.URLClassLoader::findClass@13
                      ; - java.lang.ClassLoader::loadClass@69
  0x0000027e07d2a248: 344c 85ff 

  0x0000027e07d2a24c: ;   {other}
  0x0000027e07d2a24c: 0f1f 8400 | 3c30 0022 | 85c0 0f84 | ec56 0000 | 4c8b f54c | 8b5c 2478 | 4c8b 8c24 | a000 0000 
  0x0000027e07d2a26c: 488b 9c24 | a800 0000 | 488b 5424 | 2048 899c | 24a8 0000 | 004c 898c | 24a0 0000 | 004c 899c 
  0x0000027e07d2a28c: 2498 0000 | 004c 89b4 | 24e0 0000 

  0x0000027e07d2a298: ;   {oop(a 'java/util/jar/Attributes$Name'{0x0000000080571938})}
  0x0000027e07d2a298: 0049 b838 | 1957 8000 | 0000 004c | 8b94 24d8 | 0000 004c | 8954 2468 | 4c89 5c24 | 704c 894c 
  0x0000027e07d2a2b8: 2478 498b | ee66 6690 

  0x0000027e07d2a2c0: ;   {optimized virtual_call}
  0x0000027e07d2a2c0: c5f8 77e8 

  0x0000027e07d2a2c4: ; ImmutableOopMap {rbp=Oop [48]=Oop [80]=Oop [88]=Oop [96]=Oop [104]=Oop [112]=Oop [120]=Oop [144]=Oop [152]=Oop [160]=Oop [168]=Oop [176]=NarrowOop [184]=Oop [216]=Oop [224]=Oop }
                      ;*invokevirtual getValue {reexecute=0 rethrow=0 return_oop=1}
                      ; - java.net.URLClassLoader::isSealed@35
                      ; - java.net.URLClassLoader::getAndVerifyPackage@68
                      ; - java.net.URLClassLoader::defineClass@46
                      ; - java.net.URLClassLoader$1::run@43
                      ; - java.net.URLClassLoader$1::run@1
                      ; - java.security.AccessController::executePrivileged@29
                      ; - java.security.AccessController::doPrivileged@13
                      ; - java.net.URLClassLoader::findClass@13
                      ; - java.lang.ClassLoader::loadClass@69
  0x0000027e07d2a2c4: b84b 85ff 

  0x0000027e07d2a2c8: ;   {other}
  0x0000027e07d2a2c8: 0f1f 8400 | b830 0023 | 4885 c00f | 857b 5900 | 004c 8bf5 | 4c8b 5c24 | 704c 8b4c | 2478 488b 
  0x0000027e07d2a2e8: 9c24 a800 | 0000 458b | 510c 418b | 6a0c 448b 

  0x0000027e07d2a2f8: ;   {metadata('java/util/LinkedHashMap')}
  0x0000027e07d2a2f8: 4508 4181 | f8e8 a10f | 000f 85e1 | 4300 0048 | 8bfd 448b | 5724 4585 | d20f 846d | eaff ff41 
  0x0000027e07d2a318: 8b42 0c85 | c00f 8669 

  0x0000027e07d2a320: ;   {oop(a 'java/util/jar/Attributes$Name'{0x0000000080571938})}
  0x0000027e07d2a320: 5500 0049 | b838 1957 | 8000 0000 | 0045 8b40 | 0cff c841 | 8bc8 c1e9 | 1041 33c8 | 23c1 418b 
  0x0000027e07d2a340: 4482 1085 | c00f 8439 | eaff ff44 | 8b40 0c44 | 3bc1 0f85 | a502 0000 | 448b 5010 

  0x0000027e07d2a35c: ;   {oop(a 'java/util/jar/Attributes$Name'{0x0000000080571938})}
  0x0000027e07d2a35c: 488b f041 | 81fa 3819 | 5780 0f84 | 8300 0000 | 4889 b424 | 9800 0000 | 8944 2478 | 894c 2428 
  0x0000027e07d2a37c: 4889 7c24 | 7048 895c | 2468 4c89 | 4c24 384c | 895c 2420 | 4c89 b424 | e000 0000 

  0x0000027e07d2a398: ;   {oop(a 'java/util/jar/Attributes$Name'{0x0000000080571938})}
  0x0000027e07d2a398: 4d8b c248 | ba38 1957 | 8000 0000 | 004c 8b94 | 24d8 0000 | 004c 8994 | 24c0 0000 | 0049 8bee 
  0x0000027e07d2a3b8: ;   {optimized virtual_call}
  0x0000027e07d2a3b8: c5f8 77e8 

  0x0000027e07d2a3bc: ; ImmutableOopMap {rbp=Oop [32]=Oop [48]=Oop [56]=Oop [80]=Oop [88]=Oop [96]=Oop [104]=Oop [112]=Oop [120]=NarrowOop [144]=Oop [152]=Oop [176]=NarrowOop [184]=Oop [192]=Oop [216]=Oop [224]=Oop }
                      ;*invokevirtual equals {reexecute=0 rethrow=0 return_oop=0}
                      ; - java.util.HashMap::getNode@63
                      ; - java.util.LinkedHashMap::get@2
                      ; - java.util.jar.Attributes::get@5
                      ; - java.util.jar.Attributes::getValue@2
                      ; - java.net.URLClassLoader::isSealed@58
                      ; - java.net.URLClassLoader::getAndVerifyPackage@68
                      ; - java.net.URLClassLoader::defineClass@46
                      ; - java.net.URLClassLoader$1::run@43
                      ; - java.net.URLClassLoader$1::run@1
                      ; - java.security.AccessController::executePrivileged@29
                      ; - java.security.AccessController::doPrivileged@13
                      ; - java.net.URLClassLoader::findClass@13
                      ; - java.lang.ClassLoader::loadClass@69
  0x0000027e07d2a3bc: c04a 85ff 

  0x0000027e07d2a3c0: ;   {other}
  0x0000027e07d2a3c0: 0f1f 8400 | b031 0024 | 85c0 0f84 | 0e02 0000 | 4c8b f54c | 8b5c 2420 | 4c8b 4c24 | 3848 8b5c 
  0x0000027e07d2a3e0: 2468 488b | 7c24 7048 | 8bb4 2498 | 0000 000f | b66f 3085 | ed0f 85d1 | 5900 008b | 6e14 85ed 
  0x0000027e07d2a400: 0f84 7ee9 | ffff 448b 

  0x0000027e07d2a408: ;   {metadata('java/lang/String')}
  0x0000027e07d2a408: 4508 4181 | f878 e800 | 000f 85b5 | 6a00 0048 

  0x0000027e07d2a418: ;   {oop("true"{0x00000000800976c8})}
  0x0000027e07d2a418: 8bfd 48ba | c876 0980 | 0000 0000 | 483b fa0f | 84ec 4900 | 0044 8b47 | 1445 8b50 | 0c44 0fbe 
  0x0000027e07d2a438: 4710 c442 | 3af7 d241 | 83fa 040f | 853b e9ff | ff4c 894c | 2468 4c89 | 5c24 384c | 89b4 24e0 
  0x0000027e07d2a458: 0000 00b9 | 0400 0000 | 4889 5c24 | 2041 b801 | 0000 0045 | 33c9 33f6 | 4c8b 9424 | d800 0000 
  0x0000027e07d2a478: 4c89 9424 | 9800 0000 | 498b ee90 

  0x0000027e07d2a484: ;   {optimized virtual_call}
  0x0000027e07d2a484: c5f8 77e8 

  0x0000027e07d2a488: ; ImmutableOopMap {rbp=Oop [32]=Oop [48]=Oop [56]=Oop [80]=Oop [88]=Oop [96]=Oop [104]=Oop [144]=Oop [152]=Oop [176]=NarrowOop [184]=Oop [216]=Oop [224]=Oop }
                      ;*invokevirtual regionMatches {reexecute=0 rethrow=0 return_oop=0}
                      ; - java.lang.String::equalsIgnoreCase@33
                      ; - java.net.URLClassLoader::isSealed@68
                      ; - java.net.URLClassLoader::getAndVerifyPackage@68
                      ; - java.net.URLClassLoader::defineClass@46
                      ; - java.net.URLClassLoader$1::run@43
                      ; - java.net.URLClassLoader$1::run@1
                      ; - java.security.AccessController::executePrivileged@29
                      ; - java.security.AccessController::doPrivileged@13
                      ; - java.net.URLClassLoader::findClass@13
                      ; - java.lang.ClassLoader::loadClass@69
  0x0000027e07d2a488: f449 85ff 

  0x0000027e07d2a48c: ;   {other}
  0x0000027e07d2a48c: 0f1f 8400 | 7c32 0025 | 85c0 0f85 | 7049 0000 | 4c8b f5e9 | e0e8 ffff | 4c8b 9424 | d800 0000 
  0x0000027e07d2a4ac: 4c89 9424 | 0001 0000 | e932 e5ff | ffbf 2f00 | 0000 e947 | ddff ff48 | 8944 2458 | e94d d7ff 
  0x0000027e07d2a4cc: ff4c 8bb4 | 24a0 0000 | 004c 8b5c | 2420 4c8b | 4c24 3848 | 8b5c 2468 | 488b 7424 | 708b 4c24 
  0x0000027e07d2a4ec: 2844 8b54 | 2478 418b | 7a18 85ff | 0f84 f0fd | ffff 458b 

  0x0000027e07d2a500: ;   {metadata('java/util/HashMap$TreeNode')}
  0x0000027e07d2a500: 4208 4181 | f820 011a | 000f 84d5 | 5d00 0048 | 8bef 448b | 550c 443b | d10f 85ae | 1400 0044 
  0x0000027e07d2a520: 8b55 104d | 8bc2 4c3b | c60f 84a1 | fcff ff89 | 4c24 2448 | 89b4 2498 | 0000 0048 | 895c 2478 
  0x0000027e07d2a540: 4c89 4c24 | 704c 8b94 | 24b8 0000 | 004c 8954 | 2468 4c89 | 5c24 3844 | 8b9c 24b0 | 0000 0044 
  0x0000027e07d2a560: 895c 2420 | 4c89 b424 | e000 0000 | 488b d64c | 8b94 24d8 | 0000 004c | 8994 24b0 | 0000 004c 
  0x0000027e07d2a580: 89b4 24b8 | 0000 0090 

  0x0000027e07d2a588: ;   {optimized virtual_call}
  0x0000027e07d2a588: c5f8 77e8 

  0x0000027e07d2a58c: ; ImmutableOopMap {rbp=Oop [32]=NarrowOop [48]=Oop [56]=Oop [80]=Oop [88]=Oop [96]=Oop [104]=Oop [112]=Oop [120]=Oop [144]=Oop [152]=Oop [176]=Oop [184]=Oop [216]=Oop [224]=Oop }
                      ;*invokevirtual equals {reexecute=0 rethrow=0 return_oop=0}
                      ; - java.util.HashMap::getNode@128
                      ; - java.util.HashMap::get@2
                      ; - java.util.jar.Manifest::getAttributes@5
                      ; - java.util.jar.Manifest::getTrustedAttributes@2
                      ; - java.util.jar.JavaUtilJarAccessImpl::getTrustedAttributes@2
                      ; - java.net.URLClassLoader::isSealed@18
                      ; - java.net.URLClassLoader::getAndVerifyPackage@68
                      ; - java.net.URLClassLoader::defineClass@46
                      ; - java.net.URLClassLoader$1::run@43
                      ; - java.net.URLClassLoader$1::run@1
                      ; - java.security.AccessController::executePrivileged@29
                      ; - java.security.AccessController::doPrivileged@13
                      ; - java.net.URLClassLoader::findClass@13
                      ; - java.lang.ClassLoader::loadClass@69
  0x0000027e07d2a58c: f048 85ff 

  0x0000027e07d2a590: ;   {other}
  0x0000027e07d2a590: 0f1f 8400 | 8033 0026 | 85c0 0f84 | f013 0000 | 4c8b b424 | b800 0000 | 448b 5424 | 2044 8994 
  0x0000027e07d2a5b0: 24b0 0000 | 004c 8b5c | 2438 4c8b | 5424 684c | 8994 24b8 | 0000 004c | 8b4c 2470 | 488b 5c24 
  0x0000027e07d2a5d0: 7848 8bb4 | 2498 0000 | 00e9 f2fb | ffff 4c8b | f54c 8b5c | 2420 4c8b | 4c24 3848 | 8b5c 2468 
  0x0000027e07d2a5f0: 488b 7c24 | 708b 4c24 | 288b 4424 | 7844 8b50 | 1845 85d2 | 0f84 7ae7 | ffff 448b 

  0x0000027e07d2a60c: ;   {metadata('java/util/HashMap$TreeNode')}
  0x0000027e07d2a60c: 4008 4181 | f820 011a | 000f 8495 | 5d00 0049 | 8bf2 448b | 560c 443b | d10f 8513 | 1400 0044 
  0x0000027e07d2a62c: ;   {oop(a 'java/util/jar/Attributes$Name'{0x0000000080571938})}
  0x0000027e07d2a62c: 8b56 1041 | 81fa 3819 | 5780 0f84 | b3fd ffff | 4889 b424 | a000 0000 | 894c 2428 | 4889 bc24 
  0x0000027e07d2a64c: 9800 0000 | 4889 5c24 | 784c 894c | 2470 4c8b | 8424 b800 | 0000 4c89 | 4424 684c | 895c 2438 
  0x0000027e07d2a66c: 4c8b 5c24 | 304c 895c | 2420 8bac | 24b0 0000 | 004c 89b4 | 24e0 0000 | 004d 8bc2 

  0x0000027e07d2a688: ;   {oop(a 'java/util/jar/Attributes$Name'{0x0000000080571938})}
  0x0000027e07d2a688: 48ba 3819 | 5780 0000 | 0000 4c8b | 9424 d800 | 0000 4c89 | 9424 b000 | 0000 4c89 | b424 b800 
  0x0000027e07d2a6a8: 0000 6690 

  0x0000027e07d2a6ac: ;   {optimized virtual_call}
  0x0000027e07d2a6ac: c5f8 77e8 

  0x0000027e07d2a6b0: ; ImmutableOopMap {rbp=NarrowOop [32]=Oop [56]=Oop [80]=Oop [88]=Oop [96]=Oop [104]=Oop [112]=Oop [120]=Oop [144]=Oop [152]=Oop [160]=Oop [176]=Oop [184]=Oop [216]=Oop [224]=Oop }
                      ;*invokevirtual equals {reexecute=0 rethrow=0 return_oop=0}
                      ; - java.util.HashMap::getNode@128
                      ; - java.util.LinkedHashMap::get@2
                      ; - java.util.jar.Attributes::get@5
                      ; - java.util.jar.Attributes::getValue@2
                      ; - java.net.URLClassLoader::isSealed@58
                      ; - java.net.URLClassLoader::getAndVerifyPackage@68
                      ; - java.net.URLClassLoader::defineClass@46
                      ; - java.net.URLClassLoader$1::run@43
                      ; - java.net.URLClassLoader$1::run@1
                      ; - java.security.AccessController::executePrivileged@29
                      ; - java.security.AccessController::doPrivileged@13
                      ; - java.net.URLClassLoader::findClass@13
                      ; - java.lang.ClassLoader::loadClass@69
  0x0000027e07d2a6b0: cc47 85ff 

  0x0000027e07d2a6b4: ;   {other}
  0x0000027e07d2a6b4: 0f1f 8400 | a434 0027 | 85c0 0f84 | 3113 0000 | 4c8b b424 | b800 0000 | 89ac 24b0 | 0000 004c 
  0x0000027e07d2a6d4: 8b54 2420 | 4c89 5424 | 304c 8b5c | 2438 4c8b | 5424 684c | 8994 24b8 | 0000 004c | 8b4c 2470 
  0x0000027e07d2a6f4: 488b 5c24 | 7848 8bbc | 2498 0000 | 0048 8bb4 | 24a0 0000 | 00e9 e1fc | ffff 4c89 | 5c24 304c 
  0x0000027e07d2a714: 8b94 24b8 | 0000 004c | 8954 2478 | 4c89 6c24 | 2044 8b9c | 24b0 0000 | 0044 899c | 2498 0000 
  0x0000027e07d2a734: 0048 8b54 | 2430 4c8b | 9424 e000 | 0000 4c89 | 5424 384c | 8b94 24d8 | 0000 004c | 8994 24a0 
  0x0000027e07d2a754: 0000 0048 | 8b6c 2438 

  0x0000027e07d2a75c: ;   {optimized virtual_call}
  0x0000027e07d2a75c: c5f8 77e8 

  0x0000027e07d2a760: ; ImmutableOopMap {rbp=Oop [32]=Oop [48]=Oop [56]=Oop [80]=Oop [88]=Oop [96]=Oop [120]=Oop [144]=Oop [152]=NarrowOop [160]=Oop [184]=Oop [216]=Oop [224]=Oop [256]=Oop }
                      ;*invokevirtual getManEntry {reexecute=0 rethrow=0 return_oop=1}
                      ; - java.util.jar.JarFile::getManifestFromReference@27
                      ; - java.util.jar.JarFile::getManifest@1
                      ; - jdk.internal.loader.URLClassPath$JarLoader$2::getManifest@22
                      ; - java.net.URLClassLoader::defineClass@34
                      ; - java.net.URLClassLoader$1::run@43
                      ; - java.net.URLClassLoader$1::run@1
                      ; - java.security.AccessController::executePrivileged@29
                      ; - java.security.AccessController::doPrivileged@13
                      ; - java.net.URLClassLoader::findClass@13
                      ; - java.lang.ClassLoader::loadClass@69
  0x0000027e07d2a760: 1cdc 5af8 

  0x0000027e07d2a764: ;   {other}
  0x0000027e07d2a764: 0f1f 8400 | 5435 0028 | 4885 c00f | 8465 1500 | 004c 8b44 | 2430 450f | b658 1245 | 85db 0f85 
  0x0000027e07d2a784: d902 0000 | 498b e849 | 8bd0 4c8b | c04c 8b54 | 2438 4c89 | 5424 304c | 8b94 24a0 | 0000 004c 
  0x0000027e07d2a7a4: 8954 2470 

  0x0000027e07d2a7a8: ;   {optimized virtual_call}
  0x0000027e07d2a7a8: c5f8 77e8 

  0x0000027e07d2a7ac: ; ImmutableOopMap {rbp=Oop [32]=Oop [48]=Oop [80]=Oop [88]=Oop [96]=Oop [112]=Oop [120]=Oop [144]=Oop [152]=NarrowOop [216]=Oop [224]=Oop [256]=Oop }
                      ;*invokespecial getInputStream {reexecute=0 rethrow=0 return_oop=1}
                      ; - java.util.jar.JarFile::getManifestFromReference@130
                      ; - java.util.jar.JarFile::getManifest@1
                      ; - jdk.internal.loader.URLClassPath$JarLoader$2::getManifest@22
                      ; - java.net.URLClassLoader::defineClass@34
                      ; - java.net.URLClassLoader$1::run@43
                      ; - java.net.URLClassLoader$1::run@1
                      ; - java.security.AccessController::executePrivileged@29
                      ; - java.security.AccessController::doPrivileged@13
                      ; - java.net.URLClassLoader::findClass@13
                      ; - java.lang.ClassLoader::loadClass@69
  0x0000027e07d2a7ac: 7011 f8ff 

  0x0000027e07d2a7b0: ;   {other}
  0x0000027e07d2a7b0: 0f1f 8400 | a035 0029 | 4889 4424 | 3049 8b87 | b801 0000 | 4c8b d049 | 83c2 184d | 3b97 c801 
  0x0000027e07d2a7d0: 0000 0f83 | 2c30 0000 | 4d89 97b8 | 0100 0041 | 0f0d 8ac0 | 0000 0048 | c700 0100 | 0000 4c8b 
  0x0000027e07d2a7f0: d049 83c2 

  0x0000027e07d2a7f4: ;   {metadata('java/util/jar/Manifest')}
  0x0000027e07d2a7f4: 10c7 4008 | a0e1 0400 | 4489 600c | c5fd efc0 | c4c1 79d6 | 024c 8bd8 | 4c8b c545 | 8b48 1449 
  0x0000027e07d2a814: 8baf b801 | 0000 4c8b | d549 83c2 | 104d 3b97 | c801 0000 | 0f83 9a2f | 0000 4d89 | 97b8 0100 
  0x0000027e07d2a834: 0041 0f0d | 8ac0 0000 | 0048 c745 | 0001 0000 

  0x0000027e07d2a844: ;   {metadata('java/util/jar/Attributes')}
  0x0000027e07d2a844: 00c7 4508 | 4088 1600 | 4489 650c | 4c89 8424 | a800 0000 | 4c89 5c24 | 3844 894c | 2428 ba10 
  0x0000027e07d2a864: 0000 004c | 8b94 24e0 | 0000 004c | 8954 2468 | 4c8b 9424 | d800 0000 | 4c89 9424 | a000 0000 
  0x0000027e07d2a884: ;   {static_call}
  0x0000027e07d2a884: c5f8 77e8 

  0x0000027e07d2a888: ; ImmutableOopMap {rbp=Oop [32]=Oop [40]=NarrowOop [48]=Oop [56]=Oop [80]=Oop [88]=Oop [96]=Oop [104]=Oop [120]=Oop [144]=Oop [152]=NarrowOop [160]=Oop [168]=Oop [216]=Oop [224]=Oop [256]=Oop }
                      ;*invokestatic newLinkedHashMap {reexecute=0 rethrow=0 return_oop=1}
                      ; - java.util.jar.Attributes::<init>@6
                      ; - java.util.jar.Attributes::<init>@3
                      ; - java.util.jar.Manifest::<init>@9
                      ; - java.util.jar.Manifest::<init>@4
                      ; - java.util.jar.JarFile::getManifestFromReference@143
                      ; - java.util.jar.JarFile::getManifest@1
                      ; - jdk.internal.loader.URLClassPath$JarLoader$2::getManifest@22
                      ; - java.net.URLClassLoader::defineClass@34
                      ; - java.net.URLClassLoader$1::run@43
                      ; - java.net.URLClassLoader$1::run@1
                      ; - java.security.AccessController::executePrivileged@29
                      ; - java.security.AccessController::doPrivileged@13
                      ; - java.net.URLClassLoader::findClass@13
                      ; - java.lang.ClassLoader::loadClass@69
  0x0000027e07d2a888: 9450 5bf8 

  0x0000027e07d2a88c: ;   {other}
  0x0000027e07d2a88c: 0f1f 8400 | 7c36 002a | 488b f841 | 807f 4000 | 0f85 0f29 | 0000 4c8b | df4d 8bd3 | 4489 550c 
  0x0000027e07d2a8ac: 4d8b d34c | 8bdd 4d33 | d348 8bdd | 49c1 ea14 | 448b 4424 | 284c 8944 | 2468 4d85 | d274 1f48 
  0x0000027e07d2a8cc: 85ff 741a | 49c1 eb09 | 48b9 0000 | ba76 7e02 | 0000 4903 | cb80 3902 | 0f85 d629 | 0000 4180 
  0x0000027e07d2a8ec: 7f40 000f | 8584 2800 | 004c 8b44 | 2438 4189 | 580c 4c8b | d54d 8bd8 | 4d33 d349 | c1ea 144d 
  0x0000027e07d2a90c: 85d2 741a | 49c1 eb09 | 48b9 0000 | ba76 7e02 | 0000 4903 | cb80 3902 | 0f85 4729 | 0000 4d8b 
  0x0000027e07d2a92c: 8fb8 0100 | 004d 8bd1 | 4983 c230 | 4d3b 97c8 | 0100 000f | 83ec 2e00 | 0049 8be8 | 4d89 97b8 
  0x0000027e07d2a94c: 0100 0041 | 0f0d 8ac0 | 0000 0049 | c701 0100 | 0000 4d8b | d949 83c3 

  0x0000027e07d2a964: ;   {metadata('java/util/HashMap')}
  0x0000027e07d2a964: 2841 c741 | 0868 a908 | 004d 8bc1 | 4983 c010 | 4589 610c | 4d8b d1c5 | f5ef c962 | d1fe 087f 
  0x0000027e07d2a984: 08c5 fdef | c0c4 c179 | d603 4d8b | c249 c740 | 2000 0040 | 3f41 807f | 4000 0f85 | 9327 0000 
  0x0000027e07d2a9a4: 4c8b cd4d | 8bd8 4589 | 5910 4d8b | d14d 8bd8 | 4d33 da49 | c1eb 144d | 85db 741a | 49c1 ea09 
  0x0000027e07d2a9c4: 48b9 0000 | ba76 7e02 | 0000 4903 | ca80 3902 | 0f85 4028 | 0000 498b | e949 8bd1 | 4c8b 4424 
  0x0000027e07d2a9e4: 304c 8b4c | 2468 4c8b | 9424 e000 | 0000 4c89 | 5424 384c | 8b94 24a0 | 0000 004c | 8954 2470 
  0x0000027e07d2aa04: ;   {optimized virtual_call}
  0x0000027e07d2aa04: c5f8 77e8 

  0x0000027e07d2aa08: ; ImmutableOopMap {rbp=Oop [32]=Oop [48]=Oop [56]=Oop [80]=Oop [88]=Oop [96]=Oop [112]=Oop [120]=Oop [144]=Oop [152]=NarrowOop [168]=Oop [216]=Oop [224]=Oop [256]=Oop }
                      ;*invokevirtual read {reexecute=0 rethrow=0 return_oop=0}
                      ; - java.util.jar.Manifest::<init>@29
                      ; - java.util.jar.Manifest::<init>@4
                      ; - java.util.jar.JarFile::getManifestFromReference@143
                      ; - java.util.jar.JarFile::getManifest@1
                      ; - jdk.internal.loader.URLClassPath$JarLoader$2::getManifest@22
                      ; - java.net.URLClassLoader::defineClass@34
                      ; - java.net.URLClassLoader$1::run@43
                      ; - java.net.URLClassLoader$1::run@1
                      ; - java.security.AccessController::executePrivileged@29
                      ; - java.security.AccessController::doPrivileged@13
                      ; - java.net.URLClassLoader::findClass@13
                      ; - java.lang.ClassLoader::loadClass@69
  0x0000027e07d2aa08: 145c 5df8 

  0x0000027e07d2aa0c: ;   {other}
  0x0000027e07d2aa0c: 0f1f 8400 | fc37 002b | 4180 7f40 | 000f 85c5 | 2700 004c | 8bd5 4589 | 6214 4c8b | 4424 3045 
  0x0000027e07d2aa2c: ;   {metadata('java/util/zip/ZipFile$ZipFileInflaterInputStream')}
  0x0000027e07d2aa2c: 8b48 0841 | 81f9 c0a4 | 3100 0f85 | 345b 0000 | 498b ea49 | 8bd0 4c8b | 5424 384c | 8954 2430 
  0x0000027e07d2aa4c: ;   {optimized virtual_call}
  0x0000027e07d2aa4c: c5f8 77e8 

  0x0000027e07d2aa50: ; ImmutableOopMap {rbp=Oop [32]=Oop [48]=Oop [80]=Oop [88]=Oop [96]=Oop [112]=Oop [120]=Oop [144]=Oop [152]=NarrowOop [168]=Oop [216]=Oop [224]=Oop [256]=Oop }
                      ;*invokevirtual close {reexecute=0 rethrow=0 return_oop=0}
                      ; - java.util.jar.JarFile::getManifestFromReference@152
                      ; - java.util.jar.JarFile::getManifest@1
                      ; - jdk.internal.loader.URLClassPath$JarLoader$2::getManifest@22
                      ; - java.net.URLClassLoader::defineClass@34
                      ; - java.net.URLClassLoader$1::run@43
                      ; - java.net.URLClassLoader$1::run@1
                      ; - java.security.AccessController::executePrivileged@29
                      ; - java.security.AccessController::doPrivileged@13
                      ; - java.net.URLClassLoader::findClass@13
                      ; - java.lang.ClassLoader::loadClass@69
  0x0000027e07d2aa50: 0c8f f7ff 

  0x0000027e07d2aa54: ;   {other}
  0x0000027e07d2aa54: 0f1f 8400 | 4438 002c | e9ce 0c00 | 0048 8944 | 2430 498b | e849 8bd0 | 4c8b c04c | 8b94 24a0 
  0x0000027e07d2aa74: 0000 004c | 8954 2470 

  0x0000027e07d2aa7c: ;   {optimized virtual_call}
  0x0000027e07d2aa7c: c5f8 77e8 

  0x0000027e07d2aa80: ; ImmutableOopMap {rbp=Oop [32]=Oop [48]=Oop [56]=Oop [80]=Oop [88]=Oop [96]=Oop [112]=Oop [120]=Oop [144]=Oop [152]=NarrowOop [216]=Oop [224]=Oop [256]=Oop }
                      ;*invokevirtual getBytes {reexecute=0 rethrow=0 return_oop=1}
                      ; - java.util.jar.JarFile::getManifestFromReference@44
                      ; - java.util.jar.JarFile::getManifest@1
                      ; - jdk.internal.loader.URLClassPath$JarLoader$2::getManifest@22
                      ; - java.net.URLClassLoader::defineClass@34
                      ; - java.net.URLClassLoader$1::run@43
                      ; - java.net.URLClassLoader$1::run@1
                      ; - java.security.AccessController::executePrivileged@29
                      ; - java.security.AccessController::doPrivileged@13
                      ; - java.net.URLClassLoader::findClass@13
                      ; - java.lang.ClassLoader::loadClass@69
  0x0000027e07d2aa80: fc43 85ff 

  0x0000027e07d2aa84: ;   {other}
  0x0000027e07d2aa84: 0f1f 8400 | 7438 002d | 4889 8424 | a000 0000 | 4c8b dd41 | 0fb6 6b11 | 85ed 0f85 | 2c5c 0000 
  0x0000027e07d2aaa4: 4c89 9c24 | a800 0000 | 498b d348 | 8b6c 2438 

  0x0000027e07d2aab4: ;   {optimized virtual_call}
  0x0000027e07d2aab4: c5f8 77e8 

  0x0000027e07d2aab8: ; ImmutableOopMap {rbp=Oop [32]=Oop [48]=Oop [80]=Oop [88]=Oop [96]=Oop [112]=Oop [120]=Oop [144]=Oop [152]=NarrowOop [160]=Oop [168]=Oop [216]=Oop [224]=Oop [256]=Oop }
                      ;*invokevirtual getManifestNum {reexecute=0 rethrow=0 return_oop=0}
                      ; - java.util.zip.ZipFile$1::getManifestNum@1
                      ; - java.util.jar.JarFile::getManifestFromReference@59
                      ; - java.util.jar.JarFile::getManifest@1
                      ; - jdk.internal.loader.URLClassPath$JarLoader$2::getManifest@22
                      ; - java.net.URLClassLoader::defineClass@34
                      ; - java.net.URLClassLoader$1::run@43
                      ; - java.net.URLClassLoader$1::run@1
                      ; - java.security.AccessController::executePrivileged@29
                      ; - java.security.AccessController::doPrivileged@13
                      ; - java.net.URLClassLoader::findClass@13
                      ; - java.lang.ClassLoader::loadClass@69
  0x0000027e07d2aab8: c443 85ff 

  0x0000027e07d2aabc: ;   {other}
  0x0000027e07d2aabc: 0f1f 8400 | ac38 002e | 83f8 010f | 8593 5c00 | 004d 8b87 | b801 0000 | 4d8b d049 | 83c2 404d 
  0x0000027e07d2aadc: 3b97 c801 | 0000 0f83 | 342a 0000 | 4d89 97b8 | 0100 0041 | 0f0d 8ac0 | 0000 0049 | c700 0100 
  0x0000027e07d2aafc: 0000 4d8b | d849 83c3 

  0x0000027e07d2ab04: ;   {metadata('java/util/jar/JarVerifier')}
  0x0000027e07d2ab04: 1041 c740 | 0878 9e16 | 0045 8960 | 0c4d 8bd0 | c5fd efc0 | 62d1 fe28 | 7f03 62d1 | fe08 7f43 
  0x0000027e07d2ab24: 024d 8bc2 | 4c8b 5424 | 3045 8b5a 

  0x0000027e07d2ab30: ;   {metadata('java/util/jar/JarFile$JarFileEntry')}
  0x0000027e07d2ab30: 0841 81fb | d032 3100 | 0f85 7a55 | 0000 41c6 | 400e 0145 | 8b52 6045 | 8950 3041 | c640 0d01 
  0x0000027e07d2ab50: 498b d84d | 8bda 4d33 | d84c 8b8c | 24a0 0000 | 0049 8bc9 | 894c 2428 | 49c1 eb14 | 4d85 db74 
  0x0000027e07d2ab70: 1f45 85d2 | 741a 49c1 | e809 48b9 | 0000 ba76 | 7e02 0000 | 4903 c880 | 3902 0f85 | 2224 0000 
  0x0000027e07d2ab90: 4180 7f40 | 000f 8508 | 1b00 004c | 8bdb 448b | 5424 2845 | 8953 2c4c | 899c 24b0 | 0000 004c 
  0x0000027e07d2abb0: 8b94 24a0 | 0000 004d | 33d3 49c1 | ea14 4d85 | d274 354c | 8b94 24a0 | 0000 004d | 85d2 7420 
  0x0000027e07d2abd0: 498b da49 | c1eb 0948 | b900 00ba | 767e 0200 | 0049 03cb | 8039 020f | 8574 2300 | 004c 8bd3 
  0x0000027e07d2abf0: 4c89 9424 | a000 0000 | 498b afb8 | 0100 004c | 8bd5 4983 | c230 4d3b | 97c8 0100 | 000f 832d 
  0x0000027e07d2ac10: 2900 004d | 8997 b801 | 0000 410f | 0d8a c000 | 0000 48c7 | 4500 0100 | 0000 4c8b | d549 83c2 
  0x0000027e07d2ac30: ;   {no_reloc}
  0x0000027e07d2ac30: 10c7 4508 | b8d3 0000 | 4489 650c | c5fd efc0 | 62d1 fe28 

  0x0000027e07d2ac44: ;   {section_word}
  0x0000027e07d2ac44: 7f02 c5fa | 1005 d2ce | ffff 4c8b | 9424 e000 | 0000 4c89 | 5424 3090 

  0x0000027e07d2ac5c: ;   {static_call}
  0x0000027e07d2ac5c: c5f8 77e8 

  0x0000027e07d2ac60: ; ImmutableOopMap {rbp=Oop [32]=Oop [40]=NarrowOop [48]=Oop [80]=Oop [88]=Oop [96]=Oop [112]=Oop [120]=Oop [144]=Oop [152]=NarrowOop [160]=Oop [168]=Oop [176]=Oop [216]=Oop [224]=Oop [256]=Oop }
                      ;*invokestatic isNaN {reexecute=0 rethrow=0 return_oop=0}
                      ; - java.util.Hashtable::<init>@47
                      ; - java.util.Hashtable::<init>@5
                      ; - java.util.jar.JarVerifier::<init>@39
                      ; - java.util.jar.JarFile::getManifestFromReference@78
                      ; - java.util.jar.JarFile::getManifest@1
                      ; - jdk.internal.loader.URLClassPath$JarLoader$2::getManifest@22
                      ; - java.net.URLClassLoader::defineClass@34
                      ; - java.net.URLClassLoader$1::run@43
                      ; - java.net.URLClassLoader$1::run@1
                      ; - java.security.AccessController::executePrivileged@29
                      ; - java.security.AccessController::doPrivileged@13
                      ; - java.net.URLClassLoader::findClass@13
                      ; - java.lang.ClassLoader::loadClass@69
  0x0000027e07d2ac60: 1c4c 85ff 

  0x0000027e07d2ac64: ;   {other}
  0x0000027e07d2ac64: 0f1f 8400 | 543a 002f | 85c0 0f85 | d854 0000 | c745 1400 | 0040 3f4d | 8b97 b801 | 0000 4d8b 
  0x0000027e07d2ac84: da49 83c3 | 404d 3b9f | c801 0000 | 0f83 d628 | 0000 4d89 | 9fb8 0100 | 0041 0f0d | 8bc0 0000 
  0x0000027e07d2aca4: 0049 c702 | 0100 0000 | 410f 0d8b | 0001 0000 

  0x0000027e07d2acb4: ;   {metadata('java/util/Hashtable$Entry'[])}
  0x0000027e07d2acb4: 41c7 4208 | a87f 1300 | 410f 0d8b | 4001 0000 | 41c7 420c | 0b00 0000 | 410f 0d8b | 8001 0000 
  0x0000027e07d2acd4: 4d8b da49 | 83c3 10c5 | fdef c062 | d1fe 287f | 0362 d1fe | 087f 4302 | 498b da41 | 807f 4000 
  0x0000027e07d2acf4: 0f85 e219 | 0000 4c8b | d344 8955 | 1c4c 8bd3 | 4c8b dd4d | 33d3 488b | fd49 c1ea | 144d 85d2 
  0x0000027e07d2ad14: 741a 49c1 | eb09 48b9 | 0000 ba76 | 7e02 0000 | 4903 cb80 | 3902 0f85 | 151e 0000 | 4180 7f40 
  0x0000027e07d2ad34: 000f 85d4 | 1900 004c | 8b94 24b0 | 0000 0041 | 897a 14c7 | 4510 0800 | 0000 4c8b | d54c 8b9c 
  0x0000027e07d2ad54: 24b0 0000 | 004d 33d3 | 49c1 ea14 | 4d85 d274 | 1a49 c1eb | 0948 b900 | 00ba 767e | 0200 0049 
  0x0000027e07d2ad74: 03cb 8039 | 020f 8575 | 1d00 0049 | 8baf b801 | 0000 4c8b | d549 83c2 | 304d 3b97 | c801 0000 
  0x0000027e07d2ad94: 0f83 fa27 | 0000 4d89 | 97b8 0100 | 0041 0f0d | 8ac0 0000 | 0048 c745 | 0001 0000 

  0x0000027e07d2adb0: ;   {no_reloc}
  0x0000027e07d2adb0: 004c 8bd5 | 4983 c210 

  0x0000027e07d2adb8: ;   {metadata('java/util/Hashtable')}
  0x0000027e07d2adb8: c745 08b8 | d300 0044 | 8965 0cc5 | fdef c062 | d1fe 287f 

  0x0000027e07d2adcc: ;   {section_word}
  0x0000027e07d2adcc: 02c5 fa10 | 054b cdff | ff4c 8b94 | 24e0 0000 | 004c 8954 | 2430 6690 

  0x0000027e07d2ade4: ;   {static_call}
  0x0000027e07d2ade4: c5f8 77e8 

  0x0000027e07d2ade8: ; ImmutableOopMap {rbp=Oop [32]=Oop [40]=NarrowOop [48]=Oop [80]=Oop [88]=Oop [96]=Oop [112]=Oop [120]=Oop [144]=Oop [152]=NarrowOop [160]=Oop [168]=Oop [176]=Oop [216]=Oop [224]=Oop [256]=Oop }
                      ;*invokestatic isNaN {reexecute=0 rethrow=0 return_oop=0}
                      ; - java.util.Hashtable::<init>@47
                      ; - java.util.Hashtable::<init>@5
                      ; - java.util.jar.JarVerifier::<init>@50
                      ; - java.util.jar.JarFile::getManifestFromReference@78
                      ; - java.util.jar.JarFile::getManifest@1
                      ; - jdk.internal.loader.URLClassPath$JarLoader$2::getManifest@22
                      ; - java.net.URLClassLoader::defineClass@34
                      ; - java.net.URLClassLoader$1::run@43
                      ; - java.net.URLClassLoader$1::run@1
                      ; - java.security.AccessController::executePrivileged@29
                      ; - java.security.AccessController::doPrivileged@13
                      ; - java.net.URLClassLoader::findClass@13
                      ; - java.lang.ClassLoader::loadClass@69
  0x0000027e07d2ade8: 944a 85ff 

  0x0000027e07d2adec: ;   {other}
  0x0000027e07d2adec: 0f1f 8400 | dc3b 0030 | 85c0 0f85 | d853 0000 | c745 1400 | 0040 3f4d | 8b97 b801 | 0000 4d8b 
  0x0000027e07d2ae0c: da49 83c3 | 404d 3b9f | c801 0000 | 0f83 c627 | 0000 4d89 | 9fb8 0100 | 0041 0f0d | 8bc0 0000 
  0x0000027e07d2ae2c: 0049 c702 | 0100 0000 | 410f 0d8b | 0001 0000 

  0x0000027e07d2ae3c: ;   {metadata('java/util/Hashtable$Entry'[])}
  0x0000027e07d2ae3c: 41c7 4208 | a87f 1300 | 410f 0d8b | 4001 0000 | 41c7 420c | 0b00 0000 | 410f 0d8b | 8001 0000 
  0x0000027e07d2ae5c: 4d8b da49 | 83c3 10c5 | fdef c062 | d1fe 287f | 0362 d1fe | 087f 4302 | 498b da41 | 807f 4000 
  0x0000027e07d2ae7c: 0f85 c818 | 0000 4c8b | d34d 8bda | 4489 5d1c | 4c8b dd4d | 33d3 488b | dd49 c1ea | 144d 85d2 
  0x0000027e07d2ae9c: 741a 49c1 | eb09 48b9 | 0000 ba76 | 7e02 0000 | 4903 cb80 | 3902 0f85 | 2f1d 0000 | 4180 7f40 
  0x0000027e07d2aebc: 000f 85ba | 1800 004c | 8b94 24b0 | 0000 0041 | 895a 10c7 | 4510 0800 | 0000 4c8b | d54c 8b9c 
  0x0000027e07d2aedc: 24b0 0000 | 004d 33d3 | 49c1 ea14 | 4d85 d274 | 1a49 c1eb | 0948 b900 | 00ba 767e | 0200 0049 
  0x0000027e07d2aefc: 03cb 8039 | 020f 858f | 1c00 0049 | 8baf b801 | 0000 4c8b | d549 83c2 | 304d 3b97 | c801 0000 
  0x0000027e07d2af1c: 0f83 9a26 | 0000 4d89 | 97b8 0100 | 0041 0f0d | 8ac0 0000 | 0048 c745 | 0001 0000 

  0x0000027e07d2af38: ;   {no_reloc}
  0x0000027e07d2af38: 004c 8bd5 | 4983 c210 

  0x0000027e07d2af40: ;   {metadata('java/util/Hashtable')}
  0x0000027e07d2af40: c745 08b8 | d300 0044 | 8965 0cc5 | fdef c062 | d1fe 287f 

  0x0000027e07d2af54: ;   {section_word}
  0x0000027e07d2af54: 02c5 fa10 | 05c3 cbff | ff4c 8b94 | 24e0 0000 | 004c 8954 | 2430 6690 

  0x0000027e07d2af6c: ;   {static_call}
  0x0000027e07d2af6c: c5f8 77e8 

  0x0000027e07d2af70: ; ImmutableOopMap {rbp=Oop [32]=Oop [40]=NarrowOop [48]=Oop [80]=Oop [88]=Oop [96]=Oop [112]=Oop [120]=Oop [144]=Oop [152]=NarrowOop [160]=Oop [168]=Oop [176]=Oop [216]=Oop [224]=Oop [256]=Oop }
                      ;*invokestatic isNaN {reexecute=0 rethrow=0 return_oop=0}
                      ; - java.util.Hashtable::<init>@47
                      ; - java.util.Hashtable::<init>@4
                      ; - java.util.jar.JarVerifier::<init>@63
                      ; - java.util.jar.JarFile::getManifestFromReference@78
                      ; - java.util.jar.JarFile::getManifest@1
                      ; - jdk.internal.loader.URLClassPath$JarLoader$2::getManifest@22
                      ; - java.net.URLClassLoader::defineClass@34
                      ; - java.net.URLClassLoader$1::run@43
                      ; - java.net.URLClassLoader$1::run@1
                      ; - java.security.AccessController::executePrivileged@29
                      ; - java.security.AccessController::doPrivileged@13
                      ; - java.net.URLClassLoader::findClass@13
                      ; - java.lang.ClassLoader::loadClass@69
  0x0000027e07d2af70: 0c49 85ff 

  0x0000027e07d2af74: ;   {other}
  0x0000027e07d2af74: 0f1f 8400 | 643d 0031 | 85c0 0f85 | d852 0000 | c745 1400 | 0040 3f4d | 8b97 b801 | 0000 4d8b 
  0x0000027e07d2af94: da49 83c3 | 404d 3b9f | c801 0000 | 0f83 9f27 | 0000 4d89 | 9fb8 0100 | 0041 0f0d | 8bc0 0000 
  0x0000027e07d2afb4: 0049 c702 | 0100 0000 | 410f 0d8b | 0001 0000 

  0x0000027e07d2afc4: ;   {metadata('java/util/Hashtable$Entry'[])}
  0x0000027e07d2afc4: 41c7 4208 | a87f 1300 | 410f 0d8b | 4001 0000 | 41c7 420c | 0b00 0000 | 410f 0d8b | 8001 0000 
  0x0000027e07d2afe4: 4d8b da49 | 83c3 10c5 | fdef c062 | d1fe 287f | 0362 d1fe | 087f 4302 | 498b da41 | 807f 4000 
  0x0000027e07d2b004: 0f85 2418 | 0000 4c8b | d344 8955 | 1c4c 8b94 | 24b0 0000 | 004d 8bda | 4489 9c24 | 9c00 0000 
  0x0000027e07d2b024: 488b fd4c | 8bd5 4c8b | db4d 33da | 49c1 eb14 | 4d85 db74 | 1a49 c1ea | 0948 b900 | 00ba 767e 
  0x0000027e07d2b044: 0200 0049 | 03ca 8039 | 020f 85ca | 1d00 0041 | 807f 4000 | 0f85 b418 | 0000 4c8b | 9424 b000 
  0x0000027e07d2b064: 0000 4189 | 7a18 c745 | 1008 0000 | 004c 8bd5 | 4c8b 9c24 | b000 0000 | 4d33 d349 | c1ea 144d 
  0x0000027e07d2b084: 85d2 741a | 49c1 eb09 | 48b9 0000 | ba76 7e02 | 0000 4903 | cb80 3902 | 0f85 cc1d | 0000 4d8b 
  0x0000027e07d2b0a4: 97b8 0100 | 004d 8bda | 4983 c318 | 4d3b 9fc8 | 0100 000f | 83ab 2500 | 004d 899f 

  0x0000027e07d2b0c0: ;   {no_reloc}
  0x0000027e07d2b0c0: b801 0000 | 410f 0d8b | c000 0000 | 49c7 0201 

  0x0000027e07d2b0d0: ;   {metadata('java/util/ArrayList')}
  0x0000027e07d2b0d0: 0000 0041 | c742 08d0 | 890b 0045 | 8962 0c45 

  0x0000027e07d2b0e0: ;   {oop(a 'java/lang/Object'[0] {0x0000000080025eb8})}
  0x0000027e07d2b0e0: 8962 1041 | c742 14b8 | 5e02 8049 | 8bda 4180 | 7f40 000f | 85de 1700 | 004c 8bd3 | 4d8b da4c 
  0x0000027e07d2b100: 8b94 24b0 | 0000 0045 | 895a 1c4c | 8bdb 4d33 | da49 c1eb | 144d 85db | 741a 49c1 | ea09 48b9 
  0x0000027e07d2b120: 0000 ba76 | 7e02 0000 | 4903 ca80 | 3902 0f85 | 981c 0000 | 4d8b 97b8 | 0100 004d | 8bda 4983 
  0x0000027e07d2b140: c318 4d3b | 9fc8 0100 | 000f 8341 | 2500 004d | 899f b801 | 0000 410f | 0d8b c000 | 0000 49c7 
  0x0000027e07d2b160: 0201 0000 | 004d 8bda | 4983 c310 

  0x0000027e07d2b16c: ;   {metadata('java/io/ByteArrayOutputStream')}
  0x0000027e07d2b16c: 41c7 4208 | a000 2200 | 4589 620c | c5fd efc0 | c4c1 79d6 | 0349 8bea | 498b 87b8 | 0100 004c 
  0x0000027e07d2b18c: 8bd0 4983 | c230 4d3b | 97c8 0100 | 000f 8371 | 2500 004d | 8997 b801 | 0000 410f | 0d8a c000 
  0x0000027e07d2b1ac: 0000 48c7 | 0001 0000 | 0041 0f0d | 8a00 0100 

  0x0000027e07d2b1bc: ;   {metadata({type array byte})}
  0x0000027e07d2b1bc: 00c7 4008 | 1823 0000 | 410f 0d8a | 4001 0000 | c740 0c20 | 0000 0041 | 0f0d 8a80 | 0100 004c 
  0x0000027e07d2b1dc: 8bd0 4983 | c210 c5fd | efc0 62d1 | fe28 7f02 | 4c8b d549 | 8bda 4c8b | d845 895a | 104c 8bd0 
  0x0000027e07d2b1fc: 4c8b dd4d | 33d3 49c1 | ea14 4d85 | d274 1a49 | c1eb 0948 | b900 00ba | 767e 0200 | 0049 03cb 
  0x0000027e07d2b21c: 8039 020f | 8505 1b00 | 0041 807f | 4000 0f85 | 6c16 0000 | 4c8b 9424 | b000 0000 | 4189 5a24 
  0x0000027e07d2b23c: 4c8b d54c | 8b9c 24b0 | 0000 004d | 33d3 49c1 | ea14 4d85 | d274 1a49 | c1eb 0948 | b900 00ba 
  0x0000027e07d2b25c: 767e 0200 | 0049 03cb | 8039 020f | 850e 1b00 | 004d 8b97 | b801 0000 | 4d8b da49 | 83c3 184d 
  0x0000027e07d2b27c: 3b9f c801 | 0000 0f83 | b523 0000 | 4d89 9fb8 | 0100 0041 | 0f0d 8bc0 | 0000 0049 | c702 0100 
  0x0000027e07d2b29c: ;   {metadata('java/util/ArrayList')}
  0x0000027e07d2b29c: 0000 41c7 | 4208 d089 | 0b00 4589 | 620c 4589 

  0x0000027e07d2b2ac: ;   {oop(a 'java/lang/Object'[0] {0x0000000080025eb8})}
  0x0000027e07d2b2ac: 6210 41c7 | 4214 b85e | 0280 498b | da41 807f | 4000 0f85 | 9d15 0000 | 4c8b d34d | 8bda 4c8b 
  0x0000027e07d2b2cc: 9424 b000 | 0000 4589 | 5a34 4c8b | db4d 33da | 49c1 eb14 | 4d85 db74 | 1a49 c1ea | 0948 b900 
  0x0000027e07d2b2ec: 00ba 767e | 0200 0049 | 03ca 8039 | 020f 858a | 1900 004d | 8b97 b801 | 0000 4d8b | da49 83c3 
  0x0000027e07d2b30c: 304d 3b9f | c801 0000 | 0f83 cb23 | 0000 4d89 | 9fb8 0100 | 0041 0f0d | 8bc0 0000 | 0049 c702 
  0x0000027e07d2b32c: 0100 0000 | 4d8b da49 

  0x0000027e07d2b334: ;   {metadata('java/util/HashMap')}
  0x0000027e07d2b334: 83c3 2841 | c742 0868 | a908 004d | 8bc2 4983 | c010 4589 | 620c c5fd | efc0 62d1 | fe08 7f00 
  0x0000027e07d2b354: c5fd efc0 | c4c1 79d6 | 0349 c742 | 2000 0040 | 3f49 8bda | 4180 7f40 | 000f 8545 | 1400 004c 
  0x0000027e07d2b374: 8bd3 4d8b | da4c 8b94 | 24b0 0000 | 0045 895a | 384c 8bdb | 4d33 da49 | c1eb 144d | 85db 741a 
  0x0000027e07d2b394: 49c1 ea09 | 48b9 0000 | ba76 7e02 | 0000 4903 | ca80 3902 | 0f85 8a18 | 0000 4180 | 7f40 000f 
  0x0000027e07d2b3b4: 853a 1400 | 004c 8b84 | 24a8 0000 | 0044 8b94 | 249c 0000 | 0045 8950 | 304c 8b94 | 24b0 0000 
  0x0000027e07d2b3d4: 004d 8bd8 | 4d33 d349 | c1ea 144d | 85d2 741a | 49c1 eb09 | 48b9 0000 | ba76 7e02 | 0000 4903 
  0x0000027e07d2b3f4: cb80 3902 | 0f85 dc18 | 0000 498b | 87b8 0100 | 004c 8bd0 | 4983 c218 | 4d3b 97c8 | 0100 000f 
  0x0000027e07d2b414: 83f3 2100 | 004c 8984 | 24a8 0000 | 004d 8997 | b801 0000 | 410f 0d8a | c000 0000 | 48c7 0001 
  0x0000027e07d2b434: ;   {no_reloc}
  0x0000027e07d2b434: 0000 004c | 8bd0 4983 

  0x0000027e07d2b43c: ;   {metadata('java/util/jar/Manifest')}
  0x0000027e07d2b43c: c210 c740 | 08a0 e104 | 0044 8960 | 0cc5 fdef | c0c4 c179 | d602 4c8b | d04c 8994 | 24b0 0000 
  0x0000027e07d2b45c: 004c 8b94 | 24a8 0000 | 0045 8b52 | 3044 8994 | 249c 0000 | 0049 8b87 | b801 0000 | 4c8b d049 
  0x0000027e07d2b47c: 83c2 2044 | 8b9c 249c | 0000 004c | 895c 2430 | 4d3b 97c8 | 0100 000f | 8323 2200 | 004d 8997 
  0x0000027e07d2b49c: b801 0000 | 410f 0d8a | c000 0000 | 48c7 0001 | 0000 004c | 8bd0 4983 

  0x0000027e07d2b4b4: ;   {metadata('java/io/ByteArrayInputStream')}
  0x0000027e07d2b4b4: c210 c740 | 08a0 2305 | 0044 8960 | 0cc5 fdef | c062 d1fe | 087f 024c | 8bd0 4c89 | 9424 b800 
  0x0000027e07d2b4d4: 0000 448b | 4424 2845 | 8942 184c | 8b94 24a0 | 0000 0045 | 8b52 0c4c | 8b9c 24b8 | 0000 0045 
  0x0000027e07d2b4f4: 8953 144c | 8b94 24a8 | 0000 0045 | 8b5a 1444 | 895c 2428 | 498b afb8 | 0100 004c | 8bd5 4983 
  0x0000027e07d2b514: c210 4d3b | 97c8 0100 | 000f 834d | 2200 004d | 8997 b801 | 0000 410f | 0d8a c000 | 0000 48c7 
  0x0000027e07d2b534: 4500 0100 

  0x0000027e07d2b538: ;   {metadata('java/util/jar/Attributes')}
  0x0000027e07d2b538: 0000 c745 | 0840 8816 | 0044 8965 | 0cba 1000 | 0000 4c8b | 9424 e000 | 0000 4c89 | 5424 3890 
  0x0000027e07d2b558: ;   {static_call}
  0x0000027e07d2b558: c5f8 77e8 

  0x0000027e07d2b55c: ; ImmutableOopMap {rbp=Oop [32]=Oop [40]=NarrowOop [48]=Oop [56]=Oop [80]=Oop [88]=Oop [96]=Oop [112]=Oop [120]=Oop [144]=Oop [152]=NarrowOop [156]=NarrowOop [168]=Oop [176]=Oop [184]=Oop [216]=Oop [224]=Oop [256]=Oop }
                      ;*invokestatic newLinkedHashMap {reexecute=0 rethrow=0 return_oop=1}
                      ; - java.util.jar.Attributes::<init>@6
                      ; - java.util.jar.Attributes::<init>@3
                      ; - java.util.jar.Manifest::<init>@9
                      ; - java.util.jar.JarFile::getManifestFromReference@121
                      ; - java.util.jar.JarFile::getManifest@1
                      ; - jdk.internal.loader.URLClassPath$JarLoader$2::getManifest@22
                      ; - java.net.URLClassLoader::defineClass@34
                      ; - java.net.URLClassLoader$1::run@43
                      ; - java.net.URLClassLoader$1::run@1
                      ; - java.security.AccessController::executePrivileged@29
                      ; - java.security.AccessController::doPrivileged@13
                      ; - java.net.URLClassLoader::findClass@13
                      ; - java.lang.ClassLoader::loadClass@69
  0x0000027e07d2b55c: 2043 85ff 

  0x0000027e07d2b560: ;   {other}
  0x0000027e07d2b560: 0f1f 8400 | 5043 0032 | 488b d841 | 807f 4000 | 0f85 1414 | 0000 4c8b | db44 895d | 0c4c 8bd3 
  0x0000027e07d2b580: 4c8b dd4d | 33d3 448b | 4424 284c | 8944 2438 | 49c1 ea14 | 488b fd4d | 85d2 741f | 4885 db74 
  0x0000027e07d2b5a0: 1a49 c1eb | 0948 b900 | 00ba 767e | 0200 0049 | 03cb 8039 | 020f 8548 | 1a00 0041 | 807f 4000 
  0x0000027e07d2b5c0: 0f85 f713 | 0000 4c8b | 9424 b000 | 0000 4189 | 7a0c 4c8b | d54c 8b9c | 24b0 0000 | 004d 33d3 
  0x0000027e07d2b5e0: 49c1 ea14 | 4d85 d274 | 1a49 c1eb | 0948 b900 | 00ba 767e | 0200 0049 | 03cb 8039 | 020f 850d 
  0x0000027e07d2b600: 1900 004d | 8b97 b801 | 0000 4d8b | da49 83c3 | 304d 3b9f | c801 0000 | 0f83 7e21 | 0000 4d89 
  0x0000027e07d2b620: 9fb8 0100 | 0041 0f0d | 8bc0 0000 | 0049 c702 | 0100 0000 | 4d8b da49 

  0x0000027e07d2b638: ;   {metadata('java/util/HashMap')}
  0x0000027e07d2b638: 83c3 2841 | c742 0868 | a908 004d | 8bc2 4983 | c010 4589 | 620c c5fd | efc0 62d1 | fe08 7f00 
  0x0000027e07d2b658: c5fd efc0 | c4c1 79d6 | 0349 c742 | 2000 0040 | 3f41 807f | 4000 0f85 | d912 0000 | 4d8b da4c 
  0x0000027e07d2b678: 8b84 24b0 | 0000 0045 | 8958 104d | 8bd8 4d33 | d349 c1ea | 144d 85d2 | 741a 49c1 | eb09 48b9 
  0x0000027e07d2b698: 0000 ba76 | 7e02 0000 | 4903 cb80 | 3902 0f85 | 1318 0000 | 488b 9424 | b000 0000 | 4c8b 8424 
  0x0000027e07d2b6b8: b800 0000 | 4c8b 4c24 | 3848 8bac | 24e0 0000 | 0066 6690 

  0x0000027e07d2b6cc: ;   {optimized virtual_call}
  0x0000027e07d2b6cc: c5f8 77e8 

  0x0000027e07d2b6d0: ; ImmutableOopMap {rbp=Oop [32]=Oop [48]=Oop [80]=Oop [88]=Oop [96]=Oop [112]=Oop [120]=Oop [144]=Oop [152]=NarrowOop [156]=NarrowOop [168]=Oop [176]=Oop [216]=Oop [224]=Oop [256]=Oop }
                      ;*invokevirtual read {reexecute=0 rethrow=0 return_oop=0}
                      ; - java.util.jar.Manifest::<init>@29
                      ; - java.util.jar.JarFile::getManifestFromReference@121
                      ; - java.util.jar.JarFile::getManifest@1
                      ; - jdk.internal.loader.URLClassPath$JarLoader$2::getManifest@22
                      ; - java.net.URLClassLoader::defineClass@34
                      ; - java.net.URLClassLoader$1::run@43
                      ; - java.net.URLClassLoader$1::run@1
                      ; - java.security.AccessController::executePrivileged@29
                      ; - java.security.AccessController::doPrivileged@13
                      ; - java.net.URLClassLoader::findClass@13
                      ; - java.lang.ClassLoader::loadClass@69
  0x0000027e07d2b6d0: ac37 85ff 

  0x0000027e07d2b6d4: ;   {other}
  0x0000027e07d2b6d4: 0f1f 8400 | c444 0033 | 4180 7f40 | 000f 8511 | 1300 004c | 8b84 24b0 | 0000 008b | 8c24 9c00 
  0x0000027e07d2b6f4: 0000 4189 | 4814 4c8b | 5424 304d | 8bd8 4d33 | d349 c1ea | 144d 85d2 | 741e 85c9 | 741a 49c1 
  0x0000027e07d2b714: eb09 48b9 | 0000 ba76 | 7e02 0000 | 4903 cb80 | 3902 0f85 | 2819 0000 | 498b e84d | 8b87 b801 
  0x0000027e07d2b734: 0000 4d8b | d049 83c2 | 284d 3b97 | c801 0000 | 0f83 8c1d | 0000 4d89 | 97b8 0100 | 0041 0f0d 
  0x0000027e07d2b754: 8ac0 0000 | 0049 c700 | 0100 0000 | 4d8b d849 

  0x0000027e07d2b764: ;   {metadata('java/lang/ref/SoftReference')}
  0x0000027e07d2b764: 83c3 1041 | c740 0890 | df03 0045 | 8960 0c4d | 8bd0 c5fd | efc0 41b8 | 0700 0000 | c4c1 7892 
  0x0000027e07d2b784: f862 d1fe | 2f7f 034d | 8bc2 4c8b | d545 8950 | 0c41 807f | 4000 0f85 | 020c 0000 

  0x0000027e07d2b7a0: ;   {oop(a 'java/lang/ref/ReferenceQueue$Null'{0x000000008003ce60})}
  0x0000027e07d2b7a0: 41c7 4010 | 60ce 0380 | 498b f84d | 8bd0 498b 

  0x0000027e07d2b7b0: ;   {oop(a 'java/lang/ref/ReferenceQueue$Null'{0x000000008003ce60})}
  0x0000027e07d2b7b0: d849 bb60 | ce03 8000 | 0000 004d | 33da 49c1 | eb14 4d85 | db74 1a49 | c1ea 0948 | b900 00ba 
  0x0000027e07d2b7d0: 767e 0200 | 0049 03ca | 8039 020f | 85fa 0b00 | 00f0 8344 | 24c0 0041 | 807f 4000 | 0f85 6d0b 
  0x0000027e07d2b7f0: 0000 4c8b | 8424 a800 | 0000 4189 

  0x0000027e07d2b7fc: ;   {oop(a 'java/lang/Class'{0x000000008001a750} = 'java/lang/ref/SoftReference')}
  0x0000027e07d2b7fc: 7828 49ba | 50a7 0180 | 0000 0000 | 4d8b 5270 | 4c8b db4d | 8953 204d | 8bd0 4d33 | da49 c1eb 
  0x0000027e07d2b81c: 144d 85db | 741b 49c1 | ea09 49b8 | 0000 ba76 | 7e02 0000 | 4d03 c241 | 8038 020f | 85ef 0b00 
  0x0000027e07d2b83c: 0044 8b84 | 2498 0000 | 0044 8984 | 24b0 0000 | 004c 8b5c | 2420 4c8b | 4424 784c | 8984 24b8 
  0x0000027e07d2b85c: 0000 004c | 8bcd 4d8b | ebe9 74d3 | ffff 498b | d24c 8b84 | 24d8 0000 | 0048 8b6c | 2440 c5f8 
  0x0000027e07d2b87c: 7748 b8ff | ffff ffff 

  0x0000027e07d2b884: ;   {virtual_call}
  0x0000027e07d2b884: ffff ffe8 

  0x0000027e07d2b888: ; ImmutableOopMap {[80]=Oop [88]=Oop }
                      ;*invokevirtual findClass {reexecute=0 rethrow=0 return_oop=1}
                      ; - java.lang.ClassLoader::loadClass@69
  0x0000027e07d2b888: 5c27 94ff 

  0x0000027e07d2b88c: ;   {other}
  0x0000027e07d2b88c: 0f1f 8400 | 7c46 0034 | 4889 4424 | 20e9 bcd6 | ffff b92f | 0000 00e9 | 1ae3 ffff | 448b d9e9 
  0x0000027e07d2b8ac: 90ce ffff | 4c89 4b20 | e915 d3ff | ff33 dbe9 | f7c5 ffff | 33ed 4533 | d24c 8994 | 2480 0000 
  0x0000027e07d2b8cc: 00e9 f5c6 | ffff 41b9 | 2f00 0000 | e908 e4ff | ff4c 895c | 2468 4489 | 8c24 a800 | 0000 4c8b 
  0x0000027e07d2b8ec: 9424 b800 | 0000 4c89 | 9424 a000 | 0000 4c89 | 6c24 2044 | 8b9c 24b0 | 0000 0044 | 899c 2498 
  0x0000027e07d2b90c: 0000 0048 | 8b54 2468 | 41b8 0100 | 0000 488b | ac24 e000 | 0000 4c8b | 9424 d800 | 0000 4c89 
  0x0000027e07d2b92c: 5424 7890 

  0x0000027e07d2b930: ;   {optimized virtual_call}
  0x0000027e07d2b930: c5f8 77e8 

  0x0000027e07d2b934: ; ImmutableOopMap {rbp=Oop [32]=Oop [80]=Oop [88]=Oop [96]=Oop [104]=Oop [120]=Oop [144]=Oop [152]=NarrowOop [160]=Oop [168]=NarrowOop [216]=Oop [224]=Oop [256]=Oop }
                      ;*invokevirtual getManifestName {reexecute=0 rethrow=0 return_oop=1}
                      ; - java.util.zip.ZipFile$1::getManifestName@2
                      ; - java.util.jar.JarFile::maybeInstantiateVerifier@20
                      ; - java.util.jar.JarFile::ensureInitialization@1
                      ; - java.util.jar.JavaUtilJarAccessImpl::ensureInitialization@1
                      ; - jdk.internal.loader.URLClassPath$JarLoader$2::getManifest@10
                      ; - java.net.URLClassLoader::defineClass@34
                      ; - java.net.URLClassLoader$1::run@43
                      ; - java.net.URLClassLoader$1::run@1
                      ; - java.security.AccessController::executePrivileged@29
                      ; - java.security.AccessController::doPrivileged@13
                      ; - java.net.URLClassLoader::findClass@13
                      ; - java.lang.ClassLoader::loadClass@69
  0x0000027e07d2b934: 4884 4ff8 

  0x0000027e07d2b938: ;   {other}
  0x0000027e07d2b938: 0f1f 8400 | 2847 0035 | 4885 c00f | 85ef 5100 | 0044 8b9c | 24a8 0000 | 0045 8863 | 1241 8b6b 
  0x0000027e07d2b958: 3085 ed0f | 8577 5200 | 0044 8b94 | 2498 0000 | 0044 8994 | 24b0 0000 | 004c 8b9c | 24a0 0000 
  0x0000027e07d2b978: 004c 899c | 24b8 0000 | 004c 8b5c | 2468 4c8b | 6c24 20e9 | 46d1 ffff | 4c8b b424 | b800 0000 
  0x0000027e07d2b998: 448b 5c24 | 2044 899c | 24b0 0000 | 004c 8b5c | 2438 4c8b | 5424 684c | 8994 24b8 | 0000 004c 
  0x0000027e07d2b9b8: 8b4c 2470 | 488b 5c24 | 7848 8bb4 | 2498 0000 | 008b 4c24 | 244d 8baf | 5804 0000 | 448b 5518 
  0x0000027e07d2b9d8: 488b bc24 

  0x0000027e07d2b9dc: ; ImmutableOopMap {r10=NarrowOop r11=Oop r9=Oop rbx=Oop rdi=Oop rsi=Oop r14=Oop [48]=Oop [80]=Oop [88]=Oop [96]=Oop [144]=Oop [176]=NarrowOop [184]=Oop [216]=Oop }
                      ;*ifnonnull {reexecute=1 rethrow=0 return_oop=0}
                      ; - (reexecute) java.util.HashMap::getNode@145
                      ; - java.util.HashMap::get@2
                      ; - java.util.jar.Manifest::getAttributes@5
                      ; - java.util.jar.Manifest::getTrustedAttributes@2
                      ; - java.util.jar.JavaUtilJarAccessImpl::getTrustedAttributes@2
                      ; - java.net.URLClassLoader::isSealed@18
                      ; - java.net.URLClassLoader::getAndVerifyPackage@68
                      ; - java.net.URLClassLoader::defineClass@46
                      ; - java.net.URLClassLoader$1::run@43
                      ; - java.net.URLClassLoader$1::run@1
                      ; - java.security.AccessController::executePrivileged@29
                      ; - java.security.AccessController::doPrivileged@13
                      ; - java.net.URLClassLoader::findClass@13
                      ; - java.lang.ClassLoader::loadClass@69
  0x0000027e07d2b9dc: d800 0000 

  0x0000027e07d2b9e0: ;   {poll}
  0x0000027e07d2b9e0: 4185 4500 | 4585 d20f | 8401 e9ff | ff49 8bea | e91d ebff | ff4c 8bb4 | 24b8 0000 | 0089 ac24 
  0x0000027e07d2ba00: b000 0000 | 4c8b 5424 | 204c 8954 | 2430 4c8b | 5c24 384c | 8b54 2468 | 4c89 9424 | b800 0000 
  0x0000027e07d2ba20: 4c8b 4c24 | 7048 8b5c | 2478 488b | bc24 9800 | 0000 8b4c | 2428 488b | b424 a000 | 0000 498b 
  0x0000027e07d2ba40: af58 0400 | 0044 8b46 | 1848 8b94 | 24d8 0000 

  0x0000027e07d2ba50: ; ImmutableOopMap {r11=Oop r8=NarrowOop r9=Oop rbx=Oop rdi=Oop rdx=Oop r14=Oop [48]=Oop [80]=Oop [88]=Oop [96]=Oop [144]=Oop [176]=NarrowOop [184]=Oop [216]=Oop }
                      ;*ifnonnull {reexecute=1 rethrow=0 return_oop=0}
                      ; - (reexecute) java.util.HashMap::getNode@145
                      ; - java.util.LinkedHashMap::get@2
                      ; - java.util.jar.Attributes::get@5
                      ; - java.util.jar.Attributes::getValue@2
                      ; - java.net.URLClassLoader::isSealed@58
                      ; - java.net.URLClassLoader::getAndVerifyPackage@68
                      ; - java.net.URLClassLoader::defineClass@46
                      ; - java.net.URLClassLoader$1::run@43
                      ; - java.net.URLClassLoader$1::run@1
                      ; - java.security.AccessController::executePrivileged@29
                      ; - java.security.AccessController::doPrivileged@13
                      ; - java.net.URLClassLoader::findClass@13
                      ; - java.lang.ClassLoader::loadClass@69
                      ;   {poll}
  0x0000027e07d2ba50: 0085 4500 | 4585 c00f | 8427 d3ff | ff49 8bf0 | e9b9 ebff | ff33 ede9 | c4df ffff | 498b d0e9 
  0x0000027e07d2ba70: 95e2 ffff | 4889 5424 | 58e9 9cc1 | ffff 41bb | 0100 0000 | 4533 d24c | 8994 2480 | 0000 0045 
  0x0000027e07d2ba90: 3bd8 0f8d | dfc7 ffff | 430f be4c | 1910 83f9 | 2e0f 8427 | 1a00 0041 | ffc3 453b | d87c e9e9 
  0x0000027e07d2bab0: c3c7 ffff | 4c89 5c24 | 684c 896c | 2430 4c89 | b424 e000 | 0000 498b | d64d 8bc3 | 4c8b 8c24 
  0x0000027e07d2bad0: 8000 0000 | 488b bc24 | 8000 0000 | 488b b424 | 8000 0000 | 488b 8c24 | 8000 0000 | 4c8b 9424 
  0x0000027e07d2baf0: 8000 0000 | 4c89 1424 | 4c8b 9424 | 8000 0000 | 4c89 5424 | 084c 8b94 | 2480 0000 | 004c 8954 
  0x0000027e07d2bb10: 2410 4c8b | 9424 d800 | 0000 4c89 | 5424 784c | 89b4 2498 | 0000 004c | 89b4 24c8 | 0000 0090 
  0x0000027e07d2bb30: ;   {optimized virtual_call}
  0x0000027e07d2bb30: c5f8 77e8 

  0x0000027e07d2bb34: ; ImmutableOopMap {[48]=Oop [80]=Oop [88]=Oop [96]=Oop [104]=Oop [120]=Oop [144]=Oop [152]=Oop [176]=NarrowOop [184]=Oop [200]=Oop [216]=Oop [224]=Oop }
                      ;*invokevirtual definePackage {reexecute=0 rethrow=0 return_oop=1}
                      ; - java.net.URLClassLoader::defineClass@81
                      ; - java.net.URLClassLoader$1::run@43
                      ; - java.net.URLClassLoader$1::run@1
                      ; - java.security.AccessController::executePrivileged@29
                      ; - java.security.AccessController::doPrivileged@13
                      ; - java.net.URLClassLoader::findClass@13
                      ; - java.lang.ClassLoader::loadClass@69
  0x0000027e07d2bb34: 4833 85ff 

  0x0000027e07d2bb38: ;   {other}
  0x0000027e07d2bb38: 0f1f 8400 | 2849 0038 | e937 d2ff | ff85 ed0f | 8462 d0ff | ff4d 8b57 | 2848 8bcd | 4d85 d20f 
  0x0000027e07d2bb58: 847b 3100 | 004d 8b47 | 384b 894c | 10f8 4983 | c2f8 4d89 | 5728 e93c | d0ff ff44 | 8b5b 1445 
  0x0000027e07d2bb78: 85db 0f84 | 2cce ffff | 4d8b 5728 | 498b cb4d | 85d2 0f84 | 4c32 0000 | 4d8b 5f38 | 4b89 4c13 
  0x0000027e07d2bb98: f849 83c2 | f84d 8957 | 28e9 06ce | ffff 4d8b | 5748 4d8b | 5f58 f083 | 4424 c000 | 8039 000f 
  0x0000027e07d2bbb8: 8422 ceff | ff44 8821 | 4d85 d275 | 2049 8bd7 | c5f8 7749 | ba00 a425 | 25f8 7f00 | 0041 ffd2 
  0x0000027e07d2bbd8: ;   {other}
  0x0000027e07d2bbd8: 0f1f 8400 | 0000 0000 | e9fa cdff | ff4b 894c | 13f8 4983 | c2f8 4d89 | 5748 e9e8 

  0x0000027e07d2bbf4: ;   {metadata('jdk/internal/loader/URLClassPath$FileLoader$1')}
  0x0000027e07d2bbf4: cdff ff81 | f9a0 9334 | 010f 856d | 5000 0041 | 8b52 1c8b | 520c 8994 | 24b0 0000 | 00e9 50cb 
  0x0000027e07d2bc14: ffff 4c8b | 9424 d800 | 0000 4c89 | 5424 7066 | 6690 c5f8 | 7748 b8ff | ffff ffff 

  0x0000027e07d2bc30: ;   {virtual_call}
  0x0000027e07d2bc30: ffff ffe8 

  0x0000027e07d2bc34: ; ImmutableOopMap {rbp=Oop [48]=Oop [80]=Oop [88]=Oop [96]=Oop [112]=Oop [144]=Oop [176]=NarrowOop [216]=Oop [224]=Oop }
                      ;*invokevirtual getBytes {reexecute=0 rethrow=0 return_oop=1}
                      ; - java.net.URLClassLoader::defineClass@179
                      ; - java.net.URLClassLoader$1::run@43
                      ; - java.net.URLClassLoader$1::run@1
                      ; - java.security.AccessController::executePrivileged@29
                      ; - java.security.AccessController::doPrivileged@13
                      ; - java.net.URLClassLoader::findClass@13
                      ; - java.lang.ClassLoader::loadClass@69
  0x0000027e07d2bc34: 4837 85ff 

  0x0000027e07d2bc38: ;   {other}
  0x0000027e07d2bc38: 0f1f 8400 | 284a 0039 | 4889 8424 | 9800 0000 | e9a7 d1ff 

  0x0000027e07d2bc4c: ;   {metadata('jdk/internal/loader/URLClassPath$FileLoader$1')}
  0x0000027e07d2bc4c: ff41 81f8 | a093 3401 | 0f84 eed1 | ffff bac6 | ffff ff44 | 8b44 242c | 4489 4424 | 204c 8b5c 
  0x0000027e07d2bc6c: 2440 4c89 | 5c24 304c | 8b5c 2448 | 4c89 5c24 | 384c 8b5c | 2458 4c89 | 5c24 404c | 8b9c 24d8 
  0x0000027e07d2bc8c: 0000 004c | 895c 2448 | 4c8b 5c24 | 604c 895c | 2450 4c8b | 9c24 8800 | 0000 4c89 | 5c24 7048 
  0x0000027e07d2bcac: ffb4 2490 | 0000 0048 | 8f44 2478 

  0x0000027e07d2bcb8: ;   {runtime_call UncommonTrapBlob}
  0x0000027e07d2bcb8: c5f8 77e8 

  0x0000027e07d2bcbc: ; ImmutableOopMap {rbp=Oop [64]=Oop [72]=Oop [80]=Oop [120]=Oop [152]=Oop [176]=NarrowOop }
                      ;*invokevirtual getCodeSigners {reexecute=0 rethrow=0 return_oop=0}
                      ; - java.net.URLClassLoader::defineClass@185
                      ; - java.net.URLClassLoader$1::run@43
                      ; - java.net.URLClassLoader$1::run@1
                      ; - java.security.AccessController::executePrivileged@29
                      ; - java.security.AccessController::doPrivileged@13
                      ; - java.net.URLClassLoader::findClass@13
                      ; - java.lang.ClassLoader::loadClass@69
  0x0000027e07d2bcbc: 40be 85ff 

  0x0000027e07d2bcc0: ;   {other}
  0x0000027e07d2bcc0: 0f1f 8400 | b04a 003a | 4c8b b424 | e000 0000 | 4c89 6c24 | 30e9 aad0 | ffff 4533 | c944 8b94 
  0x0000027e07d2bce0: 2498 0000 | 0044 8994 | 24b0 0000 | 004c 8b54 | 2420 4d8b | eae9 e4ce | ffff 41b8 | 0100 0000 
  0x0000027e07d2bd00: 443b 8424 | d400 0000 | 7d63 448b | 9c24 c800 | 0000 470f | be54 0310 | 4183 fa2e | 0f84 f217 
  0x0000027e07d2bd20: 0000 41ff | c044 3b84 | 24d4 0000 | 007c db4c | 8bb4 24e0 | 0000 004c | 8b9c 2498 | 0000 004c 
  0x0000027e07d2bd40: 8b8c 24c0 | 0000 0048 | 8b9c 24a0 | 0000 0044 | 8b94 24e8 | 0000 008b | 7c24 2044 | 8b84 24c8 
  0x0000027e07d2bd60: 0000 004c | 8b6c 2438 | e95c e0ff | ff4c 8bb4 | 24e0 0000 | 004c 8b9c | 2498 0000 | 004c 8b8c 
  0x0000027e07d2bd80: 24c0 0000 | 0048 8b9c | 24a0 0000 | 0044 8b94 | 24e8 0000 | 008b 7c24 | 2044 8b84 | 24c8 0000 
  0x0000027e07d2bda0: 004c 8b6c | 2438 e91e | e0ff ff33 | c0e9 28cf | ffff 4489 

  0x0000027e07d2bdb4: ;   {metadata('java/lang/Object')}
  0x0000027e07d2bdb4: 4424 4048 | ba90 0e00 | 0f7e 0200 | 0048 8b6c | 2450 4c8b | 9424 d800 | 0000 4c89 | 5424 2090 
  0x0000027e07d2bdd4: ;   {runtime_call _new_instance_Java}
  0x0000027e07d2bdd4: c5f8 77e8 

  0x0000027e07d2bdd8: ; ImmutableOopMap {rbp=Oop [32]=Oop [64]=NarrowOop [80]=Oop [216]=Oop }
                      ;*new {reexecute=0 rethrow=0 return_oop=1}
                      ; - java.lang.ClassLoader::getClassLoadingLock@9
                      ; - java.lang.ClassLoader::loadClass@2
  0x0000027e07d2bdd8: 2434 89ff 

  0x0000027e07d2bddc: ;   {other}
  0x0000027e07d2bddc: 0f1f 8400 | cc4b 003b | e9f5 bdff | ffc4 c1f9 | 6ec5 4c63 | c54d 8d58 | 1049 8bd3 | 4883 e2f8 
  0x0000027e07d2bdfc: 488b fe48 | 03fa 49c1 | eb03 492b | cb48 33c0 | 4883 f908 | 7f10 48ff | c978 5648 | 8904 cf48 
  0x0000027e07d2be1c: ffc9 7df7 | eb4b c5f5 | efc9 e90d | 0000 00c5 | fe7f 0fc5 | fe7f 4f20 | 4883 c740 | 4883 e908 
  0x0000027e07d2be3c: 7ded 4883 | c104 7c0c | c5fe 7f0f | 4883 c720 | 4883 e904 | 4883 c104 | 7e17 48c7 | c0ff ffff 
  0x0000027e07d2be5c: ffc4 e2f0 | f5c0 c4e1 | fb92 f862 | f1fe 2f7f | 0f49 83f8 | 2077 2d4c | 63dd 49b8 | ffff ffff 
  0x0000027e07d2be7c: ffff ffff | c442 a0f5 | c0c4 c1fb | 92f8 62d1 | 7faf 6f0a | 62d1 7f2f | 7f09 c4c1 | f97e c5e9 
  0x0000027e07d2be9c: 40ca ffff | 4c8b f64c | 8beb c4e1 | f97e c649 | 8bca 498b | d1c5 f877 | 49ba c020 | 5607 7e02 
  0x0000027e07d2bebc: 0000 41ff 

  0x0000027e07d2bec0: ;   {other}
  0x0000027e07d2bec0: d20f 1f84 | 0000 0000 | 00c4 e1f9 | 6ec6 498b | dd49 8bf6 | ebc0 33c0 | e921 d5ff | ff45 33c0 
  0x0000027e07d2bee0: 33c9 e94e | e2ff ff49 | 8b87 b801 | 0000 4c8b | c049 83c0 | 184d 3b87 | c801 0000 | 0f83 fd4a 
  0x0000027e07d2bf00: 0000 4d89 | 87b8 0100 | 0041 0f0d | 88c0 0000 | 0048 c700 | 0100 0000 

  0x0000027e07d2bf18: ;   {metadata('java/lang/String')}
  0x0000027e07d2bf18: c740 0878 | e800 0044 | 8960 0c44 

  0x0000027e07d2bf24: ;   {oop([B{0x00000000800bc1f8})}
  0x0000027e07d2bf24: 8960 10c7 | 4014 f8c1 

  0x0000027e07d2bf2c: ;   {oop("/"{0x00000000800bc1e0})}
  0x0000027e07d2bf2c: 0b80 48b9 | e0c1 0b80 | 0000 0000 | 448b 410c | 4489 400c | 0fb6 4911 | 8848 11e9 | a9e0 ffff 
  0x0000027e07d2bf4c: 8974 2478 | 4c89 6c24 | 7044 8944 | 246c 4489 | 5c24 6844 | 894c 2428 | 4c89 5424 | 6048 894c 
  0x0000027e07d2bf6c: 2438 4889 | 5c24 304c | 8b94 2480 | 0000 004c | 8954 2420 | 488b 6c24 

  0x0000027e07d2bf84: ;   {metadata({type array byte})}
  0x0000027e07d2bf84: 5048 ba18 | 2300 0f7e | 0200 0044 | 8bc6 4c8b | 9424 e000 | 0000 4c89 | 5424 504c | 8b94 24d8 
  0x0000027e07d2bfa4: 0000 0048 | 8984 2490 | 0000 004c | 8994 2498 | 0000 0090 

  0x0000027e07d2bfb8: ;   {runtime_call _new_array_Java}
  0x0000027e07d2bfb8: c5f8 77e8 

  0x0000027e07d2bfbc: ; ImmutableOopMap {rbp=Oop [48]=Oop [56]=Oop [80]=Oop [88]=Oop [96]=Oop [152]=Oop [216]=Oop [224]=Oop }
                      ;*invokevirtual allocateUninitializedArray0 {reexecute=0 rethrow=0 return_oop=1}
                      ; - jdk.internal.misc.Unsafe::allocateUninitializedArray@51
                      ; - java.lang.StringConcatHelper::newArray@33
                      ; - java.lang.StringConcatHelper::simpleConcat@61
                      ; - java.lang.String::concat@11
                      ; - java.net.URLClassLoader$1::run@13
                      ; - java.net.URLClassLoader$1::run@1
                      ; - java.security.AccessController::executePrivileged@29
                      ; - java.security.AccessController::doPrivileged@13
                      ; - java.net.URLClassLoader::findClass@13
                      ; - java.lang.ClassLoader::loadClass@69
  0x0000027e07d2bfbc: c079 89ff 

  0x0000027e07d2bfc0: ;   {other}
  0x0000027e07d2bfc0: 0f1f 8400 | b04d 003c | 4889 6c24 | 504c 8b54 | 2420 4c89 | 9424 8000 | 0000 488b | 5c24 3048 
  0x0000027e07d2bfe0: 8b4c 2438 | 4c8b 5424 | 6044 8b4c | 2428 448b | 5c24 6844 | 8b44 246c | 4c8b 6c24 | 708b 7424 
  0x0000027e07d2c000: 7848 8bf8 | e93b c3ff | ff48 897c | 2438 4889 | 5c24 304c | 8b94 2480 | 0000 004c | 8954 2420 
  0x0000027e07d2c020: 488b 6c24 

  0x0000027e07d2c024: ;   {metadata('java/lang/String')}
  0x0000027e07d2c024: 5048 ba78 | e800 0f7e | 0200 004c | 8b94 24e0 | 0000 004c | 8954 2450 | 4c8b 9424 | d800 0000 
  0x0000027e07d2c044: 4c89 5424 | 7066 6690 

  0x0000027e07d2c04c: ;   {runtime_call _new_instance_Java}
  0x0000027e07d2c04c: c5f8 77e8 

  0x0000027e07d2c050: ; ImmutableOopMap {rbp=Oop [48]=Oop [56]=Oop [80]=Oop [88]=Oop [112]=Oop [216]=Oop [224]=Oop }
                      ;*new {reexecute=0 rethrow=0 return_oop=1}
                      ; - java.lang.StringConcatHelper::newString@6
                      ; - java.lang.StringConcatHelper::simpleConcat@90
                      ; - java.lang.String::concat@11
                      ; - java.net.URLClassLoader$1::run@13
                      ; - java.net.URLClassLoader$1::run@1
                      ; - java.security.AccessController::executePrivileged@29
                      ; - java.security.AccessController::doPrivileged@13
                      ; - java.net.URLClassLoader::findClass@13
                      ; - java.lang.ClassLoader::loadClass@69
  0x0000027e07d2c050: ac31 89ff 

  0x0000027e07d2c054: ;   {other}
  0x0000027e07d2c054: 0f1f 8400 | 444e 003d | 4889 6c24 | 504c 8b5c | 2420 4c89 | 9c24 8000 | 0000 488b | 5c24 3048 
  0x0000027e07d2c074: 8b7c 2438 | e98c c3ff 

  0x0000027e07d2c07c: ;   {oop(""{0x00000000800260f0})}
  0x0000027e07d2c07c: ff48 bbf0 | 6002 8000 | 0000 00e9 | 57c9 ffff | 4c8b b424 | a800 0000 | 448b 5c24 | 2044 899c 
  0x0000027e07d2c09c: 24b0 0000 | 004c 8b44 | 2430 4c8b | 5c24 384c | 8b54 2468 | 4c89 9424 | b800 0000 | 4c8b 4c24 
  0x0000027e07d2c0bc: 7044 8b54 | 2424 488b | 4c24 784d | 8be8 e9d8 

  0x0000027e07d2c0cc: ;   {metadata('java/lang/ClassNotFoundException')}
  0x0000027e07d2c0cc: cfff ff48 | ba88 9306 | 0f7e 0200 | 0066 6690 

  0x0000027e07d2c0dc: ;   {runtime_call _new_instance_Java}
  0x0000027e07d2c0dc: c5f8 77e8 

  0x0000027e07d2c0e0: ; ImmutableOopMap {[88]=Oop [216]=Oop [224]=Oop }
                      ;*new {reexecute=0 rethrow=0 return_oop=1}
                      ; - java.net.URLClassLoader::findClass@36
                      ; - java.lang.ClassLoader::loadClass@69
  0x0000027e07d2c0e0: 1c31 89ff 

  0x0000027e07d2c0e4: ;   {other}
  0x0000027e07d2c0e4: 0f1f 8400 | d44e 003e | e935 c5ff | ff4c 8974 | 2470 8974 | 2468 8954 | 2464 4489 | 4424 6044 
  0x0000027e07d2c104: 894c 2428 | 4889 5c24 | 384c 8b94 | 2480 0000 | 004c 8954 | 2430 4c8b | 5424 504c | 8954 2420 
  0x0000027e07d2c124: ;   {metadata({type array byte})}
  0x0000027e07d2c124: 48ba 1823 | 000f 7e02 | 0000 4c8b | 9424 e000 | 0000 4c89 | 5424 504c | 8b94 24d8 | 0000 004c 
  0x0000027e07d2c144: 8994 2488 | 0000 004c | 8994 2490 | 0000 0090 

  0x0000027e07d2c154: ;   {runtime_call _new_array_Java}
  0x0000027e07d2c154: c5f8 77e8 

  0x0000027e07d2c158: ; ImmutableOopMap {[32]=Oop [40]=NarrowOop [56]=Oop [80]=Oop [88]=Oop [112]=Oop [136]=Oop [144]=Oop [216]=Oop [224]=Oop }
                      ;*invokevirtual allocateUninitializedArray0 {reexecute=0 rethrow=0 return_oop=1}
                      ; - jdk.internal.misc.Unsafe::allocateUninitializedArray@51
                      ; - java.lang.StringConcatHelper::newArray@33
                      ; - java.lang.StringLatin1::replace@49
                      ; - java.lang.String::replace@18
                      ; - java.net.URLClassLoader$1::run@8
                      ; - java.net.URLClassLoader$1::run@1
                      ; - java.security.AccessController::executePrivileged@29
                      ; - java.security.AccessController::doPrivileged@13
                      ; - java.net.URLClassLoader::findClass@13
                      ; - java.lang.ClassLoader::loadClass@69
  0x0000027e07d2c158: 2478 89ff 

  0x0000027e07d2c15c: ;   {other}
  0x0000027e07d2c15c: 0f1f 8400 | 4c4f 003f | 4c8b 5c24 | 204c 895c | 2450 4c8b | 5c24 304c | 899c 2480 | 0000 0048 
  0x0000027e07d2c17c: 8b5c 2438 | 448b 4c24 | 2844 8b44 | 2460 8b54 | 2464 8b74 | 2468 4c8b | 7424 7048 | 8bc8 e99c 
  0x0000027e07d2c19c: beff ff48 | 894c 2438 | 4889 5c24 | 304c 8b94 | 2480 0000 | 004c 8954 | 2420 488b 

  0x0000027e07d2c1b8: ;   {metadata('java/lang/String')}
  0x0000027e07d2c1b8: 6c24 5048 | ba78 e800 | 0f7e 0200 | 004c 8b94 | 24e0 0000 | 004c 8954 | 2450 4c8b | 9424 d800 
  0x0000027e07d2c1d8: 0000 4c89 | 5424 704c | 8954 2478 

  0x0000027e07d2c1e4: ;   {runtime_call _new_instance_Java}
  0x0000027e07d2c1e4: c5f8 77e8 

  0x0000027e07d2c1e8: ; ImmutableOopMap {rbp=Oop [48]=Oop [56]=Oop [80]=Oop [88]=Oop [112]=Oop [120]=Oop [216]=Oop [224]=Oop }
                      ;*new {reexecute=0 rethrow=0 return_oop=1}
                      ; - java.lang.StringLatin1::replace@116
                      ; - java.lang.String::replace@18
                      ; - java.net.URLClassLoader$1::run@8
                      ; - java.net.URLClassLoader$1::run@1
                      ; - java.security.AccessController::executePrivileged@29
                      ; - java.security.AccessController::doPrivileged@13
                      ; - java.net.URLClassLoader::findClass@13
                      ; - java.lang.ClassLoader::loadClass@69
  0x0000027e07d2c1e8: 1430 89ff 

  0x0000027e07d2c1ec: ;   {other}
  0x0000027e07d2c1ec: 0f1f 8400 | dc4f 0040 | 4889 6c24 | 504c 8b5c | 2420 4c89 | 9c24 8000 | 0000 488b | 5c24 3048 
  0x0000027e07d2c20c: 8b4c 2438 | 4c8b d0e9 | 4bc0 ffff | 4c8b b424 | a800 0000 | 448b 5c24 | 2044 899c | 24b0 0000 
  0x0000027e07d2c22c: 004c 8b44 | 2430 4c8b | 5c24 384c | 8b54 2468 | 4c89 9424 | b800 0000 | 4c8b 4c24 | 708b 7c24 
  0x0000027e07d2c24c: 2444 8b54 | 2428 488b | 4c24 784d | 8be8 e978 | d3ff ff4c | 8994 2490 

  0x0000027e07d2c264: ;   {metadata('java/security/CodeSource')}
  0x0000027e07d2c264: 0000 0048 | ba28 5c00 | 0f7e 0200 | 008b ac24 | b000 0000 | 4c8b 9424 | e000 0000 | 4c89 5424 
  0x0000027e07d2c284: 204c 8b94 | 24d8 0000 | 004c 8954 | 2470 6690 

  0x0000027e07d2c294: ;   {runtime_call _new_instance_Java}
  0x0000027e07d2c294: c5f8 77e8 

  0x0000027e07d2c298: ; ImmutableOopMap {rbp=NarrowOop [32]=Oop [48]=Oop [80]=Oop [88]=Oop [96]=Oop [112]=Oop [128]=Oop [144]=Oop [152]=Oop [216]=Oop [224]=Oop }
                      ;*new {reexecute=0 rethrow=0 return_oop=1}
                      ; - java.net.URLClassLoader::defineClass@190
                      ; - java.net.URLClassLoader$1::run@43
                      ; - java.net.URLClassLoader$1::run@1
                      ; - java.security.AccessController::executePrivileged@29
                      ; - java.security.AccessController::doPrivileged@13
                      ; - java.net.URLClassLoader::findClass@13
                      ; - java.lang.ClassLoader::loadClass@69
  0x0000027e07d2c298: 642f 89ff 

  0x0000027e07d2c29c: ;   {other}
  0x0000027e07d2c29c: 0f1f 8400 | 8c50 0041 | e9ff cbff | ff44 8954 | 2424 4c89 | 4c24 704c | 8b94 24b8 | 0000 004c 
  0x0000027e07d2c2bc: 8954 2468 | 48ff b424 | 0001 0000 | 488f 4424 | 384c 896c | 2430 448b | 9424 b000 | 0000 4489 
  0x0000027e07d2c2dc: 5424 204c | 8b94 24d8 | 0000 004c | 8994 24a0 | 0000 004d | 8bd6 4c89 | 9424 a800 | 0000 4d8b 
  0x0000027e07d2c2fc: d64c 8994 | 24b8 0000 | 0066 6690 

  0x0000027e07d2c308: ;   {static_call}
  0x0000027e07d2c308: c5f8 77e8 

  0x0000027e07d2c30c: ; ImmutableOopMap {rbp=Oop [32]=NarrowOop [36]=NarrowOop [48]=Oop [56]=Oop [80]=Oop [88]=Oop [96]=Oop [104]=Oop [112]=Oop [144]=Oop [160]=Oop [168]=Oop [184]=Oop [216]=Oop [224]=Oop [256]=Oop }
                      ;*invokestatic hashCode {reexecute=0 rethrow=0 return_oop=0}
                      ; - java.lang.String::hashCode@37
                      ; - java.util.concurrent.ConcurrentHashMap::get@1
                      ; - java.lang.ClassLoader::getDefinedPackage@13
                      ; - java.net.URLClassLoader::getAndVerifyPackage@2
                      ; - java.net.URLClassLoader::defineClass@46
                      ; - java.net.URLClassLoader$1::run@43
                      ; - java.net.URLClassLoader$1::run@1
                      ; - java.security.AccessController::executePrivileged@29
                      ; - java.security.AccessController::doPrivileged@13
                      ; - java.net.URLClassLoader::findClass@13
                      ; - java.lang.ClassLoader::loadClass@69
  0x0000027e07d2c30c: 7035 85ff 

  0x0000027e07d2c310: ;   {other}
  0x0000027e07d2c310: 0f1f 8400 | 0051 0042 | e97b c9ff | ff4c 8b5c | 2438 41c6 | 4311 0133 | c04c 8bb4 | 24e0 0000 
  0x0000027e07d2c330: 0044 8b54 | 2420 4489 | 9424 b000 | 0000 4c8b | 5424 684c | 8994 24b8 | 0000 004c | 8b4c 2470 
  0x0000027e07d2c350: 448b 5424 | 244c 8b6c | 2430 e97b | c9ff ff4c | 8b84 24a8 | 0000 0045 | 8b58 2845 | 85db 0f84 
  0x0000027e07d2c370: 86f4 ffff | 4d8b 5728 | 498b cb4d | 85d2 0f84 | f040 0000 | 4d8b 5f38 | 4b89 4c13 | f849 83c2 
  0x0000027e07d2c390: f84d 8957 | 284c 8b84 | 24a8 0000 | 00e9 58f4 | ffff 458b | 5810 4585 | db0f 84f1 | f3ff ff4d 
  0x0000027e07d2c3b0: 8b57 2849 | 8bcb 4d85 | d20f 84d5 | 4000 0049 | 8bd8 4d8b | 5f38 4b89 | 4c13 f849 | 83c2 f84d 
  0x0000027e07d2c3d0: 8957 284c | 8bc3 e9c5 | f3ff ff4d | 8b57 584d | 8b5f 48f0 | 8344 24c0 | 0080 3900 | 0f84 eff3 
  0x0000027e07d2c3f0: ffff 4488 | 214d 85db | 7520 498b | d7c5 f877 | 49ba 00a4 | 2525 f87f | 0000 41ff 

  0x0000027e07d2c40c: ;   {other}
  0x0000027e07d2c40c: d20f 1f84 | 0000 0000 | 00e9 c7f3 | ffff 4b89 | 4c1a f849 | 83c3 f84d | 895f 48e9 | b5f3 ffff 
  0x0000027e07d2c42c: 4d8b 5758 | 4d8b 5f48 | f083 4424 | c000 4180 | 3800 0f84 | f9f3 ffff | 4588 204d | 85db 7523 
  0x0000027e07d2c44c: 498b c849 | 8bd7 c5f8 | 7749 ba00 | a425 25f8 | 7f00 0041 

  0x0000027e07d2c460: ;   {other}
  0x0000027e07d2c460: ffd2 0f1f | 8400 0000 | 0000 e9ce | f3ff ff4f | 8944 1af8 | 4983 c3f8 | 4d89 5f48 | e9bc f3ff 
  0x0000027e07d2c480: ff4c 896c | 2438 448b | 9424 b000 | 0000 4489 | 5424 2844 | 895c 2424 | 4889 7c24 | 3044 8944 
  0x0000027e07d2c4a0: 2420 418b 

  0x0000027e07d2c4a4: ;   {metadata('java/lang/String')}
  0x0000027e07d2c4a4: e948 ba78 | e800 0f7e | 0200 004c | 8b94 24e0 | 0000 004c | 8954 2468 | 4c8b 9424 | d800 0000 
  0x0000027e07d2c4c4: 4c89 5424 | 7866 6690 

  0x0000027e07d2c4cc: ;   {runtime_call _new_instance_Java}
  0x0000027e07d2c4cc: c5f8 77e8 

  0x0000027e07d2c4d0: ; ImmutableOopMap {rbp=NarrowOop [40]=NarrowOop [48]=Oop [56]=Oop [80]=Oop [88]=Oop [96]=Oop [104]=Oop [120]=Oop [144]=Oop [216]=Oop [224]=Oop }
                      ;*new {reexecute=0 rethrow=0 return_oop=1}
                      ; - java.lang.StringLatin1::newString@7
                      ; - java.lang.String::substring@41
                      ; - java.net.URLClassLoader::defineClass@28
                      ; - java.net.URLClassLoader$1::run@43
                      ; - java.net.URLClassLoader$1::run@1
                      ; - java.security.AccessController::executePrivileged@29
                      ; - java.security.AccessController::doPrivileged@13
                      ; - java.net.URLClassLoader::findClass@13
                      ; - java.lang.ClassLoader::loadClass@69
  0x0000027e07d2c4d0: 2c2d 89ff 

  0x0000027e07d2c4d4: ;   {other}
  0x0000027e07d2c4d4: 0f1f 8400 | c452 0043 | 448b cd44 | 8b44 2420 | 488b 7c24 | 3044 8b5c | 2424 8b4c | 2428 898c 
  0x0000027e07d2c4f4: 24b0 0000 | 0048 8bd8 | 4c8b 6c24 | 38e9 e4c2 | ffff 4889 | 6c24 384c | 8954 2430 | 4889 9c24 
  0x0000027e07d2c514: a000 0000 | 4c89 6c24 | 2048 8bef | 4489 8c24 | 9800 0000 

  0x0000027e07d2c528: ;   {metadata({type array byte})}
  0x0000027e07d2c528: 48ba 1823 | 000f 7e02 | 0000 4c8b | 9424 e000 | 0000 4c89 | 5424 684c | 8b94 24d8 | 0000 004c 
  0x0000027e07d2c548: 8954 2478 

  0x0000027e07d2c54c: ;   {runtime_call _new_array_nozero_Java}
  0x0000027e07d2c54c: c5f8 77e8 

  0x0000027e07d2c550: ; ImmutableOopMap {rbp=Oop [48]=Derived_oop_rbp [32]=Oop [80]=Oop [88]=Oop [96]=Oop [104]=Oop [120]=Oop [144]=Oop [152]=NarrowOop [160]=Oop [176]=NarrowOop [216]=Oop [224]=Oop }
                      ;*invokevirtual clone {reexecute=1 rethrow=0 return_oop=1}
                      ; - (reexecute) java.util.Arrays::copyOfRange@18
                      ; - java.lang.StringLatin1::newString@16
                      ; - java.lang.String::substring@41
                      ; - java.net.URLClassLoader::defineClass@28
                      ; - java.net.URLClassLoader$1::run@43
                      ; - java.net.URLClassLoader$1::run@1
                      ; - java.security.AccessController::executePrivileged@29
                      ; - java.security.AccessController::doPrivileged@13
                      ; - java.net.URLClassLoader::findClass@13
                      ; - java.lang.ClassLoader::loadClass@69
  0x0000027e07d2c550: 2c77 89ff 

  0x0000027e07d2c554: ;   {other}
  0x0000027e07d2c554: 0f1f 8400 | 4453 0044 | 488b f0e9 | ffc3 ffff 

  0x0000027e07d2c564: ;   {metadata({type array byte})}
  0x0000027e07d2c564: 48ba 1823 | 000f 7e02 | 0000 448b | c54c 8b94 | 24d8 0000 | 004c 8954 | 2478 4889 | b424 1801 
  0x0000027e07d2c584: 0000 6690 

  0x0000027e07d2c588: ;   {runtime_call _new_array_Java}
  0x0000027e07d2c588: c5f8 77e8 

  0x0000027e07d2c58c: ; ImmutableOopMap {[48]=Oop [56]=Oop [80]=Oop [88]=Oop [96]=Oop [120]=Oop [144]=Oop [152]=Oop [160]=Oop [168]=Oop [176]=NarrowOop [184]=Oop [192]=Oop [200]=NarrowOop [208]=Oop [216]=Oop [224]=Oop }
                      ;*invokevirtual allocateUninitializedArray0 {reexecute=0 rethrow=0 return_oop=1}
                      ; - jdk.internal.misc.Unsafe::allocateUninitializedArray@51
                      ; - java.lang.StringConcatHelper::newArray@33
                      ; - java.lang.StringConcatHelper::simpleConcat@61
                      ; - java.lang.String::concat@11
                      ; - java.net.URLClassLoader::isSealed@15
                      ; - java.net.URLClassLoader::getAndVerifyPackage@68
                      ; - java.net.URLClassLoader::defineClass@46
                      ; - java.net.URLClassLoader$1::run@43
                      ; - java.net.URLClassLoader$1::run@1
                      ; - java.security.AccessController::executePrivileged@29
                      ; - java.security.AccessController::doPrivileged@13
                      ; - java.net.URLClassLoader::findClass@13
                      ; - java.lang.ClassLoader::loadClass@69
  0x0000027e07d2c58c: f073 89ff 

  0x0000027e07d2c590: ;   {other}
  0x0000027e07d2c590: 0f1f 8400 | 8053 0045 | 448b d54c | 8bc8 e956 | d9ff ff4c | 894c 2468 

  0x0000027e07d2c5a8: ;   {metadata('java/lang/String')}
  0x0000027e07d2c5a8: 48ba 78e8 | 000f 7e02 | 0000 488b | 6c24 384c | 8b94 24e0 | 0000 004c | 8954 2438 | 4c8b 9424 
  0x0000027e07d2c5c8: d800 0000 | 4c89 5424 | 7866 6690 

  0x0000027e07d2c5d4: ;   {runtime_call _new_instance_Java}
  0x0000027e07d2c5d4: c5f8 77e8 

  0x0000027e07d2c5d8: ; ImmutableOopMap {rbp=Oop [48]=Oop [56]=Oop [80]=Oop [88]=Oop [96]=Oop [104]=Oop [120]=Oop [144]=Oop [152]=Oop [160]=Oop [168]=Oop [176]=NarrowOop [184]=Oop [200]=NarrowOop [216]=Oop [224]=Oop }
                      ;*new {reexecute=0 rethrow=0 return_oop=1}
                      ; - java.lang.StringConcatHelper::newString@6
                      ; - java.lang.StringConcatHelper::simpleConcat@90
                      ; - java.lang.String::concat@11
                      ; - java.net.URLClassLoader::isSealed@15
                      ; - java.net.URLClassLoader::getAndVerifyPackage@68
                      ; - java.net.URLClassLoader::defineClass@46
                      ; - java.net.URLClassLoader$1::run@43
                      ; - java.net.URLClassLoader$1::run@1
                      ; - java.security.AccessController::executePrivileged@29
                      ; - java.security.AccessController::doPrivileged@13
                      ; - java.net.URLClassLoader::findClass@13
                      ; - java.lang.ClassLoader::loadClass@69
  0x0000027e07d2c5d8: 242c 89ff 

  0x0000027e07d2c5dc: ;   {other}
  0x0000027e07d2c5dc: 0f1f 8400 | cc53 0046 | 4c8b 4c24 | 68e9 d4d9 | ffff 4489 | 5424 2889 | 7c24 244c | 894c 2470 
  0x0000027e07d2c5fc: 4c8b 9424 | b800 0000 | 4c89 5424 | 684c 895c | 2438 4c89 | 6c24 3044 | 8b94 24b0 | 0000 0044 
  0x0000027e07d2c61c: 8954 2420 | 4c89 b424 | e000 0000 | 4c8b 9424 | d800 0000 | 4c89 9424 | a000 0000 | 4c89 b424 
  0x0000027e07d2c63c: a800 0000 | 4c89 b424 | b800 0000 

  0x0000027e07d2c648: ;   {static_call}
  0x0000027e07d2c648: c5f8 77e8 

  0x0000027e07d2c64c: ; ImmutableOopMap {rbp=Oop [32]=NarrowOop [36]=NarrowOop [40]=NarrowOop [48]=Oop [56]=Oop [80]=Oop [88]=Oop [96]=Oop [104]=Oop [112]=Oop [144]=Oop [160]=Oop [168]=Oop [184]=Oop [216]=Oop [224]=Oop }
                      ;*invokestatic hashCode {reexecute=0 rethrow=0 return_oop=0}
                      ; - java.lang.String::hashCode@37
                      ; - java.util.concurrent.ConcurrentHashMap::get@1
                      ; - java.lang.ClassLoader::definePackage@47
                      ; - java.lang.ClassLoader::getDefinedPackage@32
                      ; - java.net.URLClassLoader::getAndVerifyPackage@2
                      ; - java.net.URLClassLoader::defineClass@46
                      ; - java.net.URLClassLoader$1::run@43
                      ; - java.net.URLClassLoader$1::run@1
                      ; - java.security.AccessController::executePrivileged@29
                      ; - java.security.AccessController::doPrivileged@13
                      ; - java.net.URLClassLoader::findClass@13
                      ; - java.lang.ClassLoader::loadClass@69
  0x0000027e07d2c64c: 3032 85ff 

  0x0000027e07d2c650: ;   {other}
  0x0000027e07d2c650: 0f1f 8400 | 4054 0047 | e95b cdff | ff4c 8b5c | 2438 41c6 | 4311 0133 | c04c 8bb4 | 24e0 0000 
  0x0000027e07d2c670: 0044 8b44 | 2420 4489 | 8424 b000 | 0000 4c8b | 5424 684c | 8994 24b8 | 0000 004c | 8b4c 2470 
  0x0000027e07d2c690: 8b7c 2424 | 448b 5424 | 284c 8b6c | 2430 e95b | cdff ff4c | 8bdb 458b | 532c 4585 | d20f 84eb 
  0x0000027e07d2c6b0: e4ff ff4d | 8b5f 2849 | 8bca 4d85 | db0f 8439 | 4100 004d | 8b57 384b | 894c 1af8 | 4983 c3f8 
  0x0000027e07d2c6d0: 4d89 5f28 | 4c8b dbe9 | c2e4 ffff | 448b 5d1c | 4585 db0f | 8411 e6ff | ff4d 8b57 | 2849 8bcb 
  0x0000027e07d2c6f0: 4d85 d20f | 8423 4100 | 004d 8b5f | 384b 894c | 13f8 4983 | c2f8 4d89 | 5728 e9eb | e5ff ff4c 
  0x0000027e07d2c710: 8b94 24b0 | 0000 0045 | 8b52 1445 | 85d2 0f84 | 17e6 ffff | 4d8b 5f28 | 498b ca4d | 85db 0f84 
  0x0000027e07d2c730: 0841 0000 | 4d8b 5738 | 4b89 4c1a | f849 83c3 | f84d 895f | 28e9 f1e5 | ffff 448b 

  0x0000027e07d2c74c: ;   {no_reloc}
  0x0000027e07d2c74c: 551c 4585 | d20f 842b | e7ff ff4d | 8b5f 2849 | 8bca 4d85 | db0f 8415 | 4100 004d | 8b57 384b 
  0x0000027e07d2c76c: 894c 1af8 | 4983 c3f8 | 4d89 5f28 | e905 e7ff | ff4c 8b94 | 24b0 0000 | 0045 8b5a | 1045 85db 
  0x0000027e07d2c78c: 0f84 31e7 | ffff 4d8b | 5728 498b | cb4d 85d2 | 0f84 ba40 | 0000 4d8b | 5f38 4b89 | 4c13 f849 
  0x0000027e07d2c7ac: 83c2 f84d | 8957 28e9 | 0be7 ffff | 4c8b 9424 | b000 0000 | 458b 5238 | 4585 d20f | 84a6 ebff 
  0x0000027e07d2c7cc: ff4d 8b5f | 2849 8bca | 4d85 db0f | 84ff 4000 | 004d 8b57 | 384b 894c | 1af8 4983 | c3f8 4d89 
  0x0000027e07d2c7ec: 5f28 e980 | ebff ff4c | 8b94 24a8 | 0000 0045 | 8b52 3045 | 85d2 0f84 | b1eb ffff | 4d8b 5f28 
  0x0000027e07d2c80c: 498b ca4d | 85db 0f84 | 8440 0000 | 4d8b 5738 | 4b89 4c1a | f849 83c3 | f84d 895f | 28e9 8beb 
  0x0000027e07d2c82c: ffff 448b | 5d1c 4585 | db0f 84cf | e7ff ff4d | 8b57 2849 | 8bcb 4d85 | d20f 8411 | 4100 004d 
  0x0000027e07d2c84c: ;   {no_reloc}
  0x0000027e07d2c84c: 8b5f 384b | 894c 13f8 | 4983 c2f8 | 4d89 5728 | e9a9 e7ff | ff4c 8b94 | 24b0 0000 | 0045 8b52 
  0x0000027e07d2c86c: 3445 85d2 | 0f84 4eea | ffff 4d8b | 5f28 498b | ca4d 85db | 0f84 3640 | 0000 4d8b | 5738 4b89 
  0x0000027e07d2c88c: 4c1a f849 | 83c3 f84d | 895f 28e9 | 28ea ffff | 4c8b 9424 | b000 0000 | 458b 5224 | 4585 d20f 
  0x0000027e07d2c8ac: 847f e9ff | ff4d 8b5f | 2849 8bca | 4d85 db0f | 843b 4000 | 004d 8b57 | 384b 894c | 1af8 4983 
  0x0000027e07d2c8cc: c3f8 4d89 | 5f28 e959 | e9ff ff4c | 8b94 24b0 | 0000 0045 | 8b52 1c45 | 85d2 0f84 | 0de8 ffff 
  0x0000027e07d2c8ec: 4d8b 5f28 | 498b ca4d | 85db 0f84 | 4040 0000 | 4d8b 5738 | 4b89 4c1a | f849 83c3 | f84d 895f 
  0x0000027e07d2c90c: 28e9 e7e7 | ffff 4c8b | 9424 b000 | 0000 458b | 5218 4585 | d20f 8437 | e7ff ff4d | 8b5f 2849 
  0x0000027e07d2c92c: 8bca 4d85 | db0f 84e5 | 3f00 004d | 8b57 384b | 894c 1af8 | 4983 c3f8 | 4d89 5f28 | e911 e7ff 
  0x0000027e07d2c94c: ;   {no_reloc}
  0x0000027e07d2c94c: ff49 8bda | 4c8b 9424 | b000 0000 | 458b 5a10 | 4585 db74 | 214d 8b57 | 2849 8bcb | 4d85 d20f 
  0x0000027e07d2c96c: 844b 4000 | 004d 8b5f | 384b 894c | 13f8 4983 | c2f8 4d89 | 5728 4c8b | d3e9 eaec | ffff 448b 
  0x0000027e07d2c98c: 550c 4585 | d20f 84df | ebff ff4d | 8b5f 2849 | 8bca 4d85 | db0f 84f5 | 3f00 004d | 8b57 384b 
  0x0000027e07d2c9ac: 894c 1af8 | 4983 c3f8 | 4d89 5f28 | e9b9 ebff | ff4c 8b94 | 24b0 0000 | 0045 8b5a | 0c45 85db 
  0x0000027e07d2c9cc: 0f84 f4eb | ffff 4d8b | 5728 498b | cb4d 85d2 | 0f84 9a3f | 0000 4d8b | 5f38 4b89 | 4c13 f849 
  0x0000027e07d2c9ec: 83c2 f84d | 8957 28e9 | ceeb ffff | 4c8b 8424 | b000 0000 | 458b 5814 | 4585 db0f | 84e2 ecff 
  0x0000027e07d2ca0c: ff4d 8b57 | 2849 8bcb | 4d85 d20f | 84bf 3f00 | 0049 8bd8 | 4d8b 5f38 | 4b89 4c13 | f849 83c2 
  0x0000027e07d2ca2c: f84d 8957 | 284c 8bc3 | e9b6 ecff | ff44 8944 | 2428 897c | 2424 4889 | 8424 9800 | 0000 4889 
  0x0000027e07d2ca4c: ;   {no_reloc}
  0x0000027e07d2ca4c: 5c24 784c | 894c 2470 | 4c8b 9424 | b800 0000 | 4c89 5424 | 684c 895c | 2438 448b | 9424 b000 
  0x0000027e07d2ca6c: 0000 4489 | 5424 204c | 89b4 24e0 | 0000 004c | 8b94 24d8 | 0000 004c | 8994 24b0 | 0000 004c 
  0x0000027e07d2ca8c: 89b4 24b8 | 0000 0090 

  0x0000027e07d2ca94: ;   {static_call}
  0x0000027e07d2ca94: c5f8 77e8 

  0x0000027e07d2ca98: ; ImmutableOopMap {rbp=Oop [32]=NarrowOop [36]=NarrowOop [48]=Oop [56]=Oop [80]=Oop [88]=Oop [96]=Oop [104]=Oop [112]=Oop [120]=Oop [144]=Oop [152]=Oop [176]=Oop [184]=Oop [216]=Oop [224]=Oop }
                      ;*invokestatic hashCode {reexecute=0 rethrow=0 return_oop=0}
                      ; - java.lang.String::hashCode@37
                      ; - java.util.HashMap::hash@9
                      ; - java.util.HashMap::getNode@23
                      ; - java.util.HashMap::get@2
                      ; - java.util.jar.Manifest::getAttributes@5
                      ; - java.util.jar.Manifest::getTrustedAttributes@2
                      ; - java.util.jar.JavaUtilJarAccessImpl::getTrustedAttributes@2
                      ; - java.net.URLClassLoader::isSealed@18
                      ; - java.net.URLClassLoader::getAndVerifyPackage@68
                      ; - java.net.URLClassLoader::defineClass@46
                      ; - java.net.URLClassLoader$1::run@43
                      ; - java.net.URLClassLoader$1::run@1
                      ; - java.security.AccessController::executePrivileged@29
                      ; - java.security.AccessController::doPrivileged@13
                      ; - java.net.URLClassLoader::findClass@13
                      ; - java.lang.ClassLoader::loadClass@69
  0x0000027e07d2ca98: e42d 85ff 

  0x0000027e07d2ca9c: ;   {other}
  0x0000027e07d2ca9c: 0f1f 8400 | 8c58 0048 | e927 d6ff | ff48 8bb4 | 2498 0000 | 00c6 4611 | 0145 33c0 | 33c9 4c8b 
  0x0000027e07d2cabc: b424 e000 | 0000 448b | 5424 2044 | 8994 24b0 | 0000 004c | 8b5c 2438 | 4c8b 5424 | 684c 8994 
  0x0000027e07d2cadc: 24b8 0000 | 004c 8b4c | 2470 488b | 5c24 788b | 7c24 24e9 | 41d6 ffff | 4d8b 5748 | 4d8b 5f58 
  0x0000027e07d2cafc: f083 4424 | c000 8039 | 000f 8474 | e2ff ff44 | 8821 4d85 | d275 2049 | 8bd7 c5f8 | 7749 ba00 
  0x0000027e07d2cb1c: a425 25f8 | 7f00 0041 

  0x0000027e07d2cb24: ;   {other}
  0x0000027e07d2cb24: ffd2 0f1f | 8400 0000 | 0000 e94c | e2ff ff4b | 894c 13f8 | 4983 c2f8 | 4d89 5748 | e93a e2ff 
  0x0000027e07d2cb44: ff4d 8b57 | 584d 8b5f | 48f0 8344 | 24c0 0080 | 3900 0f84 | d4e1 ffff | 4488 214d | 85db 7520 
  0x0000027e07d2cb64: 498b d7c5 | f877 49ba | 00a4 2525 | f87f 0000 

  0x0000027e07d2cb74: ;   {other}
  0x0000027e07d2cb74: 41ff d20f | 1f84 0000 | 0000 00e9 | ace1 ffff | 4b89 4c1a | f849 83c3 | f84d 895f | 48e9 9ae1 
  0x0000027e07d2cb94: ffff 4d8b | 5748 4d8b | 5f58 f083 | 4424 c000 | 8039 000f | 845a e3ff | ff44 8821 | 4d85 d275 
  0x0000027e07d2cbb4: 2049 8bd7 | c5f8 7749 | ba00 a425 | 25f8 7f00 | 0041 ffd2 

  0x0000027e07d2cbc8: ;   {other}
  0x0000027e07d2cbc8: 0f1f 8400 | 0000 0000 | e932 e3ff | ff4b 894c | 13f8 4983 | c2f8 4d89 | 5748 e920 | e3ff ff4d 
  0x0000027e07d2cbe8: 8b57 584d | 8b5f 48f0 | 8344 24c0 | 0080 3900 | 0f84 bae2 | ffff 4488 | 214d 85db | 7520 498b 
  0x0000027e07d2cc08: d7c5 f877 | 49ba 00a4 | 2525 f87f | 0000 41ff 

  0x0000027e07d2cc18: ;   {other}
  0x0000027e07d2cc18: d20f 1f84 | 0000 0000 | 00e9 92e2 | ffff 4b89 | 4c1a f849 | 83c3 f84d | 895f 48e9 | 80e2 ffff 
  0x0000027e07d2cc38: 4d8b 5758 | 4d8b 5f48 | f083 4424 | c000 8039 | 000f 845f | e7ff ff44 | 8821 4d85 | db75 2049 
  0x0000027e07d2cc58: 8bd7 c5f8 | 7749 ba00 | a425 25f8 | 7f00 0041 

  0x0000027e07d2cc68: ;   {other}
  0x0000027e07d2cc68: ffd2 0f1f | 8400 0000 | 0000 e937 | e7ff ff4b | 894c 1af8 | 4983 c3f8 | 4d89 5f48 | e925 e7ff 
  0x0000027e07d2cc88: ff4d 8b57 | 584d 8b5f | 48f0 8344 | 24c0 0080 | 3900 0f84 | 5fe6 ffff | 4488 214d | 85db 7520 
  0x0000027e07d2cca8: 498b d7c5 | f877 49ba | 00a4 2525 | f87f 0000 

  0x0000027e07d2ccb8: ;   {other}
  0x0000027e07d2ccb8: 41ff d20f | 1f84 0000 | 0000 00e9 | 37e6 ffff | 4b89 4c1a | f849 83c3 | f84d 895f | 48e9 25e6 
  0x0000027e07d2ccd8: ffff 498b | d84d 8b57 | 484d 8b5f | 58f0 8344 | 24c0 0080 | 3900 7432 | 4488 214d | 85d2 740f 
  0x0000027e07d2ccf8: 4b89 4c13 | f849 83c2 | f84d 8957 | 48eb 1b49 | 8bd7 c5f8 | 7749 ba00 | a425 25f8 | 7f00 0041 
  0x0000027e07d2cd18: ;   {other}
  0x0000027e07d2cd18: ffd2 0f1f | 8400 0000 | 0000 4c8b | c3e9 d4e6 | ffff 4d8b | 5758 4d8b | 5f48 f083 | 4424 c000 
  0x0000027e07d2cd38: 8039 000f | 84e4 e4ff | ff44 8821 | 4d85 db75 | 2049 8bd7 | c5f8 7749 | ba00 a425 | 25f8 7f00 
  0x0000027e07d2cd58: 0041 ffd2 

  0x0000027e07d2cd5c: ;   {other}
  0x0000027e07d2cd5c: 0f1f 8400 | 0000 0000 | e9bc e4ff | ff4b 894c | 1af8 4983 | c3f8 4d89 | 5f48 e9aa | e4ff ff4d 
  0x0000027e07d2cd7c: 8b57 484d | 8b5f 58f0 | 8344 24c0 | 0080 3900 | 0f84 dbe4 | ffff 4488 | 214d 85d2 | 7520 498b 
  0x0000027e07d2cd9c: d7c5 f877 | 49ba 00a4 | 2525 f87f | 0000 41ff 

  0x0000027e07d2cdac: ;   {other}
  0x0000027e07d2cdac: d20f 1f84 | 0000 0000 | 00e9 b3e4 | ffff 4b89 | 4c13 f849 | 83c2 f84d | 8957 48e9 | a1e4 ffff 
  0x0000027e07d2cdcc: 4d8b 5758 | 4d8b 5f48 | f083 4424 | c000 8039 | 000f 8451 | e3ff ff44 | 8821 4d85 | db75 2049 
  0x0000027e07d2cdec: 8bd7 c5f8 | 7749 ba00 | a425 25f8 | 7f00 0041 

  0x0000027e07d2cdfc: ;   {other}
  0x0000027e07d2cdfc: ffd2 0f1f | 8400 0000 | 0000 e929 | e3ff ff4b | 894c 1af8 | 4983 c3f8 | 4d89 5f48 | e917 e3ff 
  0x0000027e07d2ce1c: ff4d 8b57 | 584d 8b5f | 48f0 8344 | 24c0 0080 | 3900 0f84 | 1fe2 ffff | 4488 214d | 85db 7520 
  0x0000027e07d2ce3c: 498b d7c5 | f877 49ba | 00a4 2525 | f87f 0000 

  0x0000027e07d2ce4c: ;   {other}
  0x0000027e07d2ce4c: 41ff d20f | 1f84 0000 | 0000 00e9 | f7e1 ffff | 4b89 4c1a | f849 83c3 | f84d 895f | 48e9 e5e1 
  0x0000027e07d2ce6c: ffff 4d8b | 5748 4d8b | 5f58 f083 | 4424 c000 | 8039 000f | 841d e2ff | ff44 8821 | 4d85 d275 
  0x0000027e07d2ce8c: 2049 8bd7 | c5f8 7749 | ba00 a425 | 25f8 7f00 | 0041 ffd2 

  0x0000027e07d2cea0: ;   {other}
  0x0000027e07d2cea0: 0f1f 8400 | 0000 0000 | e9f5 e1ff | ff4b 894c | 13f8 4983 | c2f8 4d89 | 5748 e9e3 | e1ff ff4d 
  0x0000027e07d2cec0: 8b57 584d | 8b5f 48f0 | 8344 24c0 | 0080 3900 | 0f84 d6e7 | ffff 4488 | 214d 85db | 7520 498b 
  0x0000027e07d2cee0: d7c5 f877 | 49ba 00a4 | 2525 f87f | 0000 41ff 

  0x0000027e07d2cef0: ;   {other}
  0x0000027e07d2cef0: d20f 1f84 | 0000 0000 | 00e9 aee7 | ffff 4b89 | 4c1a f849 | 83c3 f84d | 895f 48e9 | 9ce7 ffff 
  0x0000027e07d2cf10: 4d8b 5748 | 4d8b 5f58 | f083 4424 | c000 8039 | 000f 84dc | e6ff ff44 | 8821 4d85 | d275 2049 
  0x0000027e07d2cf30: 8bd7 c5f8 | 7749 ba00 | a425 25f8 | 7f00 0041 

  0x0000027e07d2cf40: ;   {other}
  0x0000027e07d2cf40: ffd2 0f1f | 8400 0000 | 0000 e9b4 | e6ff ff4b | 894c 13f8 | 4983 c2f8 | 4d89 5748 | e9a2 e6ff 
  0x0000027e07d2cf60: ff4d 8b57 | 584d 8b5f | 48f0 8344 | 24c0 0080 | 3900 0f84 | 75dc ffff | 4488 214d | 85db 7520 
  0x0000027e07d2cf80: 498b d7c5 | f877 49ba | 00a4 2525 | f87f 0000 

  0x0000027e07d2cf90: ;   {other}
  0x0000027e07d2cf90: 41ff d20f | 1f84 0000 | 0000 00e9 | 4ddc ffff | 4b89 4c1a | f849 83c3 | f84d 895f | 48e9 3bdc 
  0x0000027e07d2cfb0: ffff 4d8b | 5758 4d8b | 5f48 f083 | 4424 c000 | 8039 000f | 84c7 dbff | ff44 8821 | 4d85 db75 
  0x0000027e07d2cfd0: 2049 8bd7 | c5f8 7749 | ba00 a425 | 25f8 7f00 | 0041 ffd2 

  0x0000027e07d2cfe4: ;   {other}
  0x0000027e07d2cfe4: 0f1f 8400 | 0000 0000 | e99f dbff | ff4b 894c | 1af8 4983 | c3f8 4d89 | 5f48 e98d | dbff ff4d 
  0x0000027e07d2d004: 8b57 584d | 8b5f 48f0 | 8344 24c0 | 0080 3900 | 0f84 a1e5 | ffff 4488 | 214d 85db | 7520 498b 
  0x0000027e07d2d024: d7c5 f877 | 49ba 00a4 | 2525 f87f | 0000 41ff 

  0x0000027e07d2d034: ;   {other}
  0x0000027e07d2d034: d20f 1f84 | 0000 0000 | 00e9 79e5 | ffff 4b89 | 4c1a f849 | 83c3 f84d | 895f 48e9 | 67e5 ffff 
  0x0000027e07d2d054: 4d8b 5748 | 4d8b 5f58 | f083 4424 | c000 8039 | 000f 84c1 | e6ff ff44 | 8821 4d85 | d275 2649 
  0x0000027e07d2d074: 8bd8 498b | d7c5 f877 | 49ba 00a4 | 2525 f87f | 0000 41ff 

  0x0000027e07d2d088: ;   {other}
  0x0000027e07d2d088: d20f 1f84 | 0000 0000 | 004c 8bc3 | e993 e6ff | ff4b 894c | 13f8 4983 | c2f8 4d89 | 5748 e981 
  0x0000027e07d2d0a8: ;   {metadata({type array byte})}
  0x0000027e07d2d0a8: e6ff ff48 | ba18 2300 | 0f7e 0200 | 0044 8b84 | 24d4 0000 | 004c 8b94 | 24e0 0000 | 004c 8954 
  0x0000027e07d2d0c8: 2470 4c8b | 9424 d800 | 0000 4c89 | 9424 a800 | 0000 6690 

  0x0000027e07d2d0dc: ;   {runtime_call _new_array_Java}
  0x0000027e07d2d0dc: c5f8 77e8 

  0x0000027e07d2d0e0: ; ImmutableOopMap {[48]=Oop [56]=Oop [80]=Oop [88]=Oop [96]=Oop [104]=Oop [112]=Oop [144]=Oop [152]=Oop [160]=Oop [168]=Oop [176]=NarrowOop [184]=Oop [192]=Oop [200]=NarrowOop [216]=Oop [224]=Oop [232]=NarrowOop }
                      ;*invokevirtual allocateUninitializedArray0 {reexecute=0 rethrow=0 return_oop=1}
                      ; - jdk.internal.misc.Unsafe::allocateUninitializedArray@51
                      ; - java.lang.StringConcatHelper::newArray@33
                      ; - java.lang.StringLatin1::replace@49
                      ; - java.lang.String::replace@18
                      ; - java.net.URLClassLoader::isSealed@9
                      ; - java.net.URLClassLoader::getAndVerifyPackage@68
                      ; - java.net.URLClassLoader::defineClass@46
                      ; - java.net.URLClassLoader$1::run@43
                      ; - java.net.URLClassLoader$1::run@1
                      ; - java.security.AccessController::executePrivileged@29
                      ; - java.security.AccessController::doPrivileged@13
                      ; - java.net.URLClassLoader::findClass@13
                      ; - java.lang.ClassLoader::loadClass@69
  0x0000027e07d2d0e0: 9c68 89ff 

  0x0000027e07d2d0e4: ;   {other}
  0x0000027e07d2d0e4: 0f1f 8400 | d45e 0049 | 4c8b c0e9 | c5c9 ffff 

  0x0000027e07d2d0f4: ;   {metadata('java/lang/String')}
  0x0000027e07d2d0f4: 488b ea48 | ba78 e800 | 0f7e 0200 | 004c 8b94 | 24e0 0000 | 004c 8954 | 2468 4c8b | 9424 d800 
  0x0000027e07d2d114: 0000 4c89 | 5424 7890 

  0x0000027e07d2d11c: ;   {runtime_call _new_instance_Java}
  0x0000027e07d2d11c: c5f8 77e8 

  0x0000027e07d2d120: ; ImmutableOopMap {rbp=Oop [48]=Oop [56]=Oop [80]=Oop [88]=Oop [96]=Oop [104]=Oop [120]=Oop [144]=Oop [152]=Oop [160]=Oop [176]=NarrowOop [184]=Oop [192]=Oop [216]=Oop [224]=Oop [232]=NarrowOop }
                      ;*new {reexecute=0 rethrow=0 return_oop=1}
                      ; - java.lang.StringLatin1::replace@116
                      ; - java.lang.String::replace@18
                      ; - java.net.URLClassLoader::isSealed@9
                      ; - java.net.URLClassLoader::getAndVerifyPackage@68
                      ; - java.net.URLClassLoader::defineClass@46
                      ; - java.net.URLClassLoader$1::run@43
                      ; - java.net.URLClassLoader$1::run@1
                      ; - java.security.AccessController::executePrivileged@29
                      ; - java.security.AccessController::doPrivileged@13
                      ; - java.net.URLClassLoader::findClass@13
                      ; - java.lang.ClassLoader::loadClass@69
  0x0000027e07d2d120: dc20 89ff 

  0x0000027e07d2d124: ;   {other}
  0x0000027e07d2d124: 0f1f 8400 | 145f 004a | 488b d548 | 8be8 e91f | ccff ff4c | 8bcd 448b | 5510 4585 | d20f 8460 
  0x0000027e07d2d144: d8ff ff4d | 8b5f 2849 | 8bca 4d85 | db0f 8498 | 3900 0049 | 8bf8 488b | dd4d 8b57 | 384b 894c 
  0x0000027e07d2d164: 1af8 4983 | c3f8 4d89 | 5f28 4c8b | cb4c 8bc7 | e92e d8ff | ff4c 8b54 | 2438 458b | 520c 4585 
  0x0000027e07d2d184: d20f 846a | d7ff ff4d | 8b5f 2849 | 8bca 4d85 | db0f 8414 | 3900 004d | 8b57 384b | 894c 1af8 
  0x0000027e07d2d1a4: 4983 c3f8 | 4d89 5f28 | e944 d7ff | ff44 8b5d | 0c45 85db | 0f84 e4d6 | ffff 4d8b | 5728 498b 
  0x0000027e07d2d1c4: cb4d 85d2 | 0f84 0139 | 0000 4d8b | 5f38 4b89 | 4c13 f849 | 83c2 f84d | 8957 28e9 | bed6 ffff 
  0x0000027e07d2d1e4: 4c8b d545 | 8b5a 1445 | 85db 0f84 | 2ed8 ffff | 4d8b 4728 | 498b cb4d | 85c0 0f84 | 1139 0000 
  0x0000027e07d2d204: 4d8b 5f38 | 4b89 4c03 | f849 83c0 | f84d 8947 | 28e9 08d8 | ffff 4d8b | 5758 4d8b 

  0x0000027e07d2d220: ;   {no_reloc}
  0x0000027e07d2d220: 5f48 f083 | 4424 c000 | 8039 000f | 84a9 d7ff | ff44 8821 | 4d85 db75 | 2649 8bd9 | 498b d7c5 
  0x0000027e07d2d240: f877 49ba | 00a4 2525 | f87f 0000 

  0x0000027e07d2d24c: ;   {other}
  0x0000027e07d2d24c: 41ff d20f | 1f84 0000 | 0000 004c | 8bcb e97b | d7ff ff4b | 894c 1af8 | 4983 c3f8 | 4d89 5f48 
  0x0000027e07d2d26c: e969 d7ff | ff4d 8b57 | 484d 8b5f | 58f0 8344 | 24c0 0080 | 3900 7432 | 4488 214d | 85d2 740f 
  0x0000027e07d2d28c: 4b89 4c13 | f849 83c2 | f84d 8957 | 48eb 1b49 | 8bd7 c5f8 | 7749 ba00 | a425 25f8 | 7f00 0041 
  0x0000027e07d2d2ac: ;   {other}
  0x0000027e07d2d2ac: ffd2 0f1f | 8400 0000 | 0000 4c8b | 4424 38e9 | 6ad6 ffff | 4d8b 5758 | 4d8b 5f48 | f083 4424 
  0x0000027e07d2d2cc: c000 8039 | 000f 8413 | d6ff ff44 | 8821 4d85 | db75 2049 | 8bd7 c5f8 | 7749 ba00 | a425 25f8 
  0x0000027e07d2d2ec: 7f00 0041 

  0x0000027e07d2d2f0: ;   {other}
  0x0000027e07d2d2f0: ffd2 0f1f | 8400 0000 | 0000 e9eb | d5ff ff4b | 894c 1af8 | 4983 c3f8 | 4d89 5f48 | e9d9 d5ff 
  0x0000027e07d2d310: ff48 895c | 2430 4c8b | 9424 8000 | 0000 4c89 | 5424 2048 | 8b6c 2450 

  0x0000027e07d2d328: ;   {metadata('java/lang/String')}
  0x0000027e07d2d328: 48ba 78e8 | 000f 7e02 | 0000 4c8b | 9424 e000 | 0000 4c89 | 5424 384c | 8b94 24d8 | 0000 004c 
  0x0000027e07d2d348: 8954 2470 

  0x0000027e07d2d34c: ;   {runtime_call _new_instance_Java}
  0x0000027e07d2d34c: c5f8 77e8 

  0x0000027e07d2d350: ; ImmutableOopMap {rbp=Oop [48]=Oop [56]=Oop [88]=Oop [112]=Oop [216]=Oop [224]=Oop }
                      ;*new {reexecute=0 rethrow=0 return_oop=1}
                      ; - java.lang.StringConcatHelper::simpleConcat@17
                      ; - java.lang.String::concat@11
                      ; - java.net.URLClassLoader$1::run@13
                      ; - java.net.URLClassLoader$1::run@1
                      ; - java.security.AccessController::executePrivileged@29
                      ; - java.security.AccessController::doPrivileged@13
                      ; - java.net.URLClassLoader::findClass@13
                      ; - java.lang.ClassLoader::loadClass@69
  0x0000027e07d2d350: ac1e 89ff 

  0x0000027e07d2d354: ;   {other}
  0x0000027e07d2d354: 0f1f 8400 | 4461 004b | 4889 6c24 | 504c 8b54 | 2420 4c89 | 9424 8000 | 0000 488b | 5c24 30e9 
  0x0000027e07d2d374: 7cc6 ffff | 897c 2424 | 4c89 4c24 | 704c 8b94 | 24b8 0000 | 004c 8954 | 2468 4c89 | 5c24 384c 
  0x0000027e07d2d394: 896c 2430 | 448b 9424 | b000 0000 | 4489 5424 | 204c 89b4 | 24e0 0000 

  0x0000027e07d2d3ac: ;   {metadata('java/lang/ClassLoader$$Lambda+0x0000027e10066288')}
  0x0000027e07d2d3ac: 0048 ba88 | 6206 107e | 0200 004c | 8b94 24d8 | 0000 004c | 8994 24a0 | 0000 004c | 89b4 24a8 
  0x0000027e07d2d3cc: 0000 004c | 89b4 24b8 | 0000 0090 

  0x0000027e07d2d3d8: ;   {runtime_call _new_instance_Java}
  0x0000027e07d2d3d8: c5f8 77e8 

  0x0000027e07d2d3dc: ; ImmutableOopMap {rbp=NarrowOop [32]=NarrowOop [36]=NarrowOop [48]=Oop [56]=Oop [80]=Oop [88]=Oop [96]=Oop [104]=Oop [112]=Oop [144]=Oop [160]=Oop [168]=Oop [184]=Oop [216]=Oop [224]=Oop }
                      ;*invokevirtual allocateInstance {reexecute=0 rethrow=0 return_oop=1}
                      ; - java.lang.invoke.DirectMethodHandle::allocateInstance@12
                      ; - java.lang.invoke.DirectMethodHandle$Holder::newInvokeSpecial@1
                      ; - java.lang.invoke.Invokers$Holder::linkToTargetMethod@6
                      ; - java.lang.ClassLoader::definePackage@73
                      ; - java.lang.ClassLoader::getDefinedPackage@32
                      ; - java.net.URLClassLoader::getAndVerifyPackage@2
                      ; - java.net.URLClassLoader::defineClass@46
                      ; - java.net.URLClassLoader$1::run@43
                      ; - java.net.URLClassLoader$1::run@1
                      ; - java.security.AccessController::executePrivileged@29
                      ; - java.security.AccessController::doPrivileged@13
                      ; - java.net.URLClassLoader::findClass@13
                      ; - java.lang.ClassLoader::loadClass@69
  0x0000027e07d2d3dc: 201e 89ff 

  0x0000027e07d2d3e0: ;   {other}
  0x0000027e07d2d3e0: 0f1f 8400 | d061 004c | 4c8b b424 | a800 0000 | 448b 5424 | 2044 8994 | 24b0 0000 | 0048 8b4c 
  0x0000027e07d2d400: 2430 4c8b | 5c24 384c | 8b54 2468 | 4c89 9424 | b800 0000 | 4c8b 4c24 | 708b 7c24 | 244c 8bd0 
  0x0000027e07d2d420: e924 c3ff | ff4c 8984 | 2498 0000 | 0048 894c | 2478 4c89 | 5424 7048 | 895c 2468 | 4c89 6c24 
  0x0000027e07d2d440: 3844 8b84 | 24b0 0000 | 0044 8944 | 2430 4489 | 5c24 2848 | 897c 2420 

  0x0000027e07d2d458: ;   {metadata({type array byte})}
  0x0000027e07d2d458: 48ba 1823 | 000f 7e02 | 0000 458b | c34c 8b94 | 24e0 0000 | 004c 8994 | 24a0 0000 | 004c 8b94 
  0x0000027e07d2d478: 24d8 0000 | 004c 8994 | 24b0 0000 | 0066 6690 

  0x0000027e07d2d488: ;   {runtime_call _new_array_nozero_Java}
  0x0000027e07d2d488: c5f8 77e8 

  0x0000027e07d2d48c: ; ImmutableOopMap {[32]=Oop [112]=Derived_oop_[32] [48]=NarrowOop [56]=Oop [80]=Oop [88]=Oop [96]=Oop [104]=Oop [144]=Oop [160]=Oop [176]=Oop [216]=Oop [224]=Oop }
                      ;*newarray {reexecute=0 rethrow=0 return_oop=1}
                      ; - java.util.Arrays::copyOfRangeByte@10
                      ; - java.util.Arrays::copyOfRange@13
                      ; - java.lang.StringLatin1::newString@16
                      ; - java.lang.String::substring@41
                      ; - java.net.URLClassLoader::defineClass@28
                      ; - java.net.URLClassLoader$1::run@43
                      ; - java.net.URLClassLoader$1::run@1
                      ; - java.security.AccessController::executePrivileged@29
                      ; - java.security.AccessController::doPrivileged@13
                      ; - java.net.URLClassLoader::findClass@13
                      ; - java.lang.ClassLoader::loadClass@69
  0x0000027e07d2d48c: f067 89ff 

  0x0000027e07d2d490: ;   {other}
  0x0000027e07d2d490: 0f1f 8400 | 8062 004d | 448b 5c24 | 2844 8b54 | 2430 4489 | 9424 b000 | 0000 488b | 5c24 684c 
  0x0000027e07d2d4b0: 8b54 2470 | 488b f048 | 8b4c 2478 | 4c8b 8424 | 9800 0000 | 4c8b 6c24 | 38e9 c0b3 | ffff 418b 
  0x0000027e07d2d4d0: ebe9 f1aa 

  0x0000027e07d2d4d4: ;   {metadata('java/lang/ref/SoftReference')}
  0x0000027e07d2d4d4: ffff 48ba | 90df 030f | 7e02 0000 | 4c8b 9424 | e000 0000 | 4c89 5424 | 304c 8b94 | 24d8 0000 
  0x0000027e07d2d4f4: 004c 8954 | 2470 6690 

  0x0000027e07d2d4fc: ;   {runtime_call _new_instance_Java}
  0x0000027e07d2d4fc: c5f8 77e8 

  0x0000027e07d2d500: ; ImmutableOopMap {rbp=Oop [32]=Oop [48]=Oop [80]=Oop [88]=Oop [96]=Oop [112]=Oop [120]=Oop [144]=Oop [152]=NarrowOop [168]=Oop [216]=Oop [224]=Oop [256]=Oop }
                      ;*new {reexecute=0 rethrow=0 return_oop=1}
                      ; - java.util.jar.JarFile::getManifestFromReference@184
                      ; - java.util.jar.JarFile::getManifest@1
                      ; - jdk.internal.loader.URLClassPath$JarLoader$2::getManifest@22
                      ; - java.net.URLClassLoader::defineClass@34
                      ; - java.net.URLClassLoader$1::run@43
                      ; - java.net.URLClassLoader$1::run@1
                      ; - java.security.AccessController::executePrivileged@29
                      ; - java.security.AccessController::doPrivileged@13
                      ; - java.net.URLClassLoader::findClass@13
                      ; - java.lang.ClassLoader::loadClass@69
  0x0000027e07d2d500: fc1c 89ff 

  0x0000027e07d2d504: ;   {other}
  0x0000027e07d2d504: 0f1f 8400 | f462 004e | 4c8b d0e9 | 77e2 ffff | 418b e8e9 | 14c5 ffff 

  0x0000027e07d2d51c: ;   {metadata('java/util/jar/JarVerifier')}
  0x0000027e07d2d51c: 48ba 789e | 160f 7e02 | 0000 6690 

  0x0000027e07d2d528: ;   {runtime_call _new_instance_Java}
  0x0000027e07d2d528: c5f8 77e8 

  0x0000027e07d2d52c: ; ImmutableOopMap {rbp=Oop [32]=Oop [48]=Oop [80]=Oop [88]=Oop [96]=Oop [112]=Oop [120]=Oop [144]=Oop [152]=NarrowOop [160]=Oop [168]=Oop [216]=Oop [224]=Oop [256]=Oop }
                      ;*new {reexecute=0 rethrow=0 return_oop=1}
                      ; - java.util.jar.JarFile::getManifestFromReference@69
                      ; - java.util.jar.JarFile::getManifest@1
                      ; - jdk.internal.loader.URLClassPath$JarLoader$2::getManifest@22
                      ; - java.net.URLClassLoader::defineClass@34
                      ; - java.net.URLClassLoader$1::run@43
                      ; - java.net.URLClassLoader$1::run@1
                      ; - java.security.AccessController::executePrivileged@29
                      ; - java.security.AccessController::doPrivileged@13
                      ; - java.net.URLClassLoader::findClass@13
                      ; - java.lang.ClassLoader::loadClass@69
  0x0000027e07d2d52c: d01c 89ff 

  0x0000027e07d2d530: ;   {other}
  0x0000027e07d2d530: 0f1f 8400 | 2063 004f | 4c8b d0e9 | e5d5 ffff 

  0x0000027e07d2d540: ;   {metadata('java/util/Hashtable')}
  0x0000027e07d2d540: 48ba b8d3 | 000f 7e02 | 0000 488b | ac24 e000 | 0000 6690 

  0x0000027e07d2d554: ;   {runtime_call _new_instance_Java}
  0x0000027e07d2d554: c5f8 77e8 

  0x0000027e07d2d558: ; ImmutableOopMap {rbp=Oop [32]=Oop [40]=NarrowOop [80]=Oop [88]=Oop [96]=Oop [112]=Oop [120]=Oop [144]=Oop [152]=NarrowOop [160]=Oop [168]=Oop [176]=Oop [216]=Oop [224]=Oop [256]=Oop }
                      ;*new {reexecute=0 rethrow=0 return_oop=1}
                      ; - java.util.jar.JarVerifier::<init>@35
                      ; - java.util.jar.JarFile::getManifestFromReference@78
                      ; - java.util.jar.JarFile::getManifest@1
                      ; - jdk.internal.loader.URLClassPath$JarLoader$2::getManifest@22
                      ; - java.net.URLClassLoader::defineClass@34
                      ; - java.net.URLClassLoader$1::run@43
                      ; - java.net.URLClassLoader$1::run@1
                      ; - java.security.AccessController::executePrivileged@29
                      ; - java.security.AccessController::doPrivileged@13
                      ; - java.net.URLClassLoader::findClass@13
                      ; - java.lang.ClassLoader::loadClass@69
  0x0000027e07d2d558: a41c 89ff 

  0x0000027e07d2d55c: ;   {other}
  0x0000027e07d2d55c: 0f1f 8400 | 4c63 0050 | 488b e8e9 | dad6 ffff 

  0x0000027e07d2d56c: ;   {metadata('java/util/Hashtable$Entry'[])}
  0x0000027e07d2d56c: 48ba a87f | 130f 7e02 | 0000 41b8 | 0b00 0000 

  0x0000027e07d2d57c: ;   {runtime_call _new_array_Java}
  0x0000027e07d2d57c: c5f8 77e8 

  0x0000027e07d2d580: ; ImmutableOopMap {rbp=Oop [32]=Oop [40]=NarrowOop [48]=Oop [80]=Oop [88]=Oop [96]=Oop [112]=Oop [120]=Oop [144]=Oop [152]=NarrowOop [160]=Oop [168]=Oop [176]=Oop [216]=Oop [224]=Oop [256]=Oop }
                      ;*anewarray {reexecute=0 rethrow=0 return_oop=1}
                      ; - java.util.Hashtable::<init>@93
                      ; - java.util.Hashtable::<init>@5
                      ; - java.util.jar.JarVerifier::<init>@39
                      ; - java.util.jar.JarFile::getManifestFromReference@78
                      ; - java.util.jar.JarFile::getManifest@1
                      ; - jdk.internal.loader.URLClassPath$JarLoader$2::getManifest@22
                      ; - java.net.URLClassLoader::defineClass@34
                      ; - java.net.URLClassLoader$1::run@43
                      ; - java.net.URLClassLoader$1::run@1
                      ; - java.security.AccessController::executePrivileged@29
                      ; - java.security.AccessController::doPrivileged@13
                      ; - java.net.URLClassLoader::findClass@13
                      ; - java.lang.ClassLoader::loadClass@69
  0x0000027e07d2d580: fc63 89ff 

  0x0000027e07d2d584: ;   {other}
  0x0000027e07d2d584: 0f1f 8400 | 7463 0051 | 4c8b d0e9 | 58d7 ffff 

  0x0000027e07d2d594: ;   {metadata('java/util/Hashtable')}
  0x0000027e07d2d594: 48ba b8d3 | 000f 7e02 | 0000 488b | 6c24 3090 

  0x0000027e07d2d5a4: ;   {runtime_call _new_instance_Java}
  0x0000027e07d2d5a4: c5f8 77e8 

  0x0000027e07d2d5a8: ; ImmutableOopMap {rbp=Oop [32]=Oop [40]=NarrowOop [80]=Oop [88]=Oop [96]=Oop [112]=Oop [120]=Oop [144]=Oop [152]=NarrowOop [160]=Oop [168]=Oop [176]=Oop [216]=Oop [224]=Oop [256]=Oop }
                      ;*new {reexecute=0 rethrow=0 return_oop=1}
                      ; - java.util.jar.JarVerifier::<init>@46
                      ; - java.util.jar.JarFile::getManifestFromReference@78
                      ; - java.util.jar.JarFile::getManifest@1
                      ; - jdk.internal.loader.URLClassPath$JarLoader$2::getManifest@22
                      ; - java.net.URLClassLoader::defineClass@34
                      ; - java.net.URLClassLoader$1::run@43
                      ; - java.net.URLClassLoader$1::run@1
                      ; - java.security.AccessController::executePrivileged@29
                      ; - java.security.AccessController::doPrivileged@13
                      ; - java.net.URLClassLoader::findClass@13
                      ; - java.lang.ClassLoader::loadClass@69
  0x0000027e07d2d5a8: 541c 89ff 

  0x0000027e07d2d5ac: ;   {other}
  0x0000027e07d2d5ac: 0f1f 8400 | 9c63 0052 | 488b e8e9 | 11d8 ffff 

  0x0000027e07d2d5bc: ;   {metadata('java/util/Hashtable')}
  0x0000027e07d2d5bc: 48ba b8d3 | 000f 7e02 | 0000 488b | 6c24 3090 

  0x0000027e07d2d5cc: ;   {runtime_call _new_instance_Java}
  0x0000027e07d2d5cc: c5f8 77e8 

  0x0000027e07d2d5d0: ; ImmutableOopMap {rbp=Oop [32]=Oop [40]=NarrowOop [80]=Oop [88]=Oop [96]=Oop [112]=Oop [120]=Oop [144]=Oop [152]=NarrowOop [160]=Oop [168]=Oop [176]=Oop [216]=Oop [224]=Oop [256]=Oop }
                      ;*new {reexecute=0 rethrow=0 return_oop=1}
                      ; - java.util.jar.JarVerifier::<init>@57
                      ; - java.util.jar.JarFile::getManifestFromReference@78
                      ; - java.util.jar.JarFile::getManifest@1
                      ; - jdk.internal.loader.URLClassPath$JarLoader$2::getManifest@22
                      ; - java.net.URLClassLoader::defineClass@34
                      ; - java.net.URLClassLoader$1::run@43
                      ; - java.net.URLClassLoader$1::run@1
                      ; - java.security.AccessController::executePrivileged@29
                      ; - java.security.AccessController::doPrivileged@13
                      ; - java.net.URLClassLoader::findClass@13
                      ; - java.lang.ClassLoader::loadClass@69
  0x0000027e07d2d5d0: 2c1c 89ff 

  0x0000027e07d2d5d4: ;   {other}
  0x0000027e07d2d5d4: 0f1f 8400 | c463 0053 | 488b e8e9 | 71d9 ffff 

  0x0000027e07d2d5e4: ;   {metadata('java/util/Hashtable$Entry'[])}
  0x0000027e07d2d5e4: 48ba a87f | 130f 7e02 | 0000 41b8 | 0b00 0000 

  0x0000027e07d2d5f4: ;   {runtime_call _new_array_Java}
  0x0000027e07d2d5f4: c5f8 77e8 

  0x0000027e07d2d5f8: ; ImmutableOopMap {rbp=Oop [32]=Oop [40]=NarrowOop [48]=Oop [80]=Oop [88]=Oop [96]=Oop [112]=Oop [120]=Oop [144]=Oop [152]=NarrowOop [160]=Oop [168]=Oop [176]=Oop [216]=Oop [224]=Oop [256]=Oop }
                      ;*anewarray {reexecute=0 rethrow=0 return_oop=1}
                      ; - java.util.Hashtable::<init>@93
                      ; - java.util.Hashtable::<init>@5
                      ; - java.util.jar.JarVerifier::<init>@50
                      ; - java.util.jar.JarFile::getManifestFromReference@78
                      ; - java.util.jar.JarFile::getManifest@1
                      ; - jdk.internal.loader.URLClassPath$JarLoader$2::getManifest@22
                      ; - java.net.URLClassLoader::defineClass@34
                      ; - java.net.URLClassLoader$1::run@43
                      ; - java.net.URLClassLoader$1::run@1
                      ; - java.security.AccessController::executePrivileged@29
                      ; - java.security.AccessController::doPrivileged@13
                      ; - java.net.URLClassLoader::findClass@13
                      ; - java.lang.ClassLoader::loadClass@69
  0x0000027e07d2d5f8: 8463 89ff 

  0x0000027e07d2d5fc: ;   {other}
  0x0000027e07d2d5fc: 0f1f 8400 | ec63 0054 | 4c8b d0e9 | 68d8 ffff | 4c89 8424 | a800 0000 

  0x0000027e07d2d614: ;   {metadata('java/util/jar/Manifest')}
  0x0000027e07d2d614: 48ba a0e1 | 040f 7e02 | 0000 488b | ac24 e000 | 0000 6690 

  0x0000027e07d2d628: ;   {runtime_call _new_instance_Java}
  0x0000027e07d2d628: c5f8 77e8 

  0x0000027e07d2d62c: ; ImmutableOopMap {rbp=Oop [32]=Oop [40]=NarrowOop [80]=Oop [88]=Oop [96]=Oop [112]=Oop [120]=Oop [144]=Oop [152]=NarrowOop [160]=Oop [168]=Oop [216]=Oop [224]=Oop [256]=Oop }
                      ;*new {reexecute=0 rethrow=0 return_oop=1}
                      ; - java.util.jar.JarFile::getManifestFromReference@101
                      ; - java.util.jar.JarFile::getManifest@1
                      ; - jdk.internal.loader.URLClassPath$JarLoader$2::getManifest@22
                      ; - java.net.URLClassLoader::defineClass@34
                      ; - java.net.URLClassLoader$1::run@43
                      ; - java.net.URLClassLoader$1::run@1
                      ; - java.security.AccessController::executePrivileged@29
                      ; - java.security.AccessController::doPrivileged@13
                      ; - java.net.URLClassLoader::findClass@13
                      ; - java.lang.ClassLoader::loadClass@69
  0x0000027e07d2d62c: d01b 89ff 

  0x0000027e07d2d630: ;   {other}
  0x0000027e07d2d630: 0f1f 8400 | 2064 0055 | e915 deff 

  0x0000027e07d2d63c: ;   {metadata('java/util/ArrayList')}
  0x0000027e07d2d63c: ff48 bad0 | 890b 0f7e | 0200 0048 | 8bac 24e0 | 0000 0090 

  0x0000027e07d2d650: ;   {runtime_call _new_instance_Java}
  0x0000027e07d2d650: c5f8 77e8 

  0x0000027e07d2d654: ; ImmutableOopMap {rbp=Oop [32]=Oop [40]=NarrowOop [80]=Oop [88]=Oop [96]=Oop [112]=Oop [120]=Oop [144]=Oop [152]=NarrowOop [156]=NarrowOop [160]=Oop [168]=Oop [176]=Oop [216]=Oop [224]=Oop [256]=Oop }
                      ;*new {reexecute=0 rethrow=0 return_oop=1}
                      ; - java.util.jar.JarVerifier::<init>@92
                      ; - java.util.jar.JarFile::getManifestFromReference@78
                      ; - java.util.jar.JarFile::getManifest@1
                      ; - jdk.internal.loader.URLClassPath$JarLoader$2::getManifest@22
                      ; - java.net.URLClassLoader::defineClass@34
                      ; - java.net.URLClassLoader$1::run@43
                      ; - java.net.URLClassLoader$1::run@1
                      ; - java.security.AccessController::executePrivileged@29
                      ; - java.security.AccessController::doPrivileged@13
                      ; - java.net.URLClassLoader::findClass@13
                      ; - java.lang.ClassLoader::loadClass@69
  0x0000027e07d2d654: a81b 89ff 

  0x0000027e07d2d658: ;   {other}
  0x0000027e07d2d658: 0f1f 8400 | 4864 0056 | 4c8b d0e9 | 46dc ffff 

  0x0000027e07d2d668: ;   {metadata('java/util/ArrayList')}
  0x0000027e07d2d668: 48ba d089 | 0b0f 7e02 | 0000 488b | 6c24 3090 

  0x0000027e07d2d678: ;   {runtime_call _new_instance_Java}
  0x0000027e07d2d678: c5f8 77e8 

  0x0000027e07d2d67c: ; ImmutableOopMap {rbp=Oop [32]=Oop [40]=NarrowOop [80]=Oop [88]=Oop [96]=Oop [112]=Oop [120]=Oop [144]=Oop [152]=NarrowOop [156]=NarrowOop [160]=Oop [168]=Oop [176]=Oop [216]=Oop [224]=Oop [256]=Oop }
                      ;*new {reexecute=0 rethrow=0 return_oop=1}
                      ; - java.util.jar.JarVerifier::<init>@70
                      ; - java.util.jar.JarFile::getManifestFromReference@78
                      ; - java.util.jar.JarFile::getManifest@1
                      ; - jdk.internal.loader.URLClassPath$JarLoader$2::getManifest@22
                      ; - java.net.URLClassLoader::defineClass@34
                      ; - java.net.URLClassLoader$1::run@43
                      ; - java.net.URLClassLoader$1::run@1
                      ; - java.security.AccessController::executePrivileged@29
                      ; - java.security.AccessController::doPrivileged@13
                      ; - java.net.URLClassLoader::findClass@13
                      ; - java.lang.ClassLoader::loadClass@69
  0x0000027e07d2d67c: 801b 89ff 

  0x0000027e07d2d680: ;   {other}
  0x0000027e07d2d680: 0f1f 8400 | 7064 0057 | 4c8b d0e9 | 53da ffff 

  0x0000027e07d2d690: ;   {metadata('java/io/ByteArrayOutputStream')}
  0x0000027e07d2d690: 48ba a000 | 220f 7e02 | 0000 488b | ac24 e000 | 0000 6690 

  0x0000027e07d2d6a4: ;   {runtime_call _new_instance_Java}
  0x0000027e07d2d6a4: c5f8 77e8 

  0x0000027e07d2d6a8: ; ImmutableOopMap {rbp=Oop [32]=Oop [40]=NarrowOop [80]=Oop [88]=Oop [96]=Oop [112]=Oop [120]=Oop [144]=Oop [152]=NarrowOop [156]=NarrowOop [160]=Oop [168]=Oop [176]=Oop [216]=Oop [224]=Oop [256]=Oop }
                      ;*new {reexecute=0 rethrow=0 return_oop=1}
                      ; - java.util.jar.JarVerifier::<init>@81
                      ; - java.util.jar.JarFile::getManifestFromReference@78
                      ; - java.util.jar.JarFile::getManifest@1
                      ; - jdk.internal.loader.URLClassPath$JarLoader$2::getManifest@22
                      ; - java.net.URLClassLoader::defineClass@34
                      ; - java.net.URLClassLoader$1::run@43
                      ; - java.net.URLClassLoader$1::run@1
                      ; - java.security.AccessController::executePrivileged@29
                      ; - java.security.AccessController::doPrivileged@13
                      ; - java.net.URLClassLoader::findClass@13
                      ; - java.lang.ClassLoader::loadClass@69
  0x0000027e07d2d6a8: 541b 89ff 

  0x0000027e07d2d6ac: ;   {other}
  0x0000027e07d2d6ac: 0f1f 8400 | 9c64 0058 | 4c8b d0e9 | c5da ffff 

  0x0000027e07d2d6bc: ;   {metadata('java/io/ByteArrayInputStream')}
  0x0000027e07d2d6bc: 48ba a023 | 050f 7e02 | 0000 488b | ac24 e000 | 0000 6690 

  0x0000027e07d2d6d0: ;   {runtime_call _new_instance_Java}
  0x0000027e07d2d6d0: c5f8 77e8 

  0x0000027e07d2d6d4: ; ImmutableOopMap {rbp=Oop [32]=Oop [40]=NarrowOop [48]=Oop [80]=Oop [88]=Oop [96]=Oop [112]=Oop [120]=Oop [144]=Oop [152]=NarrowOop [156]=NarrowOop [160]=Oop [168]=Oop [176]=Oop [216]=Oop [224]=Oop [256]=Oop }
                      ;*new {reexecute=0 rethrow=0 return_oop=1}
                      ; - java.util.jar.JarFile::getManifestFromReference@109
                      ; - java.util.jar.JarFile::getManifest@1
                      ; - jdk.internal.loader.URLClassPath$JarLoader$2::getManifest@22
                      ; - java.net.URLClassLoader::defineClass@34
                      ; - java.net.URLClassLoader$1::run@43
                      ; - java.net.URLClassLoader$1::run@1
                      ; - java.security.AccessController::executePrivileged@29
                      ; - java.security.AccessController::doPrivileged@13
                      ; - java.net.URLClassLoader::findClass@13
                      ; - java.lang.ClassLoader::loadClass@69
  0x0000027e07d2d6d4: 281b 89ff 

  0x0000027e07d2d6d8: ;   {other}
  0x0000027e07d2d6d8: 0f1f 8400 | c864 0059 | e9e6 ddff 

  0x0000027e07d2d6e4: ;   {metadata('java/util/HashMap')}
  0x0000027e07d2d6e4: ff48 ba68 | a908 0f7e | 0200 0048 | 8bac 24e0 | 0000 0090 

  0x0000027e07d2d6f8: ;   {runtime_call _new_instance_Java}
  0x0000027e07d2d6f8: c5f8 77e8 

  0x0000027e07d2d6fc: ; ImmutableOopMap {rbp=Oop [32]=Oop [40]=NarrowOop [80]=Oop [88]=Oop [96]=Oop [112]=Oop [120]=Oop [144]=Oop [152]=NarrowOop [156]=NarrowOop [160]=Oop [168]=Oop [176]=Oop [216]=Oop [224]=Oop [256]=Oop }
                      ;*new {reexecute=0 rethrow=0 return_oop=1}
                      ; - java.util.jar.JarVerifier::<init>@103
                      ; - java.util.jar.JarFile::getManifestFromReference@78
                      ; - java.util.jar.JarFile::getManifest@1
                      ; - jdk.internal.loader.URLClassPath$JarLoader$2::getManifest@22
                      ; - java.net.URLClassLoader::defineClass@34
                      ; - java.net.URLClassLoader$1::run@43
                      ; - java.net.URLClassLoader$1::run@1
                      ; - java.security.AccessController::executePrivileged@29
                      ; - java.security.AccessController::doPrivileged@13
                      ; - java.net.URLClassLoader::findClass@13
                      ; - java.lang.ClassLoader::loadClass@69
  0x0000027e07d2d6fc: 001b 89ff 

  0x0000027e07d2d700: ;   {other}
  0x0000027e07d2d700: 0f1f 8400 | f064 005a | 4c8b d0e9 | 4ddc ffff | 41b8 2000 

  0x0000027e07d2d714: ;   {metadata({type array byte})}
  0x0000027e07d2d714: 0000 48ba | 1823 000f | 7e02 0000 | 4c8b 9424 | e000 0000 | 4c89 5424 | 3066 6690 

  0x0000027e07d2d730: ;   {runtime_call _new_array_Java}
  0x0000027e07d2d730: c5f8 77e8 

  0x0000027e07d2d734: ; ImmutableOopMap {rbp=Oop [32]=Oop [40]=NarrowOop [48]=Oop [80]=Oop [88]=Oop [96]=Oop [112]=Oop [120]=Oop [144]=Oop [152]=NarrowOop [156]=NarrowOop [160]=Oop [168]=Oop [176]=Oop [216]=Oop [224]=Oop [256]=Oop }
                      ;*newarray {reexecute=0 rethrow=0 return_oop=1}
                      ; - java.io.ByteArrayOutputStream::<init>@37
                      ; - java.io.ByteArrayOutputStream::<init>@3
                      ; - java.util.jar.JarVerifier::<init>@85
                      ; - java.util.jar.JarFile::getManifestFromReference@78
                      ; - java.util.jar.JarFile::getManifest@1
                      ; - jdk.internal.loader.URLClassPath$JarLoader$2::getManifest@22
                      ; - java.net.URLClassLoader::defineClass@34
                      ; - java.net.URLClassLoader$1::run@43
                      ; - java.net.URLClassLoader$1::run@1
                      ; - java.security.AccessController::executePrivileged@29
                      ; - java.security.AccessController::doPrivileged@13
                      ; - java.net.URLClassLoader::findClass@13
                      ; - java.lang.ClassLoader::loadClass@69
  0x0000027e07d2d734: 4862 89ff 

  0x0000027e07d2d738: ;   {other}
  0x0000027e07d2d738: 0f1f 8400 | 2865 005b | e9a7 daff 

  0x0000027e07d2d744: ;   {metadata('java/util/Hashtable$Entry'[])}
  0x0000027e07d2d744: ff48 baa8 | 7f13 0f7e | 0200 0041 | b80b 0000 | 0066 6690 

  0x0000027e07d2d758: ;   {runtime_call _new_array_Java}
  0x0000027e07d2d758: c5f8 77e8 

  0x0000027e07d2d75c: ; ImmutableOopMap {rbp=Oop [32]=Oop [40]=NarrowOop [48]=Oop [80]=Oop [88]=Oop [96]=Oop [112]=Oop [120]=Oop [144]=Oop [152]=NarrowOop [160]=Oop [168]=Oop [176]=Oop [216]=Oop [224]=Oop [256]=Oop }
                      ;*anewarray {reexecute=0 rethrow=0 return_oop=1}
                      ; - java.util.Hashtable::<init>@93
                      ; - java.util.Hashtable::<init>@4
                      ; - java.util.jar.JarVerifier::<init>@63
                      ; - java.util.jar.JarFile::getManifestFromReference@78
                      ; - java.util.jar.JarFile::getManifest@1
                      ; - jdk.internal.loader.URLClassPath$JarLoader$2::getManifest@22
                      ; - java.net.URLClassLoader::defineClass@34
                      ; - java.net.URLClassLoader$1::run@43
                      ; - java.net.URLClassLoader$1::run@1
                      ; - java.security.AccessController::executePrivileged@29
                      ; - java.security.AccessController::doPrivileged@13
                      ; - java.net.URLClassLoader::findClass@13
                      ; - java.lang.ClassLoader::loadClass@69
  0x0000027e07d2d75c: 2062 89ff 

  0x0000027e07d2d760: ;   {other}
  0x0000027e07d2d760: 0f1f 8400 | 5065 005c | 4c8b d0e9 | 8cd8 ffff 

  0x0000027e07d2d770: ;   {metadata('java/util/jar/Attributes')}
  0x0000027e07d2d770: 48ba 4088 | 160f 7e02 | 0000 488b | ac24 e000 | 0000 6690 

  0x0000027e07d2d784: ;   {runtime_call _new_instance_Java}
  0x0000027e07d2d784: c5f8 77e8 

  0x0000027e07d2d788: ; ImmutableOopMap {rbp=Oop [32]=Oop [40]=NarrowOop [48]=Oop [80]=Oop [88]=Oop [96]=Oop [112]=Oop [120]=Oop [144]=Oop [152]=NarrowOop [156]=NarrowOop [168]=Oop [176]=Oop [184]=Oop [216]=Oop [224]=Oop [256]=Oop }
                      ;*new {reexecute=0 rethrow=0 return_oop=1}
                      ; - java.util.jar.Manifest::<init>@5
                      ; - java.util.jar.JarFile::getManifestFromReference@121
                      ; - java.util.jar.JarFile::getManifest@1
                      ; - jdk.internal.loader.URLClassPath$JarLoader$2::getManifest@22
                      ; - java.net.URLClassLoader::defineClass@34
                      ; - java.net.URLClassLoader$1::run@43
                      ; - java.net.URLClassLoader$1::run@1
                      ; - java.security.AccessController::executePrivileged@29
                      ; - java.security.AccessController::doPrivileged@13
                      ; - java.net.URLClassLoader::findClass@13
                      ; - java.lang.ClassLoader::loadClass@69
  0x0000027e07d2d788: 741a 89ff 

  0x0000027e07d2d78c: ;   {other}
  0x0000027e07d2d78c: 0f1f 8400 | 7c65 005d | 488b e8e9 | a9dd ffff 

  0x0000027e07d2d79c: ;   {metadata('java/util/HashMap')}
  0x0000027e07d2d79c: 48ba 68a9 | 080f 7e02 | 0000 488b | ac24 e000 | 0000 6690 

  0x0000027e07d2d7b0: ;   {runtime_call _new_instance_Java}
  0x0000027e07d2d7b0: c5f8 77e8 

  0x0000027e07d2d7b4: ; ImmutableOopMap {rbp=Oop [32]=Oop [40]=NarrowOop [48]=Oop [56]=Oop [80]=Oop [88]=Oop [96]=Oop [112]=Oop [120]=Oop [144]=Oop [152]=NarrowOop [156]=NarrowOop [168]=Oop [176]=Oop [184]=Oop [216]=Oop [224]=Oop [256]=Oop }
                      ;*new {reexecute=0 rethrow=0 return_oop=1}
                      ; - java.util.jar.Manifest::<init>@16
                      ; - java.util.jar.JarFile::getManifestFromReference@121
                      ; - java.util.jar.JarFile::getManifest@1
                      ; - jdk.internal.loader.URLClassPath$JarLoader$2::getManifest@22
                      ; - java.net.URLClassLoader::defineClass@34
                      ; - java.net.URLClassLoader$1::run@43
                      ; - java.net.URLClassLoader$1::run@1
                      ; - java.security.AccessController::executePrivileged@29
                      ; - java.security.AccessController::doPrivileged@13
                      ; - java.net.URLClassLoader::findClass@13
                      ; - java.lang.ClassLoader::loadClass@69
  0x0000027e07d2d7b4: 481a 89ff 

  0x0000027e07d2d7b8: ;   {other}
  0x0000027e07d2d7b8: 0f1f 8400 | a865 005e | 4c8b d0e9 | 99de ffff | 4489 4c24 | 284c 895c | 2438 4c89 | 8424 a800 
  0x0000027e07d2d7d8: ;   {metadata('java/util/jar/Attributes')}
  0x0000027e07d2d7d8: 0000 48ba | 4088 160f | 7e02 0000 | 488b ac24 | e000 0000 

  0x0000027e07d2d7ec: ;   {runtime_call _new_instance_Java}
  0x0000027e07d2d7ec: c5f8 77e8 

  0x0000027e07d2d7f0: ; ImmutableOopMap {rbp=Oop [32]=Oop [40]=NarrowOop [48]=Oop [56]=Oop [80]=Oop [88]=Oop [96]=Oop [112]=Oop [120]=Oop [144]=Oop [152]=NarrowOop [168]=Oop [216]=Oop [224]=Oop [256]=Oop }
                      ;*new {reexecute=0 rethrow=0 return_oop=1}
                      ; - java.util.jar.Manifest::<init>@5
                      ; - java.util.jar.Manifest::<init>@4
                      ; - java.util.jar.JarFile::getManifestFromReference@143
                      ; - java.util.jar.JarFile::getManifest@1
                      ; - jdk.internal.loader.URLClassPath$JarLoader$2::getManifest@22
                      ; - java.net.URLClassLoader::defineClass@34
                      ; - java.net.URLClassLoader$1::run@43
                      ; - java.net.URLClassLoader$1::run@1
                      ; - java.security.AccessController::executePrivileged@29
                      ; - java.security.AccessController::doPrivileged@13
                      ; - java.net.URLClassLoader::findClass@13
                      ; - java.lang.ClassLoader::loadClass@69
  0x0000027e07d2d7f0: 0c1a 89ff 

  0x0000027e07d2d7f4: ;   {other}
  0x0000027e07d2d7f4: 0f1f 8400 | e465 005f | 488b e8e9 | 5ed0 ffff 

  0x0000027e07d2d804: ;   {metadata('java/util/jar/Manifest')}
  0x0000027e07d2d804: 48ba a0e1 | 040f 7e02 | 0000 4c8b | 9424 e000 | 0000 4c89 | 5424 3890 

  0x0000027e07d2d81c: ;   {runtime_call _new_instance_Java}
  0x0000027e07d2d81c: c5f8 77e8 

  0x0000027e07d2d820: ; ImmutableOopMap {rbp=Oop [32]=Oop [48]=Oop [56]=Oop [80]=Oop [88]=Oop [96]=Oop [112]=Oop [120]=Oop [144]=Oop [152]=NarrowOop [216]=Oop [224]=Oop [256]=Oop }
                      ;*new {reexecute=0 rethrow=0 return_oop=1}
                      ; - java.util.jar.JarFile::getManifestFromReference@134
                      ; - java.util.jar.JarFile::getManifest@1
                      ; - jdk.internal.loader.URLClassPath$JarLoader$2::getManifest@22
                      ; - java.net.URLClassLoader::defineClass@34
                      ; - java.net.URLClassLoader$1::run@43
                      ; - java.net.URLClassLoader$1::run@1
                      ; - java.security.AccessController::executePrivileged@29
                      ; - java.security.AccessController::doPrivileged@13
                      ; - java.net.URLClassLoader::findClass@13
                      ; - java.lang.ClassLoader::loadClass@69
  0x0000027e07d2d820: dc19 89ff 

  0x0000027e07d2d824: ;   {other}
  0x0000027e07d2d824: 0f1f 8400 | 1466 0060 | e9d8 cfff | ff49 8be8 

  0x0000027e07d2d834: ;   {metadata('java/util/HashMap')}
  0x0000027e07d2d834: 48ba 68a9 | 080f 7e02 | 0000 4c8b | 9424 e000 | 0000 4c89 | 5424 3890 

  0x0000027e07d2d84c: ;   {runtime_call _new_instance_Java}
  0x0000027e07d2d84c: c5f8 77e8 

  0x0000027e07d2d850: ; ImmutableOopMap {rbp=Oop [32]=Oop [40]=NarrowOop [48]=Oop [56]=Oop [80]=Oop [88]=Oop [96]=Oop [104]=Oop [120]=Oop [144]=Oop [152]=NarrowOop [160]=Oop [168]=Oop [216]=Oop [224]=Oop [256]=Oop }
                      ;*new {reexecute=0 rethrow=0 return_oop=1}
                      ; - java.util.jar.Manifest::<init>@16
                      ; - java.util.jar.Manifest::<init>@4
                      ; - java.util.jar.JarFile::getManifestFromReference@143
                      ; - java.util.jar.JarFile::getManifest@1
                      ; - jdk.internal.loader.URLClassPath$JarLoader$2::getManifest@22
                      ; - java.net.URLClassLoader::defineClass@34
                      ; - java.net.URLClassLoader$1::run@43
                      ; - java.net.URLClassLoader$1::run@1
                      ; - java.security.AccessController::executePrivileged@29
                      ; - java.security.AccessController::doPrivileged@13
                      ; - java.net.URLClassLoader::findClass@13
                      ; - java.lang.ClassLoader::loadClass@69
  0x0000027e07d2d850: ac19 89ff 

  0x0000027e07d2d854: ;   {other}
  0x0000027e07d2d854: 0f1f 8400 | 4466 0061 | 4c8b d0e9 | 2ad1 ffff | 488b 5424 | 584c 8d84 | 2430 0100 | 0048 8b6c 
  0x0000027e07d2d874: 2450 6690 

  0x0000027e07d2d878: ;   {runtime_call _complete_monitor_locking_Java}
  0x0000027e07d2d878: c5f8 77e8 

  0x0000027e07d2d87c: ; ImmutableOopMap {rbp=Oop [80]=Oop [88]=Oop [216]=Oop }
                      ;*monitorenter {reexecute=0 rethrow=0 return_oop=0}
                      ; - java.lang.ClassLoader::loadClass@7
  0x0000027e07d2d87c: 009e 89ff 

  0x0000027e07d2d880: ;   {other}
  0x0000027e07d2d880: 0f1f 8400 | 7066 0062 | e9fd a3ff | ffba 45ff | ffff 488b | 6c24 504c | 8b94 24d8 | 0000 004c 
  0x0000027e07d2d8a0: 8954 2420 

  0x0000027e07d2d8a4: ;   {runtime_call UncommonTrapBlob}
  0x0000027e07d2d8a4: c5f8 77e8 

  0x0000027e07d2d8a8: ; ImmutableOopMap {rbp=Oop [32]=Oop [88]=Oop }
                      ;*ifeq {reexecute=1 rethrow=0 return_oop=0}
                      ; - (reexecute) java.lang.ClassLoader::checkName@8
                      ; - java.lang.ClassLoader::findLoadedClass@1
                      ; - java.lang.ClassLoader::loadClass@10
  0x0000027e07d2d8a8: 54a2 85ff 

  0x0000027e07d2d8ac: ;   {other}
  0x0000027e07d2d8ac: 0f1f 8400 | 9c66 0063 | 488b 6c24 | 504c 8b94 | 24d8 0000 | 004c 8954 | 2420 448b | 4424 2c44 
  0x0000027e07d2d8cc: 8944 2428 | 4c8b 5424 | 584c 8954 | 2438 4489 | 5c24 2c89 | 5424 58ba | ceff ffff 

  0x0000027e07d2d8e8: ;   {runtime_call UncommonTrapBlob}
  0x0000027e07d2d8e8: c5f8 77e8 

  0x0000027e07d2d8ec: ; ImmutableOopMap {rbp=Oop [32]=Oop [44]=NarrowOop [56]=Oop }
                      ;*invokestatic indexOfChar {reexecute=0 rethrow=0 return_oop=0}
                      ; - java.lang.StringLatin1::indexOf@33
                      ; - java.lang.String::indexOf@17
                      ; - java.lang.String::indexOf@3
                      ; - java.lang.ClassLoader::checkName@16
                      ; - java.lang.ClassLoader::findLoadedClass@1
                      ; - java.lang.ClassLoader::loadClass@10
  0x0000027e07d2d8ec: 10a2 85ff 

  0x0000027e07d2d8f0: ;   {other}
  0x0000027e07d2d8f0: 0f1f 8400 | e066 0064 | baf6 ffff | ff48 8bac | 24e0 0000 | 0044 8b5c | 242c 4489 | 5c24 204c 
  0x0000027e07d2d910: 8b54 2440 | 4c89 5424 | 304c 8b54 | 2448 4c89 | 5424 384c | 8b54 2458 | 4c89 5424 | 404c 8b94 
  0x0000027e07d2d930: 24d8 0000 | 0048 895c | 2450 4c89 | 5424 5848 | 8944 2468 

  0x0000027e07d2d944: ;   {runtime_call UncommonTrapBlob}
  0x0000027e07d2d944: c5f8 77e8 

  0x0000027e07d2d948: ; ImmutableOopMap {rbp=Oop [64]=Oop [80]=Oop [88]=Oop [104]=Oop [216]=Oop }
                      ;*invokevirtual getResource {reexecute=0 rethrow=0 return_oop=0}
                      ; - java.net.URLClassLoader$1::run@26
                      ; - java.net.URLClassLoader$1::run@1
                      ; - java.security.AccessController::executePrivileged@29
                      ; - java.security.AccessController::doPrivileged@13
                      ; - java.net.URLClassLoader::findClass@13
                      ; - java.lang.ClassLoader::loadClass@69
  0x0000027e07d2d948: b4a1 85ff 

  0x0000027e07d2d94c: ;   {other}
  0x0000027e07d2d94c: 0f1f 8400 | 3c67 0065 | ba76 ffff | ff48 8bac | 24e0 0000 | 0044 8b5c | 242c 4489 | 5c24 204c 
  0x0000027e07d2d96c: 8b54 2440 | 4c89 5424 | 304c 8b54 | 2448 4c89 | 5424 384c | 8b54 2458 | 4c89 5424 | 404c 8b94 
  0x0000027e07d2d98c: 24d8 0000 | 0048 895c | 2450 4c89 | 5424 5844 | 894c 2424 | 4489 4424 | 644c 8954 | 2468 6690 
  0x0000027e07d2d9ac: ;   {runtime_call UncommonTrapBlob}
  0x0000027e07d2d9ac: c5f8 77e8 

  0x0000027e07d2d9b0: ; ImmutableOopMap {rbp=Oop [36]=NarrowOop [64]=Oop [80]=Oop [88]=Oop [104]=Oop }
                      ;*if_icmpge {reexecute=1 rethrow=0 return_oop=0}
                      ; - (reexecute) java.lang.StringLatin1::replace@19
                      ; - java.lang.String::replace@18
                      ; - java.net.URLClassLoader$1::run@8
                      ; - java.net.URLClassLoader$1::run@1
                      ; - java.security.AccessController::executePrivileged@29
                      ; - java.security.AccessController::doPrivileged@13
                      ; - java.net.URLClassLoader::findClass@13
                      ; - java.lang.ClassLoader::loadClass@69
  0x0000027e07d2d9b0: 4ca1 85ff 

  0x0000027e07d2d9b4: ;   {other}
  0x0000027e07d2d9b4: 0f1f 8400 | a467 0066 | 4863 d6e9 | 1ea9 ffff | bacc ffff | ff48 8bac | 24e0 0000 | 0044 8b4c 
  0x0000027e07d2d9d4: 242c 4489 | 4c24 204c | 8b5c 2440 | 4c89 5c24 | 304c 8b5c | 2448 4c89 | 5c24 384c | 8b5c 2458 
  0x0000027e07d2d9f4: 4c89 5c24 | 404c 8b9c | 24d8 0000 | 0048 895c | 2450 4c89 | 5c24 584c | 8954 2468 | 4c89 6c24 
  0x0000027e07d2da14: 7848 89bc | 2480 0000 | 0044 8944 | 2424 6690 

  0x0000027e07d2da24: ;   {runtime_call UncommonTrapBlob}
  0x0000027e07d2da24: c5f8 77e8 

  0x0000027e07d2da28: ; ImmutableOopMap {rbp=Oop [64]=Oop [80]=Oop [88]=Oop [104]=Oop [128]=Oop [216]=Oop }
                      ;*invokestatic arraycopy {reexecute=0 rethrow=0 return_oop=0}
                      ; - java.lang.String::getBytes@22
                      ; - java.lang.StringConcatHelper::prepend@21
                      ; - java.lang.StringConcatHelper::simpleConcat@71
                      ; - java.lang.String::concat@11
                      ; - java.net.URLClassLoader$1::run@13
                      ; - java.net.URLClassLoader$1::run@1
                      ; - java.security.AccessController::executePrivileged@29
                      ; - java.security.AccessController::doPrivileged@13
                      ; - java.net.URLClassLoader::findClass@13
                      ; - java.lang.ClassLoader::loadClass@69
  0x0000027e07d2da28: d4a0 85ff 

  0x0000027e07d2da2c: ;   {other}
  0x0000027e07d2da2c: 0f1f 8400 | 1c68 0067 | bacc ffff | ff48 8bac | 24e0 0000 | 0044 8b5c | 242c 4489 | 5c24 204c 
  0x0000027e07d2da4c: 8b54 2440 | 4c89 5424 | 304c 8b54 | 2448 4c89 | 5424 384c | 8b54 2458 | 4c89 5424 | 404c 8b94 
  0x0000027e07d2da6c: 24d8 0000 | 0048 895c | 2450 4889 | 4c24 584c | 8954 2460 | 4889 7c24 | 7844 894c | 2424 6690 
  0x0000027e07d2da8c: ;   {runtime_call UncommonTrapBlob}
  0x0000027e07d2da8c: c5f8 77e8 

  0x0000027e07d2da90: ; ImmutableOopMap {rbp=Oop [64]=Oop [80]=Oop [88]=Oop [96]=Oop [120]=Oop [216]=Oop }
                      ;*invokestatic arraycopy {reexecute=0 rethrow=0 return_oop=0}
                      ; - java.lang.String::getBytes@22
                      ; - java.lang.StringConcatHelper::prepend@21
                      ; - java.lang.StringConcatHelper::simpleConcat@81
                      ; - java.lang.String::concat@11
                      ; - java.net.URLClassLoader$1::run@13
                      ; - java.net.URLClassLoader$1::run@1
                      ; - java.security.AccessController::executePrivileged@29
                      ; - java.security.AccessController::doPrivileged@13
                      ; - java.net.URLClassLoader::findClass@13
                      ; - java.lang.ClassLoader::loadClass@69
  0x0000027e07d2da90: 6ca0 85ff 

  0x0000027e07d2da94: ;   {other}
  0x0000027e07d2da94: 0f1f 8400 | 8468 0068 | 488b 4c24 | 5848 8d94 | 2430 0100 | 004d 8bc7 | c5f8 7749 | ba40 d966 
  0x0000027e07d2dab4: 25f8 7f00 | 0041 ffd2 

  0x0000027e07d2dabc: ;   {other}
  0x0000027e07d2dabc: 0f1f 8400 | 0000 0000 | e91b acff | ffba 76ff | ffff 4c8b | 9424 e000 | 0000 4c89 | 5424 2044 
  0x0000027e07d2dadc: 8b5c 242c | 4489 5c24 | 284c 8b54 | 2440 4c89 | 5424 384c | 8b54 2448 | 4c89 5424 | 404c 8b54 
  0x0000027e07d2dafc: 2458 4c89 | 5424 484c | 8b94 24d8 | 0000 0048 | 895c 2458 | 4c89 5424 | 6044 894c | 242c 4889 
  0x0000027e07d2db1c: 4c24 7044 | 8944 2478 | 4c89 9424 | 8000 0000 

  0x0000027e07d2db2c: ;   {runtime_call UncommonTrapBlob}
  0x0000027e07d2db2c: c5f8 77e8 

  0x0000027e07d2db30: ; ImmutableOopMap {[32]=Oop [44]=NarrowOop [72]=Oop [88]=Oop [96]=Oop [112]=Oop [128]=Oop }
                      ;*if_icmpge {reexecute=1 rethrow=0 return_oop=0}
                      ; - (reexecute) java.lang.StringLatin1::replace@82
                      ; - java.lang.String::replace@18
                      ; - java.net.URLClassLoader$1::run@8
                      ; - java.net.URLClassLoader$1::run@1
                      ; - java.security.AccessController::executePrivileged@29
                      ; - java.security.AccessController::doPrivileged@13
                      ; - java.net.URLClassLoader::findClass@13
                      ; - java.lang.ClassLoader::loadClass@69
  0x0000027e07d2db30: cc9f 85ff 

  0x0000027e07d2db34: ;   {other}
  0x0000027e07d2db34: 0f1f 8400 | 2469 0069 | 33ed 4585 | c940 0f94 | c5ba 45ff | ffff 4c8b | 5424 504c | 8954 2420 
  0x0000027e07d2db54: 4c8b 5424 | 584c 8954 | 2440 4c89 | 4424 504c | 8944 2458 

  0x0000027e07d2db68: ;   {runtime_call UncommonTrapBlob}
  0x0000027e07d2db68: c5f8 77e8 

  0x0000027e07d2db6c: ; ImmutableOopMap {[32]=Oop [64]=Oop [80]=Oop [88]=Oop }
                      ;*ifeq {reexecute=1 rethrow=0 return_oop=0}
                      ; - (reexecute) java.lang.String::indexOf@4
                      ; - java.lang.String::indexOf@3
                      ; - java.lang.ClassLoader::checkName@16
                      ; - java.lang.ClassLoader::findLoadedClass@1
                      ; - java.lang.ClassLoader::loadClass@10
  0x0000027e07d2db6c: 909f 85ff 

  0x0000027e07d2db70: ;   {other}
  0x0000027e07d2db70: 0f1f 8400 | 6069 006a | ba45 ffff | ff48 8b6c | 2450 4c8b | 9424 d800 | 0000 4c89 | 5424 2044 
  0x0000027e07d2db90: 8b54 242c | 4489 5424 | 2889 5c24 | 2c66 6690 

  0x0000027e07d2dba0: ;   {runtime_call UncommonTrapBlob}
  0x0000027e07d2dba0: c5f8 77e8 

  0x0000027e07d2dba4: ; ImmutableOopMap {rbp=Oop [32]=Oop [88]=Oop }
                      ;*if_icmpne {reexecute=1 rethrow=0 return_oop=0}
                      ; - (reexecute) java.lang.ClassLoader::checkName@20
                      ; - java.lang.ClassLoader::findLoadedClass@1
                      ; - java.lang.ClassLoader::loadClass@10
  0x0000027e07d2dba4: 589f 85ff 

  0x0000027e07d2dba8: ;   {other}
  0x0000027e07d2dba8: 0f1f 8400 | 9869 006b | ba45 ffff | ff48 8b6c | 2450 4c8b | 9c24 d800 | 0000 4c89 | 5c24 2044 
  0x0000027e07d2dbc8: 8b5c 242c | 4489 5c24 | 2844 8954 | 242c 6690 

  0x0000027e07d2dbd8: ;   {runtime_call UncommonTrapBlob}
  0x0000027e07d2dbd8: c5f8 77e8 

  0x0000027e07d2dbdc: ; ImmutableOopMap {rbp=Oop [32]=Oop [88]=Oop }
                      ;*if_icmpne {reexecute=1 rethrow=0 return_oop=0}
                      ; - (reexecute) java.lang.ClassLoader::checkName@30
                      ; - java.lang.ClassLoader::findLoadedClass@1
                      ; - java.lang.ClassLoader::loadClass@10
  0x0000027e07d2dbdc: 209f 85ff 

  0x0000027e07d2dbe0: ;   {other}
  0x0000027e07d2dbe0: 0f1f 8400 | d069 006c | ba45 ffff | ff48 8b6c | 2450 448b | 4424 2c44 | 8944 2428 | 4889 4424 
  0x0000027e07d2dc00: 3844 8954 | 242c 6690 

  0x0000027e07d2dc08: ;   {runtime_call UncommonTrapBlob}
  0x0000027e07d2dc08: c5f8 77e8 

  0x0000027e07d2dc0c: ; ImmutableOopMap {rbp=Oop [44]=NarrowOop [88]=Oop [216]=Oop }
                      ;*ifnull {reexecute=1 rethrow=0 return_oop=0}
                      ; - (reexecute) java.lang.ClassLoader::loadClass@29
  0x0000027e07d2dc0c: f09e 85ff 

  0x0000027e07d2dc10: ;   {other}
  0x0000027e07d2dc10: 0f1f 8400 | 006a 006d | 33ed 4585 | d240 0f94 | c5ba 45ff | ffff 4c8b | 9424 e000 | 0000 4c89 
  0x0000027e07d2dc30: 5424 204c | 8b54 2440 | 4c89 5424 | 384c 8b54 | 2448 4c89 | 5424 404c | 8b54 2458 | 4c89 5424 
  0x0000027e07d2dc50: 484c 8b94 | 24d8 0000 | 0048 895c | 2458 4c89 | 5424 604c | 8954 2468 

  0x0000027e07d2dc68: ;   {runtime_call UncommonTrapBlob}
  0x0000027e07d2dc68: c5f8 77e8 

  0x0000027e07d2dc6c: ; ImmutableOopMap {[32]=Oop [72]=Oop [88]=Oop [96]=Oop [104]=Oop }
                      ;*ifeq {reexecute=1 rethrow=0 return_oop=0}
                      ; - (reexecute) java.lang.String::replace@9
                      ; - java.net.URLClassLoader$1::run@8
                      ; - java.net.URLClassLoader$1::run@1
                      ; - java.security.AccessController::executePrivileged@29
                      ; - java.security.AccessController::doPrivileged@13
                      ; - java.net.URLClassLoader::findClass@13
                      ; - java.lang.ClassLoader::loadClass@69
  0x0000027e07d2dc6c: 909e 85ff 

  0x0000027e07d2dc70: ;   {other}
  0x0000027e07d2dc70: 0f1f 8400 | 606a 006e | ba76 ffff | ff4c 8b94 | 24e0 0000 | 004c 8954 | 2420 448b | 5c24 2c44 
  0x0000027e07d2dc90: 895c 2428 | 4c8b 5424 | 404c 8954 | 2438 4c8b | 5424 484c | 8954 2440 | 4c8b 5424 | 584c 8954 
  0x0000027e07d2dcb0: 2448 4c8b | 9424 d800 | 0000 4889 | 5c24 584c | 8954 2460 | 4489 4c24 | 2c44 8944 | 2468 4889 
  0x0000027e07d2dcd0: 4c24 704c | 8954 2478 

  0x0000027e07d2dcd8: ;   {runtime_call UncommonTrapBlob}
  0x0000027e07d2dcd8: c5f8 77e8 

  0x0000027e07d2dcdc: ; ImmutableOopMap {[32]=Oop [44]=NarrowOop [72]=Oop [88]=Oop [96]=Oop [112]=Oop [120]=Oop }
                      ;*if_icmpge {reexecute=1 rethrow=0 return_oop=0}
                      ; - (reexecute) java.lang.StringLatin1::replace@61
                      ; - java.lang.String::replace@18
                      ; - java.net.URLClassLoader$1::run@8
                      ; - java.net.URLClassLoader$1::run@1
                      ; - java.security.AccessController::executePrivileged@29
                      ; - java.security.AccessController::doPrivileged@13
                      ; - java.net.URLClassLoader::findClass@13
                      ; - java.lang.ClassLoader::loadClass@69
  0x0000027e07d2dcdc: 209e 85ff 

  0x0000027e07d2dce0: ;   {other}
  0x0000027e07d2dce0: 0f1f 8400 | d06a 006f | bf01 0000 | 00e9 d7a3 | ffff baf6 | ffff ff48 | 8bac 24e0 | 0000 0044 
  0x0000027e07d2dd00: 8b54 242c | 4489 5424 | 204c 8b54 | 2440 4c89 | 5424 304c | 8b54 2448 | 4c89 5424 | 384c 8b54 
  0x0000027e07d2dd20: 2458 4c89 | 5424 404c | 8b94 24d8 | 0000 004c | 8954 2448 | 4c8b 5424 | 604c 8954 | 2450 4c8b 
  0x0000027e07d2dd40: 9424 9000 | 0000 4c89 | 5424 584c | 8b94 2488 | 0000 004c | 8954 2478 

  0x0000027e07d2dd58: ;   {runtime_call UncommonTrapBlob}
  0x0000027e07d2dd58: c5f8 77e8 

  0x0000027e07d2dd5c: ; ImmutableOopMap {rbp=Oop [64]=Oop [72]=Oop [80]=Oop [88]=Oop [176]=NarrowOop [184]=Oop [256]=Oop }
                      ;*invokevirtual ensureInitialization {reexecute=0 rethrow=0 return_oop=0}
                      ; - java.util.jar.JavaUtilJarAccessImpl::ensureInitialization@1
                      ; - jdk.internal.loader.URLClassPath$JarLoader$2::getManifest@10
                      ; - java.net.URLClassLoader::defineClass@34
                      ; - java.net.URLClassLoader$1::run@43
                      ; - java.net.URLClassLoader$1::run@1
                      ; - java.security.AccessController::executePrivileged@29
                      ; - java.security.AccessController::doPrivileged@13
                      ; - java.net.URLClassLoader::findClass@13
                      ; - java.lang.ClassLoader::loadClass@69
  0x0000027e07d2dd5c: a09d 85ff 

  0x0000027e07d2dd60: ;   {other}
  0x0000027e07d2dd60: 0f1f 8400 | 506b 0070 | baf6 ffff | ff49 8bee | 448b 5c24 | 2c44 895c | 2420 4c8b | 5424 404c 
  0x0000027e07d2dd80: 8954 2430 | 4c8b 5424 | 484c 8954 | 2438 4c8b | 5424 584c | 8954 2440 | 4c8b 9424 | d800 0000 
  0x0000027e07d2dda0: 4c89 5424 | 484c 8b54 | 2460 4c89 | 5424 504c | 8b94 2490 | 0000 004c | 8954 2458 | 4c8b 9424 
  0x0000027e07d2ddc0: 8800 0000 | 4c89 5424 | 784c 898c | 2488 0000 | 0066 6690 

  0x0000027e07d2ddd4: ;   {runtime_call UncommonTrapBlob}
  0x0000027e07d2ddd4: c5f8 77e8 

  0x0000027e07d2ddd8: ; ImmutableOopMap {rbp=Oop [64]=Oop [72]=Oop [80]=Oop [88]=Oop [136]=Oop [176]=NarrowOop [184]=Oop [256]=Oop }
                      ;*invokevirtual get {reexecute=0 rethrow=0 return_oop=0}
                      ; - java.lang.ClassLoader::getDefinedPackage@13
                      ; - java.net.URLClassLoader::getAndVerifyPackage@2
                      ; - java.net.URLClassLoader::defineClass@46
                      ; - java.net.URLClassLoader$1::run@43
                      ; - java.net.URLClassLoader$1::run@1
                      ; - java.security.AccessController::executePrivileged@29
                      ; - java.security.AccessController::doPrivileged@13
                      ; - java.net.URLClassLoader::findClass@13
                      ; - java.lang.ClassLoader::loadClass@69
  0x0000027e07d2ddd8: 249d 85ff 

  0x0000027e07d2dddc: ;   {other}
  0x0000027e07d2dddc: 0f1f 8400 | cc6b 0071 | ba76 ffff | ff44 8b54 | 242c 4489 | 5424 204c | 8b54 2440 | 4c89 5424 
  0x0000027e07d2ddfc: 304c 8b54 | 2448 4c89 | 5424 384c | 8b54 2458 | 4c89 5424 | 404c 8b94 | 24d8 0000 | 004c 8954 
  0x0000027e07d2de1c: 2448 4c8b | 5424 604c | 8954 2450 | 4c8b 9424 | 9000 0000 | 4c89 5424 | 5848 8944 | 2478 4489 
  0x0000027e07d2de3c: 4c24 2489 | 8c24 8400 | 0000 6690 

  0x0000027e07d2de48: ;   {runtime_call UncommonTrapBlob}
  0x0000027e07d2de48: c5f8 77e8 

  0x0000027e07d2de4c: ; ImmutableOopMap {rbp=Oop [36]=NarrowOop [64]=Oop [72]=Oop [80]=Oop [88]=Oop }
                      ;*iflt {reexecute=1 rethrow=0 return_oop=0}
                      ; - (reexecute) java.lang.StringLatin1::lastIndexOf@19
                      ; - java.lang.String::lastIndexOf@13
                      ; - java.lang.String::lastIndexOf@8
                      ; - java.net.URLClassLoader::defineClass@7
                      ; - java.net.URLClassLoader$1::run@43
                      ; - java.net.URLClassLoader$1::run@1
                      ; - java.security.AccessController::executePrivileged@29
                      ; - java.security.AccessController::doPrivileged@13
                      ; - java.net.URLClassLoader::findClass@13
                      ; - java.lang.ClassLoader::loadClass@69
  0x0000027e07d2de4c: b09c 85ff 

  0x0000027e07d2de50: ;   {other}
  0x0000027e07d2de50: 0f1f 8400 | 406c 0072 | bade ffff | ff48 8bac | 24e0 0000 | 0044 8b54 | 242c 4489 | 5424 204c 
  0x0000027e07d2de70: 8b54 2440 | 4c89 5424 | 304c 8b54 | 2448 4c89 | 5424 384c | 8b54 2458 | 4c89 5424 | 404c 8b94 
  0x0000027e07d2de90: 24d8 0000 | 004c 8954 | 2448 4c8b | 5424 604c | 8954 2450 | 4c8b 9424 | 9000 0000 | 4c89 5424 
  0x0000027e07d2deb0: 584c 8b94 | 2488 0000 | 004c 8954 | 2478 6690 

  0x0000027e07d2dec0: ;   {runtime_call UncommonTrapBlob}
  0x0000027e07d2dec0: c5f8 77e8 

  0x0000027e07d2dec4: ; ImmutableOopMap {rbp=Oop [64]=Oop [72]=Oop [80]=Oop [88]=Oop [176]=NarrowOop [256]=Oop }
                      ;*invokevirtual getManifest {reexecute=0 rethrow=0 return_oop=0}
                      ; - java.net.URLClassLoader::defineClass@34
                      ; - java.net.URLClassLoader$1::run@43
                      ; - java.net.URLClassLoader$1::run@1
                      ; - java.security.AccessController::executePrivileged@29
                      ; - java.security.AccessController::doPrivileged@13
                      ; - java.net.URLClassLoader::findClass@13
                      ; - java.lang.ClassLoader::loadClass@69
  0x0000027e07d2dec4: 389c 85ff 

  0x0000027e07d2dec8: ;   {other}
  0x0000027e07d2dec8: 0f1f 8400 | b86c 0073 | bade ffff | ff48 8bac | 24e0 0000 | 0044 8b44 | 242c 4489 | 4424 204c 
  0x0000027e07d2dee8: 8b5c 2440 | 4c89 5c24 | 304c 8b5c | 2448 4c89 | 5c24 384c | 8b5c 2458 | 4c89 5c24 | 404c 8b9c 
  0x0000027e07d2df08: 24d8 0000 | 004c 895c | 2448 4c8b | 5c24 604c | 895c 2450 | 4c8b 9c24 | 9000 0000 | 4c89 5c24 
  0x0000027e07d2df28: 584c 8b9c | 24b8 0000 | 004c 895c | 2470 4c8b | 9c24 8800 | 0000 4c89 | 5c24 7844 | 8994 24a0 
  0x0000027e07d2df48: 0000 0044 | 898c 24a4 | 0000 0090 

  0x0000027e07d2df54: ;   {runtime_call UncommonTrapBlob}
  0x0000027e07d2df54: c5f8 77e8 

  0x0000027e07d2df58: ; ImmutableOopMap {rbp=Oop [64]=Oop [72]=Oop [80]=Oop [88]=Oop [112]=Oop [160]=NarrowOop [164]=NarrowOop [176]=NarrowOop [256]=Oop }
                      ;*invokeinterface ensureInitialization {reexecute=0 rethrow=0 return_oop=0}
                      ; - jdk.internal.loader.URLClassPath$JarLoader$2::getManifest@10
                      ; - java.net.URLClassLoader::defineClass@34
                      ; - java.net.URLClassLoader$1::run@43
                      ; - java.net.URLClassLoader$1::run@1
                      ; - java.security.AccessController::executePrivileged@29
                      ; - java.security.AccessController::doPrivileged@13
                      ; - java.net.URLClassLoader::findClass@13
                      ; - java.lang.ClassLoader::loadClass@69
  0x0000027e07d2df58: a49b 85ff 

  0x0000027e07d2df5c: ;   {other}
  0x0000027e07d2df5c: 0f1f 8400 | 4c6d 0074 | 4c89 5c24 | 7044 894c | 2468 4c8b | 9424 b800 | 0000 4c89 | 5424 384c 
  0x0000027e07d2df7c: 896c 2430 | 448b 9424 | b000 0000 | 4489 5424 | 284c 8b94 | 2490 0000 | 004c 8954 | 2420 488b 
  0x0000027e07d2df9c: ac24 d800 | 0000 498b | d34c 8d84 | 2438 0100 | 004c 8b94 | 24e0 0000 | 004c 8954 | 2478 6690 
  0x0000027e07d2dfbc: ;   {runtime_call _complete_monitor_locking_Java}
  0x0000027e07d2dfbc: c5f8 77e8 

  0x0000027e07d2dfc0: ; ImmutableOopMap {rbp=Oop [32]=Oop [40]=NarrowOop [48]=Oop [56]=Oop [80]=Oop [88]=Oop [96]=Oop [104]=NarrowOop [112]=Oop [120]=Oop [216]=Oop [224]=Oop [256]=Oop }
                      ;*synchronization entry
                      ; - java.util.jar.JarFile::ensureInitialization@-1
                      ; - java.util.jar.JavaUtilJarAccessImpl::ensureInitialization@1
                      ; - jdk.internal.loader.URLClassPath$JarLoader$2::getManifest@10
                      ; - java.net.URLClassLoader::defineClass@34
                      ; - java.net.URLClassLoader$1::run@43
                      ; - java.net.URLClassLoader$1::run@1
                      ; - java.security.AccessController::executePrivileged@29
                      ; - java.security.AccessController::doPrivileged@13
                      ; - java.net.URLClassLoader::findClass@13
                      ; - java.lang.ClassLoader::loadClass@69
  0x0000027e07d2dfc0: bc96 89ff 

  0x0000027e07d2dfc4: ;   {other}
  0x0000027e07d2dfc4: 0f1f 8400 | b46d 0075 | 4c8b 5424 | 204c 8994 | 2490 0000 | 0044 8b5c | 2428 4489 | 9c24 b000 
  0x0000027e07d2dfe4: 0000 4c8b | 5c24 384c | 899c 24b8 | 0000 0044 | 8b4c 2468 | 4c8b 5c24 | 704c 8b6c | 2430 e9b5 
  0x0000027e07d2e004: aaff ff49 | 8bcb 488d | 9424 3801 | 0000 4d8b | c7c5 f877 | 49ba 40d9 | 6625 f87f | 0000 41ff 
  0x0000027e07d2e024: ;   {other}
  0x0000027e07d2e024: d20f 1f84 | 0000 0000 | 00e9 3fab | ffff bade | ffff ff4c | 8b94 24e0 | 0000 004c | 8954 2420 
  0x0000027e07d2e044: 448b 5424 | 2c44 8954 | 2428 4c8b | 5424 404c | 8954 2438 | 4c8b 5424 | 484c 8954 | 2440 4c8b 
  0x0000027e07d2e064: 5424 584c | 8954 2448 | 4c8b 9424 | d800 0000 | 4c89 5424 | 504c 8b54 | 2460 4c89 | 5424 584c 
  0x0000027e07d2e084: 8b94 2490 | 0000 004c | 8954 2460 | 4c8b 9424 | 8800 0000 | 4c89 9424 | 8000 0000 

  0x0000027e07d2e0a0: ;   {runtime_call UncommonTrapBlob}
  0x0000027e07d2e0a0: c5f8 77e8 

  0x0000027e07d2e0a4: ; ImmutableOopMap {rbp=NarrowOop [32]=Oop [72]=Oop [80]=Oop [88]=Oop [96]=Oop [176]=NarrowOop [184]=Oop [256]=Oop }
                      ;*invokevirtual getManifest {reexecute=0 rethrow=0 return_oop=0}
                      ; - jdk.internal.loader.URLClassPath$JarLoader$2::getManifest@22
                      ; - java.net.URLClassLoader::defineClass@34
                      ; - java.net.URLClassLoader$1::run@43
                      ; - java.net.URLClassLoader$1::run@1
                      ; - java.security.AccessController::executePrivileged@29
                      ; - java.security.AccessController::doPrivileged@13
                      ; - java.net.URLClassLoader::findClass@13
                      ; - java.lang.ClassLoader::loadClass@69
  0x0000027e07d2e0a4: 589a 85ff 

  0x0000027e07d2e0a8: ;   {other}
  0x0000027e07d2e0a8: 0f1f 8400 | 986e 0076 | ba6e ffff | ff44 8b5c | 242c 4489 | 5c24 204c | 8b54 2440 | 4c89 5424 
  0x0000027e07d2e0c8: 304c 8b54 | 2448 4c89 | 5424 384c | 8b54 2458 | 4c89 5424 | 404c 8b94 | 24d8 0000 | 004c 8954 
  0x0000027e07d2e0e8: 2448 4c8b | 5424 604c | 8954 2450 | 4c8b 9424 | 9000 0000 | 4c89 5424 | 5848 8944 | 2478 4489 
  0x0000027e07d2e108: 4c24 2489 | 8c24 8400 | 0000 6690 

  0x0000027e07d2e114: ;   {runtime_call UncommonTrapBlob}
  0x0000027e07d2e114: c5f8 77e8 

  0x0000027e07d2e118: ; ImmutableOopMap {rbp=Oop [36]=NarrowOop [64]=Oop [72]=Oop [80]=Oop [88]=Oop }
                      ;*iflt {reexecute=1 rethrow=0 return_oop=0}
                      ; - (reexecute) java.lang.StringLatin1::lastIndexOf@19
                      ; - java.lang.String::lastIndexOf@13
                      ; - java.lang.String::lastIndexOf@8
                      ; - java.net.URLClassLoader::defineClass@7
                      ; - java.net.URLClassLoader$1::run@43
                      ; - java.net.URLClassLoader$1::run@1
                      ; - java.security.AccessController::executePrivileged@29
                      ; - java.security.AccessController::doPrivileged@13
                      ; - java.net.URLClassLoader::findClass@13
                      ; - java.lang.ClassLoader::loadClass@69
  0x0000027e07d2e118: e499 85ff 

  0x0000027e07d2e11c: ;   {other}
  0x0000027e07d2e11c: 0f1f 8400 | 0c6f 0077 | 488b 4c24 | 5848 8d94 | 2430 0100 | 004d 8bc7 | c5f8 7749 | ba40 d966 
  0x0000027e07d2e13c: 25f8 7f00 | 0041 ffd2 

  0x0000027e07d2e144: ;   {other}
  0x0000027e07d2e144: 0f1f 8400 | 0000 0000 | e922 afff | ffba 45ff | ffff 488b | ac24 e000 | 0000 448b | 5c24 2c44 
  0x0000027e07d2e164: 895c 2420 | 4c8b 5c24 | 404c 895c | 2430 4c8b | 5c24 484c | 895c 2438 | 4c8b 5c24 | 584c 895c 
  0x0000027e07d2e184: 2440 4c8b | 9c24 d800 | 0000 4889 | 5c24 504c | 895c 2458 | 4c89 5424 | 6844 8944 | 2424 6690 
  0x0000027e07d2e1a4: ;   {runtime_call UncommonTrapBlob}
  0x0000027e07d2e1a4: c5f8 77e8 

  0x0000027e07d2e1a8: ; ImmutableOopMap {rbp=Oop [64]=Oop [80]=Oop [88]=Oop [104]=Oop [216]=Oop }
                      ;*iflt {reexecute=1 rethrow=0 return_oop=0}
                      ; - (reexecute) java.lang.StringConcatHelper::checkOverflow@2
                      ; - java.lang.StringConcatHelper::mix@23
                      ; - java.lang.StringConcatHelper::simpleConcat@46
                      ; - java.lang.String::concat@11
                      ; - java.net.URLClassLoader$1::run@13
                      ; - java.net.URLClassLoader$1::run@1
                      ; - java.security.AccessController::executePrivileged@29
                      ; - java.security.AccessController::doPrivileged@13
                      ; - java.net.URLClassLoader::findClass@13
                      ; - java.lang.ClassLoader::loadClass@69
  0x0000027e07d2e1a8: 5499 85ff 

  0x0000027e07d2e1ac: ;   {other}
  0x0000027e07d2e1ac: 0f1f 8400 | 9c6f 0078 | ba45 ffff | ff4c 8b9c | 24e0 0000 | 004c 895c | 2420 4c8b | 5c24 404c 
  0x0000027e07d2e1cc: 895c 2438 | 4c8b 5c24 | 484c 895c | 2440 4c8b | 5c24 584c | 895c 2448 | 4c8b 9c24 | d800 0000 
  0x0000027e07d2e1ec: 4889 5c24 | 584c 895c | 2460 4c89 | 5424 7090 

  0x0000027e07d2e1fc: ;   {runtime_call UncommonTrapBlob}
  0x0000027e07d2e1fc: c5f8 77e8 

  0x0000027e07d2e200: ; ImmutableOopMap {[32]=Oop [72]=Oop [88]=Oop [96]=Oop [112]=Oop [216]=Oop }
                      ;*iflt {reexecute=1 rethrow=0 return_oop=0}
                      ; - (reexecute) java.lang.StringConcatHelper::checkOverflow@2
                      ; - java.lang.StringConcatHelper::mix@23
                      ; - java.lang.StringConcatHelper::simpleConcat@54
                      ; - java.lang.String::concat@11
                      ; - java.net.URLClassLoader$1::run@13
                      ; - java.net.URLClassLoader$1::run@1
                      ; - java.security.AccessController::executePrivileged@29
                      ; - java.security.AccessController::doPrivileged@13
                      ; - java.net.URLClassLoader::findClass@13
                      ; - java.lang.ClassLoader::loadClass@69
  0x0000027e07d2e200: fc98 85ff 

  0x0000027e07d2e204: ;   {other}
  0x0000027e07d2e204: 0f1f 8400 | f46f 0079 | ba45 ffff | ff48 8bac | 24e0 0000 | 0044 8b44 | 242c 4489 | 4424 204c 
  0x0000027e07d2e224: 8b44 2440 | 4c89 4424 | 304c 8b44 | 2448 4c89 | 4424 384c | 8b44 2458 | 4c89 4424 | 404c 8b84 
  0x0000027e07d2e244: 24d8 0000 | 0048 895c | 2450 4c89 | 4424 584c | 8954 2470 | 4889 7c24 | 7844 895c | 2424 6690 
  0x0000027e07d2e264: ;   {runtime_call UncommonTrapBlob}
  0x0000027e07d2e264: c5f8 77e8 

  0x0000027e07d2e268: ; ImmutableOopMap {rbp=Oop [64]=Oop [80]=Oop [88]=Oop [112]=Oop [120]=Oop [216]=Oop }
                      ;*if_icmpne {reexecute=1 rethrow=0 return_oop=0}
                      ; - (reexecute) java.lang.String::getBytes@5
                      ; - java.lang.StringConcatHelper::prepend@21
                      ; - java.lang.StringConcatHelper::simpleConcat@81
                      ; - java.lang.String::concat@11
                      ; - java.net.URLClassLoader$1::run@13
                      ; - java.net.URLClassLoader$1::run@1
                      ; - java.security.AccessController::executePrivileged@29
                      ; - java.security.AccessController::doPrivileged@13
                      ; - java.net.URLClassLoader::findClass@13
                      ; - java.lang.ClassLoader::loadClass@69
  0x0000027e07d2e268: 9498 85ff 

  0x0000027e07d2e26c: ;   {other}
  0x0000027e07d2e26c: 0f1f 8400 | 5c70 007a | ba45 ffff | ff48 8bac | 24e0 0000 | 0044 8b4c | 242c 4489 | 4c24 204c 
  0x0000027e07d2e28c: 8b44 2440 | 4c89 4424 | 304c 8b44 | 2448 4c89 | 4424 384c | 8b44 2458 | 4c89 4424 | 404c 8b84 
  0x0000027e07d2e2ac: 24d8 0000 | 0048 895c | 2450 4c89 | 4424 584c | 8954 2468 | 4c89 6c24 | 7044 895c | 2424 6690 
  0x0000027e07d2e2cc: ;   {runtime_call UncommonTrapBlob}
  0x0000027e07d2e2cc: c5f8 77e8 

  0x0000027e07d2e2d0: ; ImmutableOopMap {rbp=Oop [64]=Oop [80]=Oop [88]=Oop [104]=Oop [216]=Oop }
                      ;*if_icmpne {reexecute=1 rethrow=0 return_oop=0}
                      ; - (reexecute) java.lang.StringConcatHelper::mix@13
                      ; - java.lang.StringConcatHelper::simpleConcat@46
                      ; - java.lang.String::concat@11
                      ; - java.net.URLClassLoader$1::run@13
                      ; - java.net.URLClassLoader$1::run@1
                      ; - java.security.AccessController::executePrivileged@29
                      ; - java.security.AccessController::doPrivileged@13
                      ; - java.net.URLClassLoader::findClass@13
                      ; - java.lang.ClassLoader::loadClass@69
  0x0000027e07d2e2d0: 2c98 85ff 

  0x0000027e07d2e2d4: ;   {other}
  0x0000027e07d2e2d4: 0f1f 8400 | c470 007b | ba45 ffff | ff48 8bac | 24e0 0000 | 0044 8b5c | 242c 4489 | 5c24 204c 
  0x0000027e07d2e2f4: 8b5c 2440 | 4c89 5c24 | 304c 8b5c | 2448 4c89 | 5c24 384c | 8b5c 2458 | 4c89 5c24 | 404c 8b9c 
  0x0000027e07d2e314: 24d8 0000 | 0048 895c | 2450 4c89 | 5c24 584c | 8954 2468 | 4889 4424 | 7089 7424 | 2466 6690 
  0x0000027e07d2e334: ;   {runtime_call UncommonTrapBlob}
  0x0000027e07d2e334: c5f8 77e8 

  0x0000027e07d2e338: ; ImmutableOopMap {rbp=Oop [64]=Oop [80]=Oop [88]=Oop [104]=Oop [216]=Oop }
                      ;*ifge {reexecute=1 rethrow=0 return_oop=0}
                      ; - (reexecute) java.lang.StringConcatHelper::newArray@13
                      ; - java.lang.StringConcatHelper::simpleConcat@61
                      ; - java.lang.String::concat@11
                      ; - java.net.URLClassLoader$1::run@13
                      ; - java.net.URLClassLoader$1::run@1
                      ; - java.security.AccessController::executePrivileged@29
                      ; - java.security.AccessController::doPrivileged@13
                      ; - java.net.URLClassLoader::findClass@13
                      ; - java.lang.ClassLoader::loadClass@69
  0x0000027e07d2e338: c497 85ff 

  0x0000027e07d2e33c: ;   {other}
  0x0000027e07d2e33c: 0f1f 8400 | 2c71 007c | baf6 ffff | ff44 8b44 | 242c 4489 | 4424 204c | 8b54 2440 | 4c89 5424 
  0x0000027e07d2e35c: 304c 8b54 | 2448 4c89 | 5424 384c | 8b54 2458 | 4c89 5424 | 404c 8b94 | 24d8 0000 | 004c 8954 
  0x0000027e07d2e37c: 2448 4c8b | 5424 604c | 8954 2450 | 4c8b 9424 | 9000 0000 | 4c89 5424 | 584c 8974 | 2460 4c8b 
  0x0000027e07d2e39c: 9424 8800 | 0000 4c89 | 5424 784c | 898c 2488 | 0000 004c | 899c 2490 | 0000 004c | 89b4 24a0 
  0x0000027e07d2e3bc: 0000 0090 

  0x0000027e07d2e3c0: ;   {runtime_call UncommonTrapBlob}
  0x0000027e07d2e3c0: c5f8 77e8 

  0x0000027e07d2e3c4: ; ImmutableOopMap {[64]=Oop [72]=Oop [80]=Oop [88]=Oop [96]=Oop [136]=Oop [144]=Oop [160]=Oop [176]=NarrowOop [184]=Oop }
                      ;*invokevirtual get {reexecute=0 rethrow=0 return_oop=0}
                      ; - java.lang.ClassLoader::definePackage@47
                      ; - java.lang.ClassLoader::getDefinedPackage@32
                      ; - java.net.URLClassLoader::getAndVerifyPackage@2
                      ; - java.net.URLClassLoader::defineClass@46
                      ; - java.net.URLClassLoader$1::run@43
                      ; - java.net.URLClassLoader$1::run@1
                      ; - java.security.AccessController::executePrivileged@29
                      ; - java.security.AccessController::doPrivileged@13
                      ; - java.net.URLClassLoader::findClass@13
                      ; - java.lang.ClassLoader::loadClass@69
  0x0000027e07d2e3c4: 3897 85ff 

  0x0000027e07d2e3c8: ;   {other}
  0x0000027e07d2e3c8: 0f1f 8400 | b871 007d | 418b e84d | 63d0 e9b3 | baff ffba | 76ff ffff | 8b7c 242c | 897c 2420 
  0x0000027e07d2e3e8: 488b 7c24 | 4048 897c | 2430 488b | 7c24 4848 | 897c 2438 | 488b 7c24 | 5848 897c | 2440 488b 
  0x0000027e07d2e408: bc24 d800 | 0000 4889 | 7c24 4848 | 8b7c 2460 | 4889 7c24 | 5048 8bbc | 2490 0000 | 0048 897c 
  0x0000027e07d2e428: 2458 4c89 | 7424 6048 | 8bbc 24b8 | 0000 0048 | 897c 2470 | 488b bc24 | 8800 0000 | 4889 7c24 
  0x0000027e07d2e448: 788b b424 | b000 0000 | 8974 2424 | 4c89 9c24 | 9000 0000 | 4889 9c24 | 9800 0000 | 4c89 8c24 
  0x0000027e07d2e468: a000 0000 | 4c89 8c24 | a800 0000 | 4c89 9c24 | b000 0000 | 4489 8424 | b800 0000 | 898c 24c0 
  0x0000027e07d2e488: 0000 004c | 89b4 24d0 | 0000 0044 | 8994 24c4 | 0000 0090 

  0x0000027e07d2e49c: ;   {runtime_call UncommonTrapBlob}
  0x0000027e07d2e49c: c5f8 77e8 

  0x0000027e07d2e4a0: ; ImmutableOopMap {[36]=NarrowOop [64]=Oop [72]=Oop [80]=Oop [88]=Oop [96]=Oop [112]=Oop [144]=Oop [152]=Oop [160]=Oop [168]=Oop [176]=Oop [184]=NarrowOop [196]=NarrowOop [208]=Oop }
                      ;*if_icmpge {reexecute=1 rethrow=0 return_oop=0}
                      ; - (reexecute) java.lang.StringLatin1::replace@19
                      ; - java.lang.String::replace@18
                      ; - java.net.URLClassLoader::isSealed@9
                      ; - java.net.URLClassLoader::getAndVerifyPackage@68
                      ; - java.net.URLClassLoader::defineClass@46
                      ; - java.net.URLClassLoader$1::run@43
                      ; - java.net.URLClassLoader$1::run@1
                      ; - java.security.AccessController::executePrivileged@29
                      ; - java.security.AccessController::doPrivileged@13
                      ; - java.net.URLClassLoader::findClass@13
                      ; - java.lang.ClassLoader::loadClass@69
  0x0000027e07d2e4a0: 5c96 85ff 

  0x0000027e07d2e4a4: ;   {other}
  0x0000027e07d2e4a4: 0f1f 8400 | 9472 007e | ba45 ffff | ff44 8b54 | 242c 4489 | 5424 204c | 8b54 2440 | 4c89 5424 
  0x0000027e07d2e4c4: 304c 8b54 | 2448 4c89 | 5424 384c | 8b54 2458 | 4c89 5424 | 404c 8b94 | 24d8 0000 | 004c 8954 
  0x0000027e07d2e4e4: 2448 4c8b | 5424 604c | 8954 2450 | 4c8b 9424 | 9000 0000 | 4c89 5424 | 584c 8974 | 2460 4c8b 
  0x0000027e07d2e504: 9424 b800 | 0000 4c89 | 5424 704c | 8b94 2488 | 0000 004c | 8954 2478 | 448b 8424 | b000 0000 
  0x0000027e07d2e524: 4c89 b424 | 9000 0000 | 4c89 9c24 | 9800 0000 | 4c89 8c24 | a000 0000 | 4489 8424 | a800 0000 
  0x0000027e07d2e544: 4c89 9c24 | b800 0000 | 89bc 24ac | 0000 0090 

  0x0000027e07d2e554: ;   {runtime_call UncommonTrapBlob}
  0x0000027e07d2e554: c5f8 77e8 

  0x0000027e07d2e558: ; ImmutableOopMap {[64]=Oop [72]=Oop [80]=Oop [88]=Oop [96]=Oop [112]=Oop [144]=Oop [152]=Oop [160]=Oop [168]=NarrowOop [172]=NarrowOop [184]=Oop }
                      ;*ifeq {reexecute=1 rethrow=0 return_oop=0}
                      ; - (reexecute) java.lang.ClassLoader::definePackage@4
                      ; - java.lang.ClassLoader::getDefinedPackage@32
                      ; - java.net.URLClassLoader::getAndVerifyPackage@2
                      ; - java.net.URLClassLoader::defineClass@46
                      ; - java.net.URLClassLoader$1::run@43
                      ; - java.net.URLClassLoader$1::run@1
                      ; - java.security.AccessController::executePrivileged@29
                      ; - java.security.AccessController::doPrivileged@13
                      ; - java.net.URLClassLoader::findClass@13
                      ; - java.lang.ClassLoader::loadClass@69
  0x0000027e07d2e558: a495 85ff 

  0x0000027e07d2e55c: ;   {other}
  0x0000027e07d2e55c: 0f1f 8400 | 4c73 007f | bade ffff | ff8b 4c24 | 2c89 4c24 | 204c 8b44 | 2440 4c89 | 4424 304c 
  0x0000027e07d2e57c: 8b44 2448 | 4c89 4424 | 384c 8b44 | 2458 4c89 | 4424 404c | 8b84 24d8 | 0000 004c | 8944 2448 
  0x0000027e07d2e59c: 4c8b 4424 | 604c 8944 | 2450 4c8b | 8424 9000 | 0000 4c89 | 4424 584c | 8974 2460 | 4c8b 8424 
  0x0000027e07d2e5bc: b800 0000 | 4c89 4424 | 704c 8b84 | 2488 0000 | 004c 8944 | 2478 8b8c | 24b0 0000 | 0089 4c24 
  0x0000027e07d2e5dc: 244c 899c | 2490 0000 | 0048 899c | 2498 0000 | 004c 898c | 24a0 0000 | 004c 898c | 24a8 0000 
  0x0000027e07d2e5fc: 004c 89b4 | 24b8 0000 | 0044 8994 | 24c0 0000 | 0048 8984 | 24c8 0000 | 0066 6690 

  0x0000027e07d2e618: ;   {runtime_call UncommonTrapBlob}
  0x0000027e07d2e618: c5f8 77e8 

  0x0000027e07d2e61c: ; ImmutableOopMap {[36]=NarrowOop [64]=Oop [72]=Oop [80]=Oop [88]=Oop [96]=Oop [112]=Oop [144]=Oop [152]=Oop [160]=Oop [168]=Oop [184]=Oop [192]=NarrowOop [200]=Oop }
                      ;*invokeinterface getTrustedAttributes {reexecute=0 rethrow=0 return_oop=0}
                      ; - java.net.URLClassLoader::isSealed@18
                      ; - java.net.URLClassLoader::getAndVerifyPackage@68
                      ; - java.net.URLClassLoader::defineClass@46
                      ; - java.net.URLClassLoader$1::run@43
                      ; - java.net.URLClassLoader$1::run@1
                      ; - java.security.AccessController::executePrivileged@29
                      ; - java.security.AccessController::doPrivileged@13
                      ; - java.net.URLClassLoader::findClass@13
                      ; - java.lang.ClassLoader::loadClass@69
  0x0000027e07d2e61c: e094 85ff 

  0x0000027e07d2e620: ;   {other}
  0x0000027e07d2e620: 0f1f 8400 | 1074 0080 | bade ffff | ff44 8b54 | 242c 4489 | 5424 284c | 8b54 2440 | 4c89 5424 
  0x0000027e07d2e640: 384c 8b54 | 2448 4c89 | 5424 404c | 8b54 2458 | 4c89 5424 | 484c 8b94 | 24d8 0000 | 004c 8954 
  0x0000027e07d2e660: 2450 4c8b | 5424 604c | 8954 2458 | 4c8b 9424 | 9000 0000 | 4c89 5424 | 604c 8974 | 2468 4c8b 
  0x0000027e07d2e680: 9424 b800 | 0000 4c89 | 5424 784c | 8b94 2488 | 0000 004c | 8994 2480 | 0000 0044 | 8b94 24b0 
  0x0000027e07d2e6a0: 0000 0044 | 8954 242c | 4c89 9c24 | 9800 0000 | 4889 9c24 | a000 0000 | 4c89 8c24 | a800 0000 
  0x0000027e07d2e6c0: 4c89 8c24 | b000 0000 | 4c89 b424 | c000 0000 | 4889 8424 | d000 0000 

  0x0000027e07d2e6d8: ;   {runtime_call UncommonTrapBlob}
  0x0000027e07d2e6d8: c5f8 77e8 

  0x0000027e07d2e6dc: ; ImmutableOopMap {rbp=NarrowOop [44]=NarrowOop [72]=Oop [80]=Oop [88]=Oop [96]=Oop [104]=Oop [120]=Oop [152]=Oop [160]=Oop [168]=Oop [176]=Oop [192]=Oop [208]=Oop }
                      ;*invokeinterface get {reexecute=0 rethrow=0 return_oop=0}
                      ; - java.util.jar.Manifest::getAttributes@5
                      ; - java.util.jar.Manifest::getTrustedAttributes@2
                      ; - java.util.jar.JavaUtilJarAccessImpl::getTrustedAttributes@2
                      ; - java.net.URLClassLoader::isSealed@18
                      ; - java.net.URLClassLoader::getAndVerifyPackage@68
                      ; - java.net.URLClassLoader::defineClass@46
                      ; - java.net.URLClassLoader$1::run@43
                      ; - java.net.URLClassLoader$1::run@1
                      ; - java.security.AccessController::executePrivileged@29
                      ; - java.security.AccessController::doPrivileged@13
                      ; - java.net.URLClassLoader::findClass@13
                      ; - java.lang.ClassLoader::loadClass@69
  0x0000027e07d2e6dc: 2094 85ff 

  0x0000027e07d2e6e0: ;   {other}
  0x0000027e07d2e6e0: 0f1f 8400 | d074 0081 | bade ffff | ff44 8b44 | 242c 4489 | 4424 284c | 8b54 2440 | 4c89 5424 
  0x0000027e07d2e700: 384c 8b54 | 2448 4c89 | 5424 404c | 8b54 2458 | 4c89 5424 | 484c 8b94 | 24d8 0000 | 004c 8954 
  0x0000027e07d2e720: 2450 4c8b | 5424 604c | 8954 2458 | 4c8b 9424 | 9000 0000 | 4c89 5424 | 604c 8974 | 2468 4c8b 
  0x0000027e07d2e740: 9424 8800 | 0000 4c89 | 9424 8000 | 0000 448b | 9424 b000 | 0000 4489 | 5424 2c4c | 898c 2490 
  0x0000027e07d2e760: 0000 004c | 899c 2498 | 0000 0048 | 899c 24a0 | 0000 004c | 89b4 24b0 | 0000 0090 

  0x0000027e07d2e77c: ;   {runtime_call UncommonTrapBlob}
  0x0000027e07d2e77c: c5f8 77e8 

  0x0000027e07d2e780: ; ImmutableOopMap {rbp=NarrowOop [44]=NarrowOop [72]=Oop [80]=Oop [88]=Oop [96]=Oop [104]=Oop [144]=Oop [152]=Oop [160]=Oop [176]=Oop [184]=Oop }
                      ;*invokeinterface get {reexecute=0 rethrow=0 return_oop=0}
                      ; - java.util.jar.Attributes::get@5
                      ; - java.util.jar.Attributes::getValue@2
                      ; - java.net.URLClassLoader::isSealed@58
                      ; - java.net.URLClassLoader::getAndVerifyPackage@68
                      ; - java.net.URLClassLoader::defineClass@46
                      ; - java.net.URLClassLoader$1::run@43
                      ; - java.net.URLClassLoader$1::run@1
                      ; - java.security.AccessController::executePrivileged@29
                      ; - java.security.AccessController::doPrivileged@13
                      ; - java.net.URLClassLoader::findClass@13
                      ; - java.lang.ClassLoader::loadClass@69
  0x0000027e07d2e780: 7c93 85ff 

  0x0000027e07d2e784: ;   {other}
  0x0000027e07d2e784: 0f1f 8400 | 7475 0082 | bacc ffff | ff48 8bac | 24e0 0000 | 0044 8b54 | 242c 4489 | 5424 204c 
  0x0000027e07d2e7a4: 8b54 2440 | 4c89 5424 | 304c 8b54 | 2448 4c89 | 5424 384c | 8b54 2458 | 4c89 5424 | 404c 8b94 
  0x0000027e07d2e7c4: 24d8 0000 | 004c 8954 | 2448 4c8b | 5424 604c | 8954 2450 | 4c8b 9424 | 9000 0000 | 4c89 5424 
  0x0000027e07d2e7e4: 584c 8b94 | 24b8 0000 | 004c 8954 | 2470 4c8b | 9424 8800 | 0000 4c89 | 5424 7844 | 8b9c 24b0 
  0x0000027e07d2e804: 0000 0044 | 895c 2424 | 4c8b 9424 | 9800 0000 | 4c89 9424 | 8000 0000 | 4c8b 9424 | a800 0000 
  0x0000027e07d2e824: 4c89 9424 | 8800 0000 | 4c8b 9424 | a000 0000 | 4c89 9424 | 9800 0000 | 448b 9424 | c800 0000 
  0x0000027e07d2e844: 4489 9424 | c000 0000 | 4c8b 9424 | d000 0000 | 4c89 9424 | c800 0000 | 4c89 8c24 | e000 0000 
  0x0000027e07d2e864: ;   {runtime_call UncommonTrapBlob}
  0x0000027e07d2e864: c5f8 77e8 

  0x0000027e07d2e868: ; ImmutableOopMap {rbp=Oop [36]=NarrowOop [64]=Oop [72]=Oop [80]=Oop [88]=Oop [112]=Oop [128]=Oop [136]=Oop [152]=Oop [192]=NarrowOop [200]=Oop [224]=Oop }
                      ;*invokestatic arraycopy {reexecute=0 rethrow=0 return_oop=0}
                      ; - java.lang.String::getBytes@22
                      ; - java.lang.StringConcatHelper::prepend@21
                      ; - java.lang.StringConcatHelper::simpleConcat@71
                      ; - java.lang.String::concat@11
                      ; - java.net.URLClassLoader::isSealed@15
                      ; - java.net.URLClassLoader::getAndVerifyPackage@68
                      ; - java.net.URLClassLoader::defineClass@46
                      ; - java.net.URLClassLoader$1::run@43
                      ; - java.net.URLClassLoader$1::run@1
                      ; - java.security.AccessController::executePrivileged@29
                      ; - java.security.AccessController::doPrivileged@13
                      ; - java.net.URLClassLoader::findClass@13
                      ; - java.lang.ClassLoader::loadClass@69
  0x0000027e07d2e868: 9492 85ff 

  0x0000027e07d2e86c: ;   {other}
  0x0000027e07d2e86c: 0f1f 8400 | 5c76 0083 | bacc ffff | ff48 8bac | 24e0 0000 | 0044 8b54 | 242c 4489 | 5424 204c 
  0x0000027e07d2e88c: 8b54 2440 | 4c89 5424 | 304c 8b54 | 2448 4c89 | 5424 384c | 8b54 2458 | 4c89 5424 | 404c 8b94 
  0x0000027e07d2e8ac: 24d8 0000 | 004c 8954 | 2448 4c8b | 5424 604c | 8954 2450 | 4c8b 9424 | 9000 0000 | 4c89 5424 
  0x0000027e07d2e8cc: 584c 8b94 | 24b8 0000 | 004c 8954 | 2470 4c8b | 9424 8800 | 0000 4c89 | 5424 7844 | 8b9c 24b0 
  0x0000027e07d2e8ec: 0000 0044 | 895c 2424 | 4c8b 9424 | 9800 0000 | 4c89 9424 | 8000 0000 | 4c8b 9424 | a800 0000 
  0x0000027e07d2e90c: 4c89 9424 | 8800 0000 | 4c8b 9424 | a000 0000 | 4c89 9424 | 9800 0000 | 4c8b 9424 | c000 0000 
  0x0000027e07d2e92c: 4c89 9424 | b000 0000 | 4c89 8c24 | d800 0000 

  0x0000027e07d2e93c: ;   {runtime_call UncommonTrapBlob}
  0x0000027e07d2e93c: c5f8 77e8 

  0x0000027e07d2e940: ; ImmutableOopMap {rbp=Oop [36]=NarrowOop [64]=Oop [72]=Oop [80]=Oop [88]=Oop [112]=Oop [128]=Oop [136]=Oop [152]=Oop [176]=Oop [200]=NarrowOop [216]=Oop }
                      ;*invokestatic arraycopy {reexecute=0 rethrow=0 return_oop=0}
                      ; - java.lang.String::getBytes@22
                      ; - java.lang.StringConcatHelper::prepend@21
                      ; - java.lang.StringConcatHelper::simpleConcat@81
                      ; - java.lang.String::concat@11
                      ; - java.net.URLClassLoader::isSealed@15
                      ; - java.net.URLClassLoader::getAndVerifyPackage@68
                      ; - java.net.URLClassLoader::defineClass@46
                      ; - java.net.URLClassLoader$1::run@43
                      ; - java.net.URLClassLoader$1::run@1
                      ; - java.security.AccessController::executePrivileged@29
                      ; - java.security.AccessController::doPrivileged@13
                      ; - java.net.URLClassLoader::findClass@13
                      ; - java.lang.ClassLoader::loadClass@69
  0x0000027e07d2e940: bc91 85ff 

  0x0000027e07d2e944: ;   {other}
  0x0000027e07d2e944: 0f1f 8400 | 3477 0084 | 448b d9e9 | ec9d ffff | 33ed 4585 | db40 0f94 | c5ba 45ff | ffff 4c8b 
  0x0000027e07d2e964: 9c24 e000 | 0000 4c89 | 5c24 2044 | 8b5c 242c | 4489 5c24 | 284c 8b5c | 2440 4c89 | 5c24 384c 
  0x0000027e07d2e984: 8b5c 2448 | 4c89 5c24 | 404c 8b5c | 2458 4c89 | 5c24 484c | 8b9c 24d8 | 0000 004c | 895c 2450 
  0x0000027e07d2e9a4: 4c8b 5c24 | 604c 895c | 2458 4c8b | 9c24 9000 | 0000 4c89 | 5c24 6048 | 8984 2480 | 0000 0044 
  0x0000027e07d2e9c4: 8954 242c 

  0x0000027e07d2e9c8: ;   {runtime_call UncommonTrapBlob}
  0x0000027e07d2e9c8: c5f8 77e8 

  0x0000027e07d2e9cc: ; ImmutableOopMap {[32]=Oop [72]=Oop [80]=Oop [88]=Oop [96]=Oop }
                      ;*ifeq {reexecute=1 rethrow=0 return_oop=0}
                      ; - (reexecute) java.lang.String::lastIndexOf@4
                      ; - java.lang.String::lastIndexOf@8
                      ; - java.net.URLClassLoader::defineClass@7
                      ; - java.net.URLClassLoader$1::run@43
                      ; - java.net.URLClassLoader$1::run@1
                      ; - java.security.AccessController::executePrivileged@29
                      ; - java.security.AccessController::doPrivileged@13
                      ; - java.net.URLClassLoader::findClass@13
                      ; - java.lang.ClassLoader::loadClass@69
  0x0000027e07d2e9cc: 3091 85ff 

  0x0000027e07d2e9d0: ;   {other}
  0x0000027e07d2e9d0: 0f1f 8400 | c077 0085 | ba45 ffff | ff4c 8b94 | 24e0 0000 | 0049 8bea | 448b 5424 | 2c44 8954 
  0x0000027e07d2e9f0: 2420 4c8b | 5424 404c | 8954 2430 | 4c8b 5424 | 484c 8954 | 2438 4c8b | 5424 584c | 8954 2440 
  0x0000027e07d2ea10: 4c8b 9424 | d800 0000 | 4c89 5424 | 484c 8b54 | 2460 4c89 | 5424 504c | 8b94 2490 | 0000 004c 
  0x0000027e07d2ea30: 8954 2458 | 4c8b 9424 | 8800 0000 | 4c89 5424 | 7844 899c | 248c 0000 | 0044 899c | 2490 0000 
  0x0000027e07d2ea50: 0089 9c24 | a800 0000 

  0x0000027e07d2ea58: ;   {runtime_call UncommonTrapBlob}
  0x0000027e07d2ea58: c5f8 77e8 

  0x0000027e07d2ea5c: ; ImmutableOopMap {rbp=Oop [64]=Oop [72]=Oop [80]=Oop [88]=Oop [176]=NarrowOop }
                      ;*if_icmpgt {reexecute=1 rethrow=0 return_oop=0}
                      ; - (reexecute) jdk.internal.util.Preconditions::checkFromToIndex@6
                      ; - java.lang.String::checkBoundsBeginEnd@6
                      ; - java.lang.String::substring@8
                      ; - java.net.URLClassLoader::defineClass@28
                      ; - java.net.URLClassLoader$1::run@43
                      ; - java.net.URLClassLoader$1::run@1
                      ; - java.security.AccessController::executePrivileged@29
                      ; - java.security.AccessController::doPrivileged@13
                      ; - java.net.URLClassLoader::findClass@13
                      ; - java.lang.ClassLoader::loadClass@69
  0x0000027e07d2ea5c: a090 85ff 

  0x0000027e07d2ea60: ;   {other}
  0x0000027e07d2ea60: 0f1f 8400 | 5078 0086 | ba45 ffff | ff44 8b54 | 242c 4489 | 5424 204c | 8b54 2440 | 4c89 5424 
  0x0000027e07d2ea80: 304c 8b54 | 2448 4c89 | 5424 384c | 8b54 2458 | 4c89 5424 | 404c 8b94 | 24d8 0000 | 004c 8954 
  0x0000027e07d2eaa0: 2448 4c8b | 5424 604c | 8954 2450 | 4c8b 9424 | 9000 0000 | 4c89 5424 | 584c 8974 | 2460 4c8b 
  0x0000027e07d2eac0: 9424 b800 | 0000 4c89 | 5424 704c | 8b94 2488 | 0000 004c | 8954 2478 | 448b 9424 | b000 0000 
  0x0000027e07d2eae0: 4c89 b424 | 9000 0000 | 4c89 9c24 | 9800 0000 | 4c89 8c24 | a000 0000 | 4489 9424 | a800 0000 
  0x0000027e07d2eb00: 4c89 9c24 | b800 0000 | 4489 8424 | ac00 0000 

  0x0000027e07d2eb10: ;   {runtime_call UncommonTrapBlob}
  0x0000027e07d2eb10: c5f8 77e8 

  0x0000027e07d2eb14: ; ImmutableOopMap {[64]=Oop [72]=Oop [80]=Oop [88]=Oop [96]=Oop [112]=Oop [144]=Oop [152]=Oop [160]=Oop [168]=NarrowOop [184]=Oop }
                      ;*ifle {reexecute=1 rethrow=0 return_oop=0}
                      ; - (reexecute) java.util.concurrent.ConcurrentHashMap::get@23
                      ; - java.lang.ClassLoader::getDefinedPackage@13
                      ; - java.net.URLClassLoader::getAndVerifyPackage@2
                      ; - java.net.URLClassLoader::defineClass@46
                      ; - java.net.URLClassLoader$1::run@43
                      ; - java.net.URLClassLoader$1::run@1
                      ; - java.security.AccessController::executePrivileged@29
                      ; - java.security.AccessController::doPrivileged@13
                      ; - java.net.URLClassLoader::findClass@13
                      ; - java.lang.ClassLoader::loadClass@69
  0x0000027e07d2eb14: e88f 85ff 

  0x0000027e07d2eb18: ;   {other}
  0x0000027e07d2eb18: 0f1f 8400 | 0879 0087 | ba45 ffff | ff44 8b54 | 242c 4489 | 5424 204c | 8b54 2440 | 4c89 5424 
  0x0000027e07d2eb38: 304c 8b54 | 2448 4c89 | 5424 384c | 8b54 2458 | 4c89 5424 | 404c 8b94 | 24d8 0000 | 004c 8954 
  0x0000027e07d2eb58: 2448 4c8b | 5424 604c | 8954 2450 | 4c8b 9424 | 9000 0000 | 4c89 5424 | 704c 8b94 | 2488 0000 
  0x0000027e07d2eb78: 004c 8954 | 2478 4889 | 8424 9800 | 0000 6690 

  0x0000027e07d2eb88: ;   {runtime_call UncommonTrapBlob}
  0x0000027e07d2eb88: c5f8 77e8 

  0x0000027e07d2eb8c: ; ImmutableOopMap {rbp=Oop [64]=Oop [72]=Oop [80]=Oop [112]=Oop [152]=Oop [176]=NarrowOop }
                      ;*ifnull {reexecute=1 rethrow=0 return_oop=0}
                      ; - (reexecute) java.net.URLClassLoader::defineClass@139
                      ; - java.net.URLClassLoader$1::run@43
                      ; - java.net.URLClassLoader$1::run@1
                      ; - java.security.AccessController::executePrivileged@29
                      ; - java.security.AccessController::doPrivileged@13
                      ; - java.net.URLClassLoader::findClass@13
                      ; - java.lang.ClassLoader::loadClass@69
  0x0000027e07d2eb8c: 708f 85ff 

  0x0000027e07d2eb90: ;   {other}
  0x0000027e07d2eb90: 0f1f 8400 | 8079 0088 | ba45 ffff | ff4c 8b94 | 24e0 0000 | 0049 8bea | 448b 4424 | 2c44 8944 
  0x0000027e07d2ebb0: 2420 4c8b | 5424 404c | 8954 2430 | 4c8b 5424 | 484c 8954 | 2438 4c8b | 5424 584c | 8954 2440 
  0x0000027e07d2ebd0: 4c8b 9424 | d800 0000 | 4c89 5424 | 484c 8b54 | 2460 4c89 | 5424 504c | 8b94 2490 | 0000 004c 
  0x0000027e07d2ebf0: 8954 2458 | 4c8b 9424 | 8800 0000 | 4c89 5424 | 7844 899c | 248c 0000 | 0044 899c | 2490 0000 
  0x0000027e07d2ec10: 0089 9c24 | a800 0000 | 899c 24ac | 0000 0090 

  0x0000027e07d2ec20: ;   {runtime_call UncommonTrapBlob}
  0x0000027e07d2ec20: c5f8 77e8 

  0x0000027e07d2ec24: ; ImmutableOopMap {rbp=Oop [64]=Oop [72]=Oop [80]=Oop [88]=Oop [176]=NarrowOop }
                      ;*if_icmple {reexecute=1 rethrow=0 return_oop=0}
                      ; - (reexecute) jdk.internal.util.Preconditions::checkFromToIndex@11
                      ; - java.lang.String::checkBoundsBeginEnd@6
                      ; - java.lang.String::substring@8
                      ; - java.net.URLClassLoader::defineClass@28
                      ; - java.net.URLClassLoader$1::run@43
                      ; - java.net.URLClassLoader$1::run@1
                      ; - java.security.AccessController::executePrivileged@29
                      ; - java.security.AccessController::doPrivileged@13
                      ; - java.net.URLClassLoader::findClass@13
                      ; - java.lang.ClassLoader::loadClass@69
  0x0000027e07d2ec24: d88e 85ff 

  0x0000027e07d2ec28: ;   {other}
  0x0000027e07d2ec28: 0f1f 8400 | 187a 0089 | ba45 ffff | ff4c 8b94 | 24e0 0000 | 004c 8954 | 2420 448b | 5c24 2c44 
  0x0000027e07d2ec48: 895c 2428 | 4c8b 5424 | 404c 8954 | 2438 4c8b | 5424 484c | 8954 2440 | 4c8b 5424 | 584c 8954 
  0x0000027e07d2ec68: 2448 4c8b | 9424 d800 | 0000 4c89 | 5424 504c | 8b54 2460 | 4c89 5424 | 584c 8b94 | 2490 0000 
  0x0000027e07d2ec88: 004c 8954 | 2460 4c8b | 9424 8800 | 0000 4c89 | 9424 8000 | 0000 4489 | 8c24 ac00 | 0000 6690 
  0x0000027e07d2eca8: ;   {runtime_call UncommonTrapBlob}
  0x0000027e07d2eca8: c5f8 77e8 

  0x0000027e07d2ecac: ; ImmutableOopMap {rbp=NarrowOop [32]=Oop [72]=Oop [80]=Oop [88]=Oop [96]=Oop [172]=NarrowOop [176]=NarrowOop [184]=Oop [256]=Oop }
                      ;*ifnull {reexecute=1 rethrow=0 return_oop=0}
                      ; - (reexecute) java.util.jar.JarFile::maybeInstantiateVerifier@4
                      ; - java.util.jar.JarFile::ensureInitialization@1
                      ; - java.util.jar.JavaUtilJarAccessImpl::ensureInitialization@1
                      ; - jdk.internal.loader.URLClassPath$JarLoader$2::getManifest@10
                      ; - java.net.URLClassLoader::defineClass@34
                      ; - java.net.URLClassLoader$1::run@43
                      ; - java.net.URLClassLoader$1::run@1
                      ; - java.security.AccessController::executePrivileged@29
                      ; - java.security.AccessController::doPrivileged@13
                      ; - java.net.URLClassLoader::findClass@13
                      ; - java.lang.ClassLoader::loadClass@69
  0x0000027e07d2ecac: 508e 85ff 

  0x0000027e07d2ecb0: ;   {other}
  0x0000027e07d2ecb0: 0f1f 8400 | a07a 008a | ba45 ffff | ff48 895c | 2428 4489 | 5424 3090 

  0x0000027e07d2ecc8: ;   {runtime_call UncommonTrapBlob}
  0x0000027e07d2ecc8: c5f8 77e8 

  0x0000027e07d2eccc: ; ImmutableOopMap {[40]=Oop [80]=Oop [88]=Oop }
                      ;*ifeq {reexecute=1 rethrow=0 return_oop=0}
                      ; - (reexecute) java.lang.ClassLoader::loadClass@100
  0x0000027e07d2eccc: 308e 85ff 

  0x0000027e07d2ecd0: ;   {other}
  0x0000027e07d2ecd0: 0f1f 8400 | c07a 008b | 4c89 5c24 | 3049 8bd7 | c5f8 7749 | ba20 a425 | 25f8 7f00 | 0041 ffd2 
  0x0000027e07d2ecf0: ;   {other}
  0x0000027e07d2ecf0: 0f1f 8400 | 0000 0000 | 4c8b 5c24 | 30e9 ad9e | ffff ba76 | ffff ff4c | 8b94 24e0 | 0000 004c 
  0x0000027e07d2ed10: 8954 2420 | 448b 5c24 | 2c44 895c | 2428 4c8b | 5424 404c | 8954 2438 | 4c8b 5424 | 484c 8954 
  0x0000027e07d2ed30: 2440 4c8b | 5424 584c | 8954 2448 | 4c8b 9424 | d800 0000 | 4c89 5424 | 504c 8b54 | 2460 4c89 
  0x0000027e07d2ed50: 5424 584c | 8b94 2490 | 0000 004c | 8954 2460 | 4c8b 9424 | b800 0000 | 4c89 5424 | 784c 8b94 
  0x0000027e07d2ed70: 2488 0000 | 004c 8994 | 2480 0000 | 0044 8b9c | 24b0 0000 | 0044 895c | 242c 4c8b | 9424 9800 
  0x0000027e07d2ed90: 0000 4c89 | 9424 8800 | 0000 4c8b | 9424 c000 | 0000 4c89 | 9424 a800 | 0000 4c89 | 9424 b000 
  0x0000027e07d2edb0: 0000 448b | 9424 c800 | 0000 4489 | 9424 c000 | 0000 4c89 | 8424 c800 | 0000 6690 

  0x0000027e07d2edcc: ;   {runtime_call UncommonTrapBlob}
  0x0000027e07d2edcc: c5f8 77e8 

  0x0000027e07d2edd0: ; ImmutableOopMap {[32]=Oop [44]=NarrowOop [72]=Oop [80]=Oop [88]=Oop [96]=Oop [120]=Oop [136]=Oop [160]=Oop [168]=Oop [176]=Oop [192]=NarrowOop [200]=Oop [232]=NarrowOop }
                      ;*if_icmpge {reexecute=1 rethrow=0 return_oop=0}
                      ; - (reexecute) java.lang.StringLatin1::replace@82
                      ; - java.lang.String::replace@18
                      ; - java.net.URLClassLoader::isSealed@9
                      ; - java.net.URLClassLoader::getAndVerifyPackage@68
                      ; - java.net.URLClassLoader::defineClass@46
                      ; - java.net.URLClassLoader$1::run@43
                      ; - java.net.URLClassLoader$1::run@1
                      ; - java.security.AccessController::executePrivileged@29
                      ; - java.security.AccessController::doPrivileged@13
                      ; - java.net.URLClassLoader::findClass@13
                      ; - java.lang.ClassLoader::loadClass@69
  0x0000027e07d2edd0: 2c8d 85ff 

  0x0000027e07d2edd4: ;   {other}
  0x0000027e07d2edd4: 0f1f 8400 | c47b 008c | 4889 7424 | 204c 8bf3 | 498b d7c5 | f877 49ba | 20a4 2525 | f87f 0000 
  0x0000027e07d2edf4: ;   {other}
  0x0000027e07d2edf4: 41ff d20f | 1f84 0000 | 0000 0049 | 8bde 488b | 7424 20e9 | a09b ffff | 4c8b f54c | 8b5c 2438 
  0x0000027e07d2ee14: 4c8b 4c24 | 68ba 45ff | ffff 448b | 4424 2c44 | 8944 2420 | 4c8b 5424 | 404c 8954 | 2430 4c8b 
  0x0000027e07d2ee34: 5424 484c | 8954 2438 | 4c8b 5424 | 584c 8954 | 2440 4c8b | 9424 d800 | 0000 4c89 | 5424 484c 
  0x0000027e07d2ee54: 8b54 2460 | 4c89 5424 | 504c 8b94 | 2490 0000 | 004c 8954 | 2458 4c89 | 7424 604c | 8b94 2488 
  0x0000027e07d2ee74: 0000 004c | 8954 2478 | 4c89 8c24 | 8800 0000 | 4c89 9c24 | 9000 0000 | 4c89 b424 | a000 0000 
  0x0000027e07d2ee94: ;   {runtime_call UncommonTrapBlob}
  0x0000027e07d2ee94: c5f8 77e8 

  0x0000027e07d2ee98: ; ImmutableOopMap {[64]=Oop [72]=Oop [80]=Oop [88]=Oop [96]=Oop [136]=Oop [144]=Oop [160]=Oop [176]=NarrowOop [184]=Oop }
                      ;*ifeq {reexecute=1 rethrow=0 return_oop=0}
                      ; - (reexecute) java.net.URLClassLoader::getAndVerifyPackage@71
                      ; - java.net.URLClassLoader::defineClass@46
                      ; - java.net.URLClassLoader$1::run@43
                      ; - java.net.URLClassLoader$1::run@1
                      ; - java.security.AccessController::executePrivileged@29
                      ; - java.security.AccessController::doPrivileged@13
                      ; - java.net.URLClassLoader::findClass@13
                      ; - java.lang.ClassLoader::loadClass@69
  0x0000027e07d2ee98: 648c 85ff 

  0x0000027e07d2ee9c: ;   {other}
  0x0000027e07d2ee9c: 0f1f 8400 | 8c7c 008d | 33ed 4585 | d240 0f95 | c5ba 45ff | ffff 448b | 5424 2c44 | 8954 2428 
  0x0000027e07d2eebc: 4c8b 5424 | 404c 8954 | 2438 4c8b | 5424 484c | 8954 2440 | 4c8b 5424 | 584c 8954 | 2448 4c8b 
  0x0000027e07d2eedc: 9424 d800 | 0000 4c89 | 5424 504c | 8b54 2460 | 4c89 5424 | 584c 8b94 | 2490 0000 | 004c 8954 
  0x0000027e07d2eefc: 2460 4c89 | 7424 684c | 8b94 24b8 | 0000 004c | 8954 2478 | 4c8b 9424 | 8800 0000 | 4c89 9424 
  0x0000027e07d2ef1c: 8000 0000 | 4c89 b424 | 9800 0000 | 4c89 9c24 | a000 0000 | 4c89 8c24 | a800 0000 | 4889 9c24 
  0x0000027e07d2ef3c: b800 0000 

  0x0000027e07d2ef40: ;   {runtime_call UncommonTrapBlob}
  0x0000027e07d2ef40: c5f8 77e8 

  0x0000027e07d2ef44: ; ImmutableOopMap {[72]=Oop [80]=Oop [88]=Oop [96]=Oop [104]=Oop [120]=Oop [152]=Oop [160]=Oop [168]=Oop [176]=NarrowOop [184]=Oop }
                      ;*ifne {reexecute=1 rethrow=0 return_oop=0}
                      ; - (reexecute) java.lang.Package::isSealed@7
                      ; - java.net.URLClassLoader::getAndVerifyPackage@14
                      ; - java.net.URLClassLoader::defineClass@46
                      ; - java.net.URLClassLoader$1::run@43
                      ; - java.net.URLClassLoader$1::run@1
                      ; - java.security.AccessController::executePrivileged@29
                      ; - java.security.AccessController::doPrivileged@13
                      ; - java.net.URLClassLoader::findClass@13
                      ; - java.lang.ClassLoader::loadClass@69
  0x0000027e07d2ef44: b88b 85ff 

  0x0000027e07d2ef48: ;   {other}
  0x0000027e07d2ef48: 0f1f 8400 | 387d 008e | 33ed 4585 | c040 0f94 | c5ba 45ff | ffff 8b4c | 242c 894c | 2428 4c8b 
  0x0000027e07d2ef68: 4424 404c | 8944 2438 | 4c8b 4424 | 484c 8944 | 2440 4c8b | 4424 584c | 8944 2448 | 4c8b 8424 
  0x0000027e07d2ef88: d800 0000 | 4c89 4424 | 504c 8b44 | 2460 4c89 | 4424 584c | 8b84 2490 | 0000 004c | 8944 2460 
  0x0000027e07d2efa8: 4c89 7424 | 684c 8b84 | 24b8 0000 | 004c 8944 | 2478 4c8b | 8424 8800 | 0000 4c89 | 8424 8000 
  0x0000027e07d2efc8: 0000 8b8c | 24b0 0000 | 0089 4c24 | 2c4c 899c | 2498 0000 | 0048 899c | 24a0 0000 | 004c 898c 
  0x0000027e07d2efe8: 24a8 0000 | 004c 898c | 24b0 0000 | 004c 899c | 24b8 0000 | 004c 89b4 | 24c8 0000 | 0044 8994 
  0x0000027e07d2f008: 24d0 0000 | 0066 6690 

  0x0000027e07d2f010: ;   {runtime_call UncommonTrapBlob}
  0x0000027e07d2f010: c5f8 77e8 

  0x0000027e07d2f014: ; ImmutableOopMap {[44]=NarrowOop [72]=Oop [80]=Oop [88]=Oop [96]=Oop [104]=Oop [120]=Oop [152]=Oop [160]=Oop [168]=Oop [176]=Oop [184]=Oop [200]=Oop [208]=NarrowOop }
                      ;*ifeq {reexecute=1 rethrow=0 return_oop=0}
                      ; - (reexecute) java.lang.String::replace@9
                      ; - java.net.URLClassLoader::isSealed@9
                      ; - java.net.URLClassLoader::getAndVerifyPackage@68
                      ; - java.net.URLClassLoader::defineClass@46
                      ; - java.net.URLClassLoader$1::run@43
                      ; - java.net.URLClassLoader$1::run@1
                      ; - java.security.AccessController::executePrivileged@29
                      ; - java.security.AccessController::doPrivileged@13
                      ; - java.net.URLClassLoader::findClass@13
                      ; - java.lang.ClassLoader::loadClass@69
  0x0000027e07d2f014: e88a 85ff 

  0x0000027e07d2f018: ;   {other}
  0x0000027e07d2f018: 0f1f 8400 | 087e 008f | ba45 ffff | ff44 8b44 | 242c 4489 | 4424 284c | 8b44 2440 | 4c89 4424 
  0x0000027e07d2f038: 384c 8b44 | 2448 4c89 | 4424 404c | 8b44 2458 | 4c89 4424 | 484c 8b84 | 24d8 0000 | 004c 8944 
  0x0000027e07d2f058: 2450 4c8b | 4424 604c | 8944 2458 | 4c8b 8424 | 9000 0000 | 4c89 4424 | 604c 8974 | 2468 4c8b 
  0x0000027e07d2f078: 8424 b800 | 0000 4c89 | 4424 784c | 8b84 2488 | 0000 004c | 8984 2480 | 0000 0044 | 8b84 24b0 
  0x0000027e07d2f098: 0000 0044 | 8944 242c | 4c89 9c24 | 9800 0000 | 4889 9c24 | a000 0000 | 4c89 8c24 | a800 0000 
  0x0000027e07d2f0b8: 4c89 8c24 | b000 0000 | 4c89 b424 | c000 0000 | 4489 9424 | c800 0000 | 898c 24cc | 0000 0090 
  0x0000027e07d2f0d8: ;   {runtime_call UncommonTrapBlob}
  0x0000027e07d2f0d8: c5f8 77e8 

  0x0000027e07d2f0dc: ; ImmutableOopMap {rbp=Oop [44]=NarrowOop [72]=Oop [80]=Oop [88]=Oop [96]=Oop [104]=Oop [120]=Oop [152]=Oop [160]=Oop [168]=Oop [176]=Oop [192]=Oop [200]=NarrowOop }
                      ;*iflt {reexecute=1 rethrow=0 return_oop=0}
                      ; - (reexecute) java.lang.StringConcatHelper::checkOverflow@2
                      ; - java.lang.StringConcatHelper::mix@23
                      ; - java.lang.StringConcatHelper::simpleConcat@46
                      ; - java.lang.String::concat@11
                      ; - java.net.URLClassLoader::isSealed@15
                      ; - java.net.URLClassLoader::getAndVerifyPackage@68
                      ; - java.net.URLClassLoader::defineClass@46
                      ; - java.net.URLClassLoader$1::run@43
                      ; - java.net.URLClassLoader$1::run@1
                      ; - java.security.AccessController::executePrivileged@29
                      ; - java.security.AccessController::doPrivileged@13
                      ; - java.net.URLClassLoader::findClass@13
                      ; - java.lang.ClassLoader::loadClass@69
  0x0000027e07d2f0dc: 208a 85ff 

  0x0000027e07d2f0e0: ;   {other}
  0x0000027e07d2f0e0: 0f1f 8400 | d07e 0090 | ba45 ffff | ff44 8b54 | 242c 4489 | 5424 284c | 8b54 2440 | 4c89 5424 
  0x0000027e07d2f100: 384c 8b54 | 2448 4c89 | 5424 404c | 8b54 2458 | 4c89 5424 | 484c 8b94 | 24d8 0000 | 004c 8954 
  0x0000027e07d2f120: 2450 4c8b | 5424 604c | 8954 2458 | 4c8b 9424 | 9000 0000 | 4c89 5424 | 604c 8974 | 2468 4c8b 
  0x0000027e07d2f140: 9424 b800 | 0000 4c89 | 5424 784c | 8b94 2488 | 0000 004c | 8994 2480 | 0000 0044 | 8b94 24b0 
  0x0000027e07d2f160: 0000 0044 | 8954 242c | 4c89 b424 | c000 0000 

  0x0000027e07d2f170: ;   {runtime_call UncommonTrapBlob}
  0x0000027e07d2f170: c5f8 77e8 

  0x0000027e07d2f174: ; ImmutableOopMap {[44]=NarrowOop [72]=Oop [80]=Oop [88]=Oop [96]=Oop [104]=Oop [120]=Oop [152]=Oop [160]=Oop [168]=Oop [192]=Oop [200]=NarrowOop [208]=Oop }
                      ;*iflt {reexecute=1 rethrow=0 return_oop=0}
                      ; - (reexecute) java.lang.StringConcatHelper::checkOverflow@2
                      ; - java.lang.StringConcatHelper::mix@23
                      ; - java.lang.StringConcatHelper::simpleConcat@54
                      ; - java.lang.String::concat@11
                      ; - java.net.URLClassLoader::isSealed@15
                      ; - java.net.URLClassLoader::getAndVerifyPackage@68
                      ; - java.net.URLClassLoader::defineClass@46
                      ; - java.net.URLClassLoader$1::run@43
                      ; - java.net.URLClassLoader$1::run@1
                      ; - java.security.AccessController::executePrivileged@29
                      ; - java.security.AccessController::doPrivileged@13
                      ; - java.net.URLClassLoader::findClass@13
                      ; - java.lang.ClassLoader::loadClass@69
  0x0000027e07d2f174: 8889 85ff 

  0x0000027e07d2f178: ;   {other}
  0x0000027e07d2f178: 0f1f 8400 | 687f 0091 | ba45 ffff | ff48 8bac | 24e0 0000 | 0044 8b44 | 242c 4489 | 4424 204c 
  0x0000027e07d2f198: 8b54 2440 | 4c89 5424 | 304c 8b54 | 2448 4c89 | 5424 384c | 8b54 2458 | 4c89 5424 | 404c 8b94 
  0x0000027e07d2f1b8: 24d8 0000 | 004c 8954 | 2448 4c8b | 5424 604c | 8954 2450 | 4c8b 9424 | 9000 0000 | 4c89 5424 
  0x0000027e07d2f1d8: 584c 8b94 | 24b8 0000 | 004c 8954 | 2470 4c8b | 9424 8800 | 0000 4c89 | 5424 7844 | 8b94 24b0 
  0x0000027e07d2f1f8: 0000 0044 | 8954 2424 | 4c8b 9424 | 9800 0000 | 4c89 9424 | 8000 0000 | 4c8b 9424 | a800 0000 
  0x0000027e07d2f218: 4c89 9424 | 8800 0000 | 4c8b 9424 | a000 0000 | 4c89 9424 | 9800 0000 | 448b 8424 | c800 0000 
  0x0000027e07d2f238: 4489 8424 | c000 0000 | 4c89 8c24 | d800 0000 | 4489 9c24 | c400 0000 

  0x0000027e07d2f250: ;   {runtime_call UncommonTrapBlob}
  0x0000027e07d2f250: c5f8 77e8 

  0x0000027e07d2f254: ; ImmutableOopMap {rbp=Oop [36]=NarrowOop [64]=Oop [72]=Oop [80]=Oop [88]=Oop [112]=Oop [128]=Oop [136]=Oop [152]=Oop [192]=NarrowOop [208]=Oop [216]=Oop }
                      ;*if_icmpne {reexecute=1 rethrow=0 return_oop=0}
                      ; - (reexecute) java.lang.String::getBytes@5
                      ; - java.lang.StringConcatHelper::prepend@21
                      ; - java.lang.StringConcatHelper::simpleConcat@81
                      ; - java.lang.String::concat@11
                      ; - java.net.URLClassLoader::isSealed@15
                      ; - java.net.URLClassLoader::getAndVerifyPackage@68
                      ; - java.net.URLClassLoader::defineClass@46
                      ; - java.net.URLClassLoader$1::run@43
                      ; - java.net.URLClassLoader$1::run@1
                      ; - java.security.AccessController::executePrivileged@29
                      ; - java.security.AccessController::doPrivileged@13
                      ; - java.net.URLClassLoader::findClass@13
                      ; - java.lang.ClassLoader::loadClass@69
  0x0000027e07d2f254: a888 85ff 

  0x0000027e07d2f258: ;   {other}
  0x0000027e07d2f258: 0f1f 8400 | 4880 0092 | 33ed eb02 | 8be8 ba45 | ffff ff8b | 4c24 2c89 | 4c24 2848 | 8b4c 2440 
  0x0000027e07d2f278: 4889 4c24 | 3848 8b4c | 2448 4889 | 4c24 4048 | 8b4c 2458 | 4889 4c24 | 4848 8b8c | 24d8 0000 
  0x0000027e07d2f298: 0048 894c | 2450 488b | 4c24 6048 | 894c 2458 | 488b 8c24 | 9000 0000 | 4889 4c24 | 604c 8974 
  0x0000027e07d2f2b8: 2468 488b | 8c24 b800 | 0000 4889 | 4c24 7848 | 8b8c 2488 | 0000 0048 | 898c 2480 | 0000 004c 
  0x0000027e07d2f2d8: 89b4 2498 | 0000 004c | 899c 24a0 | 0000 004c | 898c 24a8 | 0000 004c | 899c 24c0 | 0000 0044 
  0x0000027e07d2f2f8: 8984 24b4 | 0000 0044 | 8994 24e0 | 0000 0090 

  0x0000027e07d2f308: ;   {runtime_call UncommonTrapBlob}
  0x0000027e07d2f308: c5f8 77e8 

  0x0000027e07d2f30c: ; ImmutableOopMap {[72]=Oop [80]=Oop [88]=Oop [96]=Oop [104]=Oop [120]=Oop [152]=Oop [160]=Oop [168]=Oop [176]=NarrowOop [180]=NarrowOop [192]=Oop }
                      ;*ifeq {reexecute=1 rethrow=0 return_oop=0}
                      ; - (reexecute) java.util.concurrent.ConcurrentHashMap::get@76
                      ; - java.lang.ClassLoader::getDefinedPackage@13
                      ; - java.net.URLClassLoader::getAndVerifyPackage@2
                      ; - java.net.URLClassLoader::defineClass@46
                      ; - java.net.URLClassLoader$1::run@43
                      ; - java.net.URLClassLoader$1::run@1
                      ; - java.security.AccessController::executePrivileged@29
                      ; - java.security.AccessController::doPrivileged@13
                      ; - java.net.URLClassLoader::findClass@13
                      ; - java.lang.ClassLoader::loadClass@69
  0x0000027e07d2f30c: f087 85ff 

  0x0000027e07d2f310: ;   {other}
  0x0000027e07d2f310: 0f1f 8400 | 0081 0093 | ba76 ffff | ff4c 8b94 | 24e0 0000 | 004c 8954 | 2420 448b | 5c24 2c44 
  0x0000027e07d2f330: 895c 2428 | 4c8b 5424 | 404c 8954 | 2438 4c8b | 5424 484c | 8954 2440 | 4c8b 5424 | 584c 8954 
  0x0000027e07d2f350: 2448 4c8b | 9424 d800 | 0000 4c89 | 5424 504c | 8b54 2460 | 4c89 5424 | 584c 8b94 | 2490 0000 
  0x0000027e07d2f370: 004c 8954 | 2460 4c8b | 9424 b800 | 0000 4c89 | 5424 784c | 8b94 2488 | 0000 004c | 8994 2480 
  0x0000027e07d2f390: 0000 0044 | 8b9c 24b0 | 0000 0044 | 895c 242c | 4c8b 9424 | 9800 0000 | 4c89 9424 | 8800 0000 
  0x0000027e07d2f3b0: 4c8b 9424 | c000 0000 | 4c89 9424 | a800 0000 | 4c89 9424 | b000 0000 | 448b 9424 | c800 0000 
  0x0000027e07d2f3d0: 4489 9424 | c000 0000 | 448b 9c24 | d400 0000 | 4489 9c24 | c400 0000 | 4c89 8424 | c800 0000 
  0x0000027e07d2f3f0: ;   {runtime_call UncommonTrapBlob}
  0x0000027e07d2f3f0: c5f8 77e8 

  0x0000027e07d2f3f4: ; ImmutableOopMap {[32]=Oop [44]=NarrowOop [72]=Oop [80]=Oop [88]=Oop [96]=Oop [120]=Oop [136]=Oop [160]=Oop [168]=Oop [176]=Oop [192]=NarrowOop [200]=Oop [232]=NarrowOop }
                      ;*if_icmpge {reexecute=1 rethrow=0 return_oop=0}
                      ; - (reexecute) java.lang.StringLatin1::replace@61
                      ; - java.lang.String::replace@18
                      ; - java.net.URLClassLoader::isSealed@9
                      ; - java.net.URLClassLoader::getAndVerifyPackage@68
                      ; - java.net.URLClassLoader::defineClass@46
                      ; - java.net.URLClassLoader$1::run@43
                      ; - java.net.URLClassLoader$1::run@1
                      ; - java.security.AccessController::executePrivileged@29
                      ; - java.security.AccessController::doPrivileged@13
                      ; - java.net.URLClassLoader::findClass@13
                      ; - java.lang.ClassLoader::loadClass@69
  0x0000027e07d2f3f4: 0887 85ff 

  0x0000027e07d2f3f8: ;   {other}
  0x0000027e07d2f3f8: 0f1f 8400 | e881 0094 | b901 0000 | 00e9 4ea7 | ffff ba45 | ffff ff44 | 8b54 242c | 4489 5424 
  0x0000027e07d2f418: 204c 8b54 | 2440 4c89 | 5424 304c | 8b54 2448 | 4c89 5424 | 384c 8b54 | 2458 4c89 | 5424 404c 
  0x0000027e07d2f438: 8b94 24d8 | 0000 004c | 8954 2448 | 4c8b 5424 | 604c 8954 | 2450 4c8b | 9424 9000 | 0000 4c89 
  0x0000027e07d2f458: 5424 584c | 8974 2460 | 4c8b 9424 | b800 0000 | 4c89 5424 | 704c 8b94 | 2488 0000 | 004c 8954 
  0x0000027e07d2f478: 2478 8b8c | 24b0 0000 | 004c 89b4 | 2490 0000 | 004c 899c | 2498 0000 | 004c 898c | 24a0 0000 
  0x0000027e07d2f498: 0089 8c24 | a800 0000 | 4c89 9c24 | b800 0000 | 89bc 24ac | 0000 0044 | 8984 24d0 | 0000 0090 
  0x0000027e07d2f4b8: ;   {runtime_call UncommonTrapBlob}
  0x0000027e07d2f4b8: c5f8 77e8 

  0x0000027e07d2f4bc: ; ImmutableOopMap {[64]=Oop [72]=Oop [80]=Oop [88]=Oop [96]=Oop [112]=Oop [144]=Oop [152]=Oop [160]=Oop [168]=NarrowOop [172]=NarrowOop [184]=Oop }
                      ;*ifle {reexecute=1 rethrow=0 return_oop=0}
                      ; - (reexecute) java.util.concurrent.ConcurrentHashMap::get@23
                      ; - java.lang.ClassLoader::definePackage@47
                      ; - java.lang.ClassLoader::getDefinedPackage@32
                      ; - java.net.URLClassLoader::getAndVerifyPackage@2
                      ; - java.net.URLClassLoader::defineClass@46
                      ; - java.net.URLClassLoader$1::run@43
                      ; - java.net.URLClassLoader$1::run@1
                      ; - java.security.AccessController::executePrivileged@29
                      ; - java.security.AccessController::doPrivileged@13
                      ; - java.net.URLClassLoader::findClass@13
                      ; - java.lang.ClassLoader::loadClass@69
  0x0000027e07d2f4bc: 4086 85ff 

  0x0000027e07d2f4c0: ;   {other}
  0x0000027e07d2f4c0: 0f1f 8400 | b082 0095 | ba45 ffff | ff44 8b54 | 242c 4489 | 5424 284c | 8b54 2440 | 4c89 5424 
  0x0000027e07d2f4e0: 384c 8b54 | 2448 4c89 | 5424 404c | 8b54 2458 | 4c89 5424 | 484c 8b94 | 24d8 0000 | 004c 8954 
  0x0000027e07d2f500: 2450 4c8b | 5424 604c | 8954 2458 | 4c8b 9424 | 9000 0000 | 4c89 5424 | 604c 8974 | 2468 4c8b 
  0x0000027e07d2f520: 9424 b800 | 0000 4c89 | 5424 784c | 8b94 2488 | 0000 004c | 8994 2480 | 0000 004c | 89b4 2498 
  0x0000027e07d2f540: 0000 004c | 899c 24a0 | 0000 004c | 898c 24a8 | 0000 0048 | 899c 24b8 | 0000 0090 

  0x0000027e07d2f55c: ;   {runtime_call UncommonTrapBlob}
  0x0000027e07d2f55c: c5f8 77e8 

  0x0000027e07d2f560: ; ImmutableOopMap {rbp=NarrowOop [72]=Oop [80]=Oop [88]=Oop [96]=Oop [104]=Oop [120]=Oop [152]=Oop [160]=Oop [168]=Oop [176]=NarrowOop [184]=Oop }
                      ;*ifnull {reexecute=1 rethrow=0 return_oop=0}
                      ; - (reexecute) java.lang.Package::isSealed@17
                      ; - java.net.URLClassLoader::getAndVerifyPackage@14
                      ; - java.net.URLClassLoader::defineClass@46
                      ; - java.net.URLClassLoader$1::run@43
                      ; - java.net.URLClassLoader$1::run@1
                      ; - java.security.AccessController::executePrivileged@29
                      ; - java.security.AccessController::doPrivileged@13
                      ; - java.net.URLClassLoader::findClass@13
                      ; - java.lang.ClassLoader::loadClass@69
  0x0000027e07d2f560: 9c85 85ff 

  0x0000027e07d2f564: ;   {other}
  0x0000027e07d2f564: 0f1f 8400 | 5483 0096 | ba45 ffff | ff44 8b44 | 242c 4489 | 4424 204c | 8b54 2440 | 4c89 5424 
  0x0000027e07d2f584: 304c 8b54 | 2448 4c89 | 5424 384c | 8b54 2458 | 4c89 5424 | 404c 8b94 | 24d8 0000 | 004c 8954 
  0x0000027e07d2f5a4: 2448 4c8b | 5424 604c | 8954 2450 | 4c8b 9424 | 9000 0000 | 4c89 5424 | 584c 8974 | 2460 4c8b 
  0x0000027e07d2f5c4: 9424 8800 | 0000 4c89 | 5424 7844 | 8b84 24b0 | 0000 0044 | 8944 2424 | 4c89 9c24 | 8000 0000 
  0x0000027e07d2f5e4: 4c89 8c24 | 9000 0000 | 4889 9c24 | 9800 0000 | 4c89 8c24 | a000 0000 | 4c89 b424 | b000 0000 
  0x0000027e07d2f604: ;   {runtime_call UncommonTrapBlob}
  0x0000027e07d2f604: c5f8 77e8 

  0x0000027e07d2f608: ; ImmutableOopMap {[36]=NarrowOop [64]=Oop [72]=Oop [80]=Oop [88]=Oop [96]=Oop [128]=Oop [144]=Oop [152]=Oop [160]=Oop [176]=Oop [184]=Oop }
                      ;*ifnull {reexecute=1 rethrow=0 return_oop=0}
                      ; - (reexecute) java.net.URLClassLoader::getAndVerifyPackage@62
                      ; - java.net.URLClassLoader::defineClass@46
                      ; - java.net.URLClassLoader$1::run@43
                      ; - java.net.URLClassLoader$1::run@1
                      ; - java.security.AccessController::executePrivileged@29
                      ; - java.security.AccessController::doPrivileged@13
                      ; - java.net.URLClassLoader::findClass@13
                      ; - java.lang.ClassLoader::loadClass@69
  0x0000027e07d2f608: f484 85ff 

  0x0000027e07d2f60c: ;   {other}
  0x0000027e07d2f60c: 0f1f 8400 | fc83 0097 | ba45 ffff | ff8b 7c24 | 2c89 7c24 | 2848 8b4c | 2440 4889 | 4c24 3848 
  0x0000027e07d2f62c: 8b4c 2448 | 4889 4c24 | 4048 8b4c | 2458 4889 | 4c24 4848 | 8b8c 24d8 | 0000 0048 | 894c 2450 
  0x0000027e07d2f64c: 488b 4c24 | 6048 894c | 2458 488b | 8c24 9000 | 0000 4889 | 4c24 604c | 8974 2468 | 488b 8c24 
  0x0000027e07d2f66c: b800 0000 | 4889 4c24 | 7848 8b8c | 2488 0000 | 0048 898c | 2480 0000 | 008b bc24 | b000 0000 
  0x0000027e07d2f68c: 897c 242c | 4c89 9c24 | 9800 0000 | 4889 9c24 | a000 0000 | 4c89 8c24 | a800 0000 | 4c89 8c24 
  0x0000027e07d2f6ac: b000 0000 | 4c89 b424 | c000 0000 | 4489 9424 | c800 0000 | 4889 b424 | d000 0000 | 4489 8424 
  0x0000027e07d2f6cc: cc00 0000 

  0x0000027e07d2f6d0: ;   {runtime_call UncommonTrapBlob}
  0x0000027e07d2f6d0: c5f8 77e8 

  0x0000027e07d2f6d4: ; ImmutableOopMap {rbp=Oop [44]=NarrowOop [72]=Oop [80]=Oop [88]=Oop [96]=Oop [104]=Oop [120]=Oop [152]=Oop [160]=Oop [168]=Oop [176]=Oop [192]=Oop [200]=NarrowOop }
                      ;*if_icmpne {reexecute=1 rethrow=0 return_oop=0}
                      ; - (reexecute) java.lang.StringConcatHelper::mix@13
                      ; - java.lang.StringConcatHelper::simpleConcat@46
                      ; - java.lang.String::concat@11
                      ; - java.net.URLClassLoader::isSealed@15
                      ; - java.net.URLClassLoader::getAndVerifyPackage@68
                      ; - java.net.URLClassLoader::defineClass@46
                      ; - java.net.URLClassLoader$1::run@43
                      ; - java.net.URLClassLoader$1::run@1
                      ; - java.security.AccessController::executePrivileged@29
                      ; - java.security.AccessController::doPrivileged@13
                      ; - java.net.URLClassLoader::findClass@13
                      ; - java.lang.ClassLoader::loadClass@69
  0x0000027e07d2f6d4: 2884 85ff 

  0x0000027e07d2f6d8: ;   {other}
  0x0000027e07d2f6d8: 0f1f 8400 | c884 0098 | ba45 ffff | ff44 8b5c | 242c 4489 | 5c24 204c | 8b54 2440 | 4c89 5424 
  0x0000027e07d2f6f8: 304c 8b54 | 2448 4c89 | 5424 384c | 8b54 2458 | 4c89 5424 | 404c 8b94 | 24d8 0000 | 004c 8954 
  0x0000027e07d2f718: 2448 4c8b | 5424 604c | 8954 2450 | 4c8b 9424 | 9000 0000 | 4c89 5424 | 584c 8974 | 2460 4c8b 
  0x0000027e07d2f738: 9424 b800 | 0000 4c89 | 5424 704c | 8b94 2488 | 0000 004c | 8954 2478 | 448b 9c24 | b000 0000 
  0x0000027e07d2f758: 4489 5c24 | 244c 8b94 | 2498 0000 | 004c 8994 | 2480 0000 | 0048 899c | 2498 0000 | 004c 898c 
  0x0000027e07d2f778: 24a0 0000 | 004c 89b4 | 24b8 0000 | 0044 8b94 | 24c8 0000 | 0044 8994 | 24c0 0000 | 004c 8b94 
  0x0000027e07d2f798: 24d0 0000 | 004c 8994 | 24c8 0000 | 0048 89b4 | 24d0 0000 | 0044 8984 | 24c4 0000 | 0066 6690 
  0x0000027e07d2f7b8: ;   {runtime_call UncommonTrapBlob}
  0x0000027e07d2f7b8: c5f8 77e8 

  0x0000027e07d2f7bc: ; ImmutableOopMap {[36]=NarrowOop [64]=Oop [72]=Oop [80]=Oop [88]=Oop [96]=Oop [112]=Oop [128]=Oop [152]=Oop [160]=Oop [168]=Oop [184]=Oop [192]=NarrowOop [200]=Oop }
                      ;*ifge {reexecute=1 rethrow=0 return_oop=0}
                      ; - (reexecute) java.lang.StringConcatHelper::newArray@13
                      ; - java.lang.StringConcatHelper::simpleConcat@61
                      ; - java.lang.String::concat@11
                      ; - java.net.URLClassLoader::isSealed@15
                      ; - java.net.URLClassLoader::getAndVerifyPackage@68
                      ; - java.net.URLClassLoader::defineClass@46
                      ; - java.net.URLClassLoader$1::run@43
                      ; - java.net.URLClassLoader$1::run@1
                      ; - java.security.AccessController::executePrivileged@29
                      ; - java.security.AccessController::doPrivileged@13
                      ; - java.net.URLClassLoader::findClass@13
                      ; - java.lang.ClassLoader::loadClass@69
  0x0000027e07d2f7bc: 4083 85ff 

  0x0000027e07d2f7c0: ;   {other}
  0x0000027e07d2f7c0: 0f1f 8400 | b085 0099 | ba45 ffff | ff8b 4c24 | 2c89 4c24 | 204c 8b54 | 2440 4c89 | 5424 304c 
  0x0000027e07d2f7e0: 8b54 2448 | 4c89 5424 | 384c 8b54 | 2458 4c89 | 5424 404c | 8b94 24d8 | 0000 004c | 8954 2448 
  0x0000027e07d2f800: 4c8b 5424 | 604c 8954 | 2450 4c8b | 9424 9000 | 0000 4c89 | 5424 584c | 8974 2460 | 4c8b 9424 
  0x0000027e07d2f820: b800 0000 | 4c89 5424 | 704c 8b94 | 2488 0000 | 004c 8954 | 2478 448b | 9424 b000 | 0000 4489 
  0x0000027e07d2f840: 5424 244c | 899c 2490 | 0000 0048 | 899c 2498 | 0000 004c | 898c 24a0 | 0000 004c | 898c 24a8 
  0x0000027e07d2f860: 0000 004c | 89b4 24b8 | 0000 0048 | 8984 24c0 | 0000 0044 | 8984 24c8 | 0000 0090 

  0x0000027e07d2f87c: ;   {runtime_call UncommonTrapBlob}
  0x0000027e07d2f87c: c5f8 77e8 

  0x0000027e07d2f880: ; ImmutableOopMap {[36]=NarrowOop [64]=Oop [72]=Oop [80]=Oop [88]=Oop [96]=Oop [112]=Oop [144]=Oop [152]=Oop [160]=Oop [168]=Oop [184]=Oop [192]=Oop }
                      ;*ifle {reexecute=1 rethrow=0 return_oop=0}
                      ; - (reexecute) java.util.HashMap::getNode@14
                      ; - java.util.HashMap::get@2
                      ; - java.util.jar.Manifest::getAttributes@5
                      ; - java.util.jar.Manifest::getTrustedAttributes@2
                      ; - java.util.jar.JavaUtilJarAccessImpl::getTrustedAttributes@2
                      ; - java.net.URLClassLoader::isSealed@18
                      ; - java.net.URLClassLoader::getAndVerifyPackage@68
                      ; - java.net.URLClassLoader::defineClass@46
                      ; - java.net.URLClassLoader$1::run@43
                      ; - java.net.URLClassLoader$1::run@1
                      ; - java.security.AccessController::executePrivileged@29
                      ; - java.security.AccessController::doPrivileged@13
                      ; - java.net.URLClassLoader::findClass@13
                      ; - java.lang.ClassLoader::loadClass@69
  0x0000027e07d2f880: 7c82 85ff 

  0x0000027e07d2f884: ;   {other}
  0x0000027e07d2f884: 0f1f 8400 | 7486 009a | ba45 ffff | ff44 8b54 | 242c 4489 | 5424 204c | 8b54 2440 | 4c89 5424 
  0x0000027e07d2f8a4: 304c 8b54 | 2448 4c89 | 5424 384c | 8b54 2458 | 4c89 5424 | 404c 8b94 | 24d8 0000 | 004c 8954 
  0x0000027e07d2f8c4: 2448 4c8b | 5424 604c | 8954 2450 | 4c8b 9424 | 9000 0000 | 4c89 5424 | 584c 8974 | 2460 4c8b 
  0x0000027e07d2f8e4: 9424 b800 | 0000 4c89 | 5424 704c | 8b94 2488 | 0000 004c | 8954 2478 | 448b 8424 | b000 0000 
  0x0000027e07d2f904: 4489 4424 | 244c 898c | 2488 0000 | 004c 899c | 2490 0000 | 0048 899c | 2498 0000 | 004c 89b4 
  0x0000027e07d2f924: 24a8 0000 | 0048 89bc | 24b0 0000 | 0089 8424 | b800 0000 

  0x0000027e07d2f938: ;   {runtime_call UncommonTrapBlob}
  0x0000027e07d2f938: c5f8 77e8 

  0x0000027e07d2f93c: ; ImmutableOopMap {[36]=NarrowOop [64]=Oop [72]=Oop [80]=Oop [88]=Oop [96]=Oop [112]=Oop [136]=Oop [144]=Oop [152]=Oop [168]=Oop [176]=Oop }
                      ;*ifle {reexecute=1 rethrow=0 return_oop=0}
                      ; - (reexecute) java.util.HashMap::getNode@14
                      ; - java.util.LinkedHashMap::get@2
                      ; - java.util.jar.Attributes::get@5
                      ; - java.util.jar.Attributes::getValue@2
                      ; - java.net.URLClassLoader::isSealed@58
                      ; - java.net.URLClassLoader::getAndVerifyPackage@68
                      ; - java.net.URLClassLoader::defineClass@46
                      ; - java.net.URLClassLoader$1::run@43
                      ; - java.net.URLClassLoader$1::run@1
                      ; - java.security.AccessController::executePrivileged@29
                      ; - java.security.AccessController::doPrivileged@13
                      ; - java.net.URLClassLoader::findClass@13
                      ; - java.lang.ClassLoader::loadClass@69
  0x0000027e07d2f93c: c081 85ff 

  0x0000027e07d2f940: ;   {other}
  0x0000027e07d2f940: 0f1f 8400 | 3087 009b | ba3f 0000 | 0044 8b5c | 242c 4489 | 5c24 204c | 8b54 2440 | 4c89 5424 
  0x0000027e07d2f960: 304c 8b54 | 2448 4c89 | 5424 384c | 8b54 2458 | 4c89 5424 | 404c 8b54 | 2470 4c89 | 5424 484c 
  0x0000027e07d2f980: 8b54 2460 | 4c89 5424 | 504c 8b94 | 2490 0000 | 004c 8954 | 2458 4c8b | 9424 b800 | 0000 4c89 
  0x0000027e07d2f9a0: 5424 704c | 8b94 2488 | 0000 004c | 8954 2478 | 448b 9424 | b000 0000 | 4489 5424 | 244c 8b94 
  0x0000027e07d2f9c0: 2498 0000 | 004c 8994 | 2480 0000 | 004c 8b94 | 24a8 0000 | 004c 8994 | 2498 0000 | 0066 6690 
  0x0000027e07d2f9e0: ;   {runtime_call UncommonTrapBlob}
  0x0000027e07d2f9e0: c5f8 77e8 

  0x0000027e07d2f9e4: ; ImmutableOopMap {rbp=Oop [36]=NarrowOop [64]=Oop [72]=Oop [80]=Oop [88]=Oop [112]=Oop [128]=Oop [152]=Oop [160]=Oop [192]=Oop }
                      ;*new {reexecute=0 rethrow=0 return_oop=0}
                      ; - java.util.jar.Manifest::getTrustedAttributes@28
                      ; - java.util.jar.JavaUtilJarAccessImpl::getTrustedAttributes@2
                      ; - java.net.URLClassLoader::isSealed@18
                      ; - java.net.URLClassLoader::getAndVerifyPackage@68
                      ; - java.net.URLClassLoader::defineClass@46
                      ; - java.net.URLClassLoader$1::run@43
                      ; - java.net.URLClassLoader$1::run@1
                      ; - java.security.AccessController::executePrivileged@29
                      ; - java.security.AccessController::doPrivileged@13
                      ; - java.net.URLClassLoader::findClass@13
                      ; - java.lang.ClassLoader::loadClass@69
  0x0000027e07d2f9e4: 1881 85ff 

  0x0000027e07d2f9e8: ;   {other}
  0x0000027e07d2f9e8: 0f1f 8400 | d887 009c | baf6 ffff | ff44 8b44 | 242c 4489 | 4424 204c | 8b44 2440 | 4c89 4424 
  0x0000027e07d2fa08: 304c 8b44 | 2448 4c89 | 4424 384c | 8b44 2458 | 4c89 4424 | 404c 8b84 | 24d8 0000 | 004c 8944 
  0x0000027e07d2fa28: 2448 4c8b | 4424 604c | 8944 2450 | 4c8b 8424 | 9000 0000 | 4c89 4424 | 584c 8974 | 2460 4c8b 
  0x0000027e07d2fa48: 8424 8800 | 0000 4c89 | 4424 784c | 898c 2488 | 0000 004c | 899c 2490 | 0000 004c | 89b4 24a0 
  0x0000027e07d2fa68: 0000 004c | 8994 24a8 | 0000 0090 

  0x0000027e07d2fa74: ;   {runtime_call UncommonTrapBlob}
  0x0000027e07d2fa74: c5f8 77e8 

  0x0000027e07d2fa78: ; ImmutableOopMap {[64]=Oop [72]=Oop [80]=Oop [88]=Oop [96]=Oop [136]=Oop [144]=Oop [160]=Oop [168]=Oop [176]=NarrowOop [184]=Oop }
                      ;*invokevirtual compute {reexecute=0 rethrow=0 return_oop=0}
                      ; - java.lang.ClassLoader::definePackage@78
                      ; - java.lang.ClassLoader::getDefinedPackage@32
                      ; - java.net.URLClassLoader::getAndVerifyPackage@2
                      ; - java.net.URLClassLoader::defineClass@46
                      ; - java.net.URLClassLoader$1::run@43
                      ; - java.net.URLClassLoader$1::run@1
                      ; - java.security.AccessController::executePrivileged@29
                      ; - java.security.AccessController::doPrivileged@13
                      ; - java.net.URLClassLoader::findClass@13
                      ; - java.lang.ClassLoader::loadClass@69
  0x0000027e07d2fa78: 8480 85ff 

  0x0000027e07d2fa7c: ;   {other}
  0x0000027e07d2fa7c: 0f1f 8400 | 6c88 009d | 4963 cbe9 | 7b8d ffff | 4883 c1fe | 498b f948 | 33c0 4883 | f908 7f10 
  0x0000027e07d2fa9c: 48ff c978 | 5648 8904 | cf48 ffc9 | 7df7 eb4b | c5fd efc0 | e90d 0000 | 00c5 fe7f | 07c5 fe7f 
  0x0000027e07d2fabc: 4720 4883 | c740 4883 | e908 7ded | 4883 c104 | 7c0c c5fe | 7f07 4883 | c720 4883 | e904 4883 
  0x0000027e07d2fadc: c104 7e17 | 48c7 c0ff | ffff ffc4 | e2f0 f5c0 | c4e1 fb92 | f862 f1fe | 2f7f 07e9 | e48d ffff 
  0x0000027e07d2fafc: bacc ffff | ff48 8bac | 24e0 0000 | 0044 8b54 | 242c 4489 | 5424 204c | 8b54 2440 | 4c89 5424 
  0x0000027e07d2fb1c: 304c 8b54 | 2448 4c89 | 5424 384c | 8b54 2458 | 4c89 5424 | 404c 8b94 | 24d8 0000 | 004c 8954 
  0x0000027e07d2fb3c: 2448 4c8b | 5424 604c | 8954 2450 | 4c8b 9424 | 9000 0000 | 4c89 5424 | 584c 8b94 | 2488 0000 
  0x0000027e07d2fb5c: 004c 8954 | 2478 4489 | 8c24 8000 | 0000 4489 | 9c24 8800 | 0000 4889 | 9c24 a800 

  0x0000027e07d2fb78: ;   {no_reloc}
  0x0000027e07d2fb78: 0000 6690 

  0x0000027e07d2fb7c: ;   {runtime_call UncommonTrapBlob}
  0x0000027e07d2fb7c: c5f8 77e8 

  0x0000027e07d2fb80: ; ImmutableOopMap {rbp=Oop [64]=Oop [72]=Oop [80]=Oop [88]=Oop [128]=NarrowOop [168]=Oop [176]=NarrowOop }
                      ;*newarray {reexecute=1 rethrow=0 return_oop=0}
                      ; - (reexecute) java.util.Arrays::copyOfRangeByte@10
                      ; - java.util.Arrays::copyOfRange@13
                      ; - java.lang.StringLatin1::newString@16
                      ; - java.lang.String::substring@41
                      ; - java.net.URLClassLoader::defineClass@28
                      ; - java.net.URLClassLoader$1::run@43
                      ; - java.net.URLClassLoader$1::run@1
                      ; - java.security.AccessController::executePrivileged@29
                      ; - java.security.AccessController::doPrivileged@13
                      ; - java.net.URLClassLoader::findClass@13
                      ; - java.lang.ClassLoader::loadClass@69
  0x0000027e07d2fb80: 7c7f 85ff 

  0x0000027e07d2fb84: ;   {other}
  0x0000027e07d2fb84: 0f1f 8400 | 7489 009e | 33ed eb02 | 8be8 ba45 | ffff ff44 | 8b5c 242c | 4489 5c24 | 284c 8b5c 
  0x0000027e07d2fba4: 2440 4c89 | 5c24 384c | 8b5c 2448 | 4c89 5c24 | 404c 8b5c | 2458 4c89 | 5c24 484c | 8b5c 2460 
  0x0000027e07d2fbc4: 4c89 5c24 | 5848 ffb4 | 2490 0000 | 0048 8f44 | 2460 4c89 | 7424 684c | 894c 2470 | 48ff b424 
  0x0000027e07d2fbe4: b800 0000 | 488f 4424 | 784c 8b94 | 2488 0000 | 004c 8994 | 2480 0000 | 004c 89b4 | 2498 0000 
  0x0000027e07d2fc04: 00c5 fb11 | 8424 a000 | 0000 c5fb | 119c 24a8 | 0000 00c5 | fb11 8424 | c000 0000 | 4c89 8c24 
  0x0000027e07d2fc24: d000 0000 | c5fa 11a4 | 24b4 0000 | 00c5 fa11 | bc24 e000 | 0000 c5fa | 11ac 24e4 | 0000 0090 
  0x0000027e07d2fc44: ;   {runtime_call UncommonTrapBlob}
  0x0000027e07d2fc44: c5f8 77e8 

  0x0000027e07d2fc48: ; ImmutableOopMap {[72]=Oop [88]=Oop [96]=Oop [104]=Oop [112]=Oop [120]=Oop [152]=Oop [160]=Oop [168]=Oop [176]=NarrowOop [180]=NarrowOop [192]=Oop [208]=Oop [224]=NarrowOop }
                      ;*ifeq {reexecute=1 rethrow=0 return_oop=0}
                      ; - (reexecute) java.util.concurrent.ConcurrentHashMap::get@76
                      ; - java.lang.ClassLoader::definePackage@47
                      ; - java.lang.ClassLoader::getDefinedPackage@32
                      ; - java.net.URLClassLoader::getAndVerifyPackage@2
                      ; - java.net.URLClassLoader::defineClass@46
                      ; - java.net.URLClassLoader$1::run@43
                      ; - java.net.URLClassLoader$1::run@1
                      ; - java.security.AccessController::executePrivileged@29
                      ; - java.security.AccessController::doPrivileged@13
                      ; - java.net.URLClassLoader::findClass@13
                      ; - java.lang.ClassLoader::loadClass@69
  0x0000027e07d2fc48: b47e 85ff 

  0x0000027e07d2fc4c: ;   {other}
  0x0000027e07d2fc4c: 0f1f 8400 | 3c8a 009f | ba45 ffff | ff44 8b54 | 242c 4489 | 5424 204c | 8b54 2440 | 4c89 5424 
  0x0000027e07d2fc6c: 304c 8b54 | 2448 4c89 | 5424 384c | 8b54 2458 | 4c89 5424 | 404c 8b54 | 2468 4c89 | 5424 484c 
  0x0000027e07d2fc8c: 8b54 2460 | 4c89 5424 | 504c 8b94 | 2490 0000 | 004c 8954 | 2458 4c8b | 9424 b800 | 0000 4c89 
  0x0000027e07d2fcac: 5424 704c | 8b94 2488 | 0000 004c | 8954 2478 | 448b 9424 | b000 0000 | 4489 5424 | 244c 8b94 
  0x0000027e07d2fccc: 2498 0000 | 004c 8994 | 2480 0000 | 004c 8b94 | 24a0 0000 | 004c 8994 | 2488 0000 | 004c 8b94 
  0x0000027e07d2fcec: 24a8 0000 | 004c 8994 | 2498 0000 | 0048 8984 | 24b8 0000 | 0066 6690 

  0x0000027e07d2fd04: ;   {runtime_call UncommonTrapBlob}
  0x0000027e07d2fd04: c5f8 77e8 

  0x0000027e07d2fd08: ; ImmutableOopMap {rbp=Oop [36]=NarrowOop [64]=Oop [72]=Oop [80]=Oop [88]=Oop [112]=Oop [128]=Oop [136]=Oop [152]=Oop [184]=Oop }
                      ;*ifnonnull {reexecute=1 rethrow=0 return_oop=0}
                      ; - (reexecute) java.net.URLClassLoader::isSealed@42
                      ; - java.net.URLClassLoader::getAndVerifyPackage@68
                      ; - java.net.URLClassLoader::defineClass@46
                      ; - java.net.URLClassLoader$1::run@43
                      ; - java.net.URLClassLoader$1::run@1
                      ; - java.security.AccessController::executePrivileged@29
                      ; - java.security.AccessController::doPrivileged@13
                      ; - java.net.URLClassLoader::findClass@13
                      ; - java.lang.ClassLoader::loadClass@69
  0x0000027e07d2fd08: f47d 85ff 

  0x0000027e07d2fd0c: ;   {other}
  0x0000027e07d2fd0c: 0f1f 8400 | fc8a 00a0 | ba45 ffff | ff8b 4c24 | 2c89 4c24 | 2848 8b4c | 2440 4889 | 4c24 3848 
  0x0000027e07d2fd2c: 8b4c 2448 | 4889 4c24 | 4048 8b4c | 2458 4889 | 4c24 4848 | 8b8c 24d8 | 0000 0048 | 894c 2450 
  0x0000027e07d2fd4c: 488b 4c24 | 6048 894c | 2458 488b | 8c24 9000 | 0000 4889 | 4c24 604c | 8974 2468 | 488b 8c24 
  0x0000027e07d2fd6c: b800 0000 | 4889 4c24 | 7848 8b8c | 2488 0000 | 0048 898c | 2480 0000 | 004c 89b4 | 2498 0000 
  0x0000027e07d2fd8c: 004c 899c | 24a0 0000 | 004c 898c | 24a8 0000 | 004c 899c | 24c0 0000 | 0044 8984 | 24b4 0000 
  0x0000027e07d2fdac: 0044 8994 | 24e0 0000 | 0089 9c24 | e400 0000 

  0x0000027e07d2fdbc: ;   {runtime_call UncommonTrapBlob}
  0x0000027e07d2fdbc: c5f8 77e8 

  0x0000027e07d2fdc0: ; ImmutableOopMap {[72]=Oop [80]=Oop [88]=Oop [96]=Oop [104]=Oop [120]=Oop [152]=Oop [160]=Oop [168]=Oop [176]=NarrowOop [180]=NarrowOop [192]=Oop }
                      ;*if_icmpne {reexecute=1 rethrow=0 return_oop=0}
                      ; - (reexecute) java.lang.String::equals@33
                      ; - java.util.concurrent.ConcurrentHashMap::get@73
                      ; - java.lang.ClassLoader::getDefinedPackage@13
                      ; - java.net.URLClassLoader::getAndVerifyPackage@2
                      ; - java.net.URLClassLoader::defineClass@46
                      ; - java.net.URLClassLoader$1::run@43
                      ; - java.net.URLClassLoader$1::run@1
                      ; - java.security.AccessController::executePrivileged@29
                      ; - java.security.AccessController::doPrivileged@13
                      ; - java.net.URLClassLoader::findClass@13
                      ; - java.lang.ClassLoader::loadClass@69
  0x0000027e07d2fdc0: 3c7d 85ff 

  0x0000027e07d2fdc4: ;   {other}
  0x0000027e07d2fdc4: 0f1f 8400 | b48b 00a1 | ba45 ffff | ff44 8b54 | 242c 4489 | 5424 284c | 8b54 2440 | 4c89 5424 
  0x0000027e07d2fde4: 384c 8b54 | 2448 4c89 | 5424 404c | 8b54 2458 | 4c89 5424 | 484c 8b94 | 24d8 0000 | 004c 8954 
  0x0000027e07d2fe04: 2450 4c8b | 5424 604c | 8954 2458 | 4c8b 9424 | 9000 0000 | 4c89 5424 | 604c 8974 | 2468 4c8b 
  0x0000027e07d2fe24: 9424 b800 | 0000 4c89 | 5424 784c | 8b94 2488 | 0000 004c | 8994 2480 | 0000 0044 | 8b94 24b0 
  0x0000027e07d2fe44: 0000 0044 | 8954 242c | 4c89 8c24 | 9000 0000 | 4c89 9c24 | 9800 0000 | 4889 9c24 | a000 0000 
  0x0000027e07d2fe64: 4c89 b424 | b000 0000 | 4889 bc24 | b800 0000 | 4889 b424 | c000 0000 

  0x0000027e07d2fe7c: ;   {runtime_call UncommonTrapBlob}
  0x0000027e07d2fe7c: c5f8 77e8 

  0x0000027e07d2fe80: ; ImmutableOopMap {[44]=NarrowOop [72]=Oop [80]=Oop [88]=Oop [96]=Oop [104]=Oop [120]=Oop [144]=Oop [152]=Oop [160]=Oop [176]=Oop [184]=Oop [192]=Oop }
                      ;*ifeq {reexecute=1 rethrow=0 return_oop=0}
                      ; - (reexecute) java.util.LinkedHashMap::get@16
                      ; - java.util.jar.Attributes::get@5
                      ; - java.util.jar.Attributes::getValue@2
                      ; - java.net.URLClassLoader::isSealed@58
                      ; - java.net.URLClassLoader::getAndVerifyPackage@68
                      ; - java.net.URLClassLoader::defineClass@46
                      ; - java.net.URLClassLoader$1::run@43
                      ; - java.net.URLClassLoader$1::run@1
                      ; - java.security.AccessController::executePrivileged@29
                      ; - java.security.AccessController::doPrivileged@13
                      ; - java.net.URLClassLoader::findClass@13
                      ; - java.lang.ClassLoader::loadClass@69
  0x0000027e07d2fe80: 7c7c 85ff 

  0x0000027e07d2fe84: ;   {other}
  0x0000027e07d2fe84: 0f1f 8400 | 748c 00a2 | ba45 ffff | ff8b 5c24 | 2c89 5c24 | 2848 8b4c | 2440 4889 | 4c24 3848 
  0x0000027e07d2fea4: 8b4c 2448 | 4889 4c24 | 4048 8b4c | 2458 4889 | 4c24 4848 | 8b8c 24d8 | 0000 0048 | 894c 2450 
  0x0000027e07d2fec4: 488b 4c24 | 6048 894c | 2458 488b | 8c24 9000 | 0000 4889 | 4c24 604c | 8974 2468 | 488b 8c24 
  0x0000027e07d2fee4: b800 0000 | 4889 4c24 | 7848 8b8c | 2488 0000 | 0048 898c | 2480 0000 | 004c 89b4 | 2498 0000 
  0x0000027e07d2ff04: 004c 899c | 24a0 0000 | 004c 898c | 24a8 0000 | 004c 899c | 24c0 0000 | 0044 8984 | 24b4 0000 
  0x0000027e07d2ff24: 0044 8994 | 24e0 0000 | 0066 6690 

  0x0000027e07d2ff30: ;   {runtime_call UncommonTrapBlob}
  0x0000027e07d2ff30: c5f8 77e8 

  0x0000027e07d2ff34: ; ImmutableOopMap {[72]=Oop [80]=Oop [88]=Oop [96]=Oop [104]=Oop [120]=Oop [152]=Oop [160]=Oop [168]=Oop [176]=NarrowOop [180]=NarrowOop [192]=Oop }
                      ;*ifge {reexecute=1 rethrow=0 return_oop=0}
                      ; - (reexecute) java.util.concurrent.ConcurrentHashMap::get@86
                      ; - java.lang.ClassLoader::getDefinedPackage@13
                      ; - java.net.URLClassLoader::getAndVerifyPackage@2
                      ; - java.net.URLClassLoader::defineClass@46
                      ; - java.net.URLClassLoader$1::run@43
                      ; - java.net.URLClassLoader$1::run@1
                      ; - java.security.AccessController::executePrivileged@29
                      ; - java.security.AccessController::doPrivileged@13
                      ; - java.net.URLClassLoader::findClass@13
                      ; - java.lang.ClassLoader::loadClass@69
  0x0000027e07d2ff34: c87b 85ff 

  0x0000027e07d2ff38: ;   {other}
  0x0000027e07d2ff38: 0f1f 8400 | 288d 00a3 | ba45 ffff | ff8b 4c24 | 2c89 4c24 | 2848 8b4c | 2440 4889 | 4c24 3848 
  0x0000027e07d2ff58: 8b4c 2448 | 4889 4c24 | 4048 8b4c | 2458 4889 | 4c24 4848 | 8b8c 24d8 | 0000 0048 | 894c 2450 
  0x0000027e07d2ff78: 488b 4c24 | 6048 894c | 2458 488b | 8c24 9000 | 0000 4889 | 4c24 604c | 8974 2468 | 488b 8c24 
  0x0000027e07d2ff98: b800 0000 | 4889 4c24 | 7848 8b8c | 2488 0000 | 0048 898c | 2480 0000 | 004c 89b4 | 2498 0000 
  0x0000027e07d2ffb8: 004c 899c | 24a0 0000 | 004c 898c | 24a8 0000 | 004c 899c | 24c0 0000 | 0089 bc24 | b400 0000 
  0x0000027e07d2ffd8: 4489 8424 | e000 0000 | 4489 9424 | e400 0000 | 89b4 24e8 | 0000 0090 

  0x0000027e07d2fff0: ;   {runtime_call UncommonTrapBlob}
  0x0000027e07d2fff0: c5f8 77e8 

  0x0000027e07d2fff4: ; ImmutableOopMap {[72]=Oop [80]=Oop [88]=Oop [96]=Oop [104]=Oop [120]=Oop [152]=Oop [160]=Oop [168]=Oop [176]=NarrowOop [180]=NarrowOop [192]=Oop [224]=NarrowOop }
                      ;*if_icmpne {reexecute=1 rethrow=0 return_oop=0}
                      ; - (reexecute) java.lang.String::equals@33
                      ; - java.util.concurrent.ConcurrentHashMap::get@73
                      ; - java.lang.ClassLoader::definePackage@47
                      ; - java.lang.ClassLoader::getDefinedPackage@32
                      ; - java.net.URLClassLoader::getAndVerifyPackage@2
                      ; - java.net.URLClassLoader::defineClass@46
                      ; - java.net.URLClassLoader$1::run@43
                      ; - java.net.URLClassLoader$1::run@1
                      ; - java.security.AccessController::executePrivileged@29
                      ; - java.security.AccessController::doPrivileged@13
                      ; - java.net.URLClassLoader::findClass@13
                      ; - java.lang.ClassLoader::loadClass@69
  0x0000027e07d2fff4: 087b 85ff 

  0x0000027e07d2fff8: ;   {other}
  0x0000027e07d2fff8: 0f1f 8400 | e88d 00a4 | ba45 ffff | ff8b 4c24 | 2c89 4c24 | 2848 8b4c | 2440 4889 | 4c24 3848 
  0x0000027e07d30018: 8b4c 2448 | 4889 4c24 | 4048 8b4c | 2458 4889 | 4c24 4848 | 8b8c 24d8 | 0000 0048 | 894c 2450 
  0x0000027e07d30038: 488b 4c24 | 6048 894c | 2458 488b | 8c24 9000 | 0000 4889 | 4c24 604c | 8974 2468 | 488b 8c24 
  0x0000027e07d30058: b800 0000 | 4889 4c24 | 7848 8b8c | 2488 0000 | 0048 898c | 2480 0000 | 004c 89b4 | 2498 0000 
  0x0000027e07d30078: 004c 899c | 24a0 0000 | 004c 898c | 24a8 0000 | 004c 899c | 24c0 0000 | 0089 bc24 | b400 0000 
  0x0000027e07d30098: 4489 8424 | e000 0000 | 4489 9424 | e400 0000 

  0x0000027e07d300a8: ;   {runtime_call UncommonTrapBlob}
  0x0000027e07d300a8: c5f8 77e8 

  0x0000027e07d300ac: ; ImmutableOopMap {[72]=Oop [80]=Oop [88]=Oop [96]=Oop [104]=Oop [120]=Oop [152]=Oop [160]=Oop [168]=Oop [176]=NarrowOop [180]=NarrowOop [192]=Oop [224]=NarrowOop }
                      ;*ifge {reexecute=1 rethrow=0 return_oop=0}
                      ; - (reexecute) java.util.concurrent.ConcurrentHashMap::get@86
                      ; - java.lang.ClassLoader::definePackage@47
                      ; - java.lang.ClassLoader::getDefinedPackage@32
                      ; - java.net.URLClassLoader::getAndVerifyPackage@2
                      ; - java.net.URLClassLoader::defineClass@46
                      ; - java.net.URLClassLoader$1::run@43
                      ; - java.net.URLClassLoader$1::run@1
                      ; - java.security.AccessController::executePrivileged@29
                      ; - java.security.AccessController::doPrivileged@13
                      ; - java.net.URLClassLoader::findClass@13
                      ; - java.lang.ClassLoader::loadClass@69
  0x0000027e07d300ac: 507a 85ff 

  0x0000027e07d300b0: ;   {other}
  0x0000027e07d300b0: 0f1f 8400 | a08e 00a5 | bade ffff | ff44 8b5c | 242c 4489 | 5c24 204c | 8b5c 2440 | 4c89 5c24 
  0x0000027e07d300d0: 304c 8b5c | 2448 4c89 | 5c24 384c | 8b5c 2458 | 4c89 5c24 | 404c 8b5c | 2470 4c89 | 5c24 484c 
  0x0000027e07d300f0: 8b5c 2460 | 4c89 5c24 | 504c 8b9c | 2490 0000 | 004c 895c | 2458 4c8b | 5c24 784c | 895c 2470 
  0x0000027e07d30110: 4c8b 9c24 | 8800 0000 | 4c89 5c24 | 7844 8b9c | 2498 0000 | 0044 895c | 2424 4c89 | 8424 b800 
  0x0000027e07d30130: 0000 4c89 | 9424 c000 | 0000 6690 

  0x0000027e07d3013c: ;   {runtime_call UncommonTrapBlob}
  0x0000027e07d3013c: c5f8 77e8 

  0x0000027e07d30140: ; ImmutableOopMap {rbp=Oop [36]=NarrowOop [64]=Oop [72]=Oop [80]=Oop [88]=Oop [112]=Oop [160]=Oop [168]=Oop [184]=Oop [192]=Oop [256]=Oop }
                      ;*invokevirtual getName {reexecute=0 rethrow=0 return_oop=0}
                      ; - java.util.jar.JarFile::getManifestFromReference@74
                      ; - java.util.jar.JarFile::getManifest@1
                      ; - jdk.internal.loader.URLClassPath$JarLoader$2::getManifest@22
                      ; - java.net.URLClassLoader::defineClass@34
                      ; - java.net.URLClassLoader$1::run@43
                      ; - java.net.URLClassLoader$1::run@1
                      ; - java.security.AccessController::executePrivileged@29
                      ; - java.security.AccessController::doPrivileged@13
                      ; - java.net.URLClassLoader::findClass@13
                      ; - java.lang.ClassLoader::loadClass@69
  0x0000027e07d30140: bc79 85ff 

  0x0000027e07d30144: ;   {other}
  0x0000027e07d30144: 0f1f 8400 | 348f 00a6 | ba0f 0000 | 004c 8b54 | 2430 4c89 | 5424 2044 | 8b5c 242c | 4489 5c24 
  0x0000027e07d30164: 284c 8b54 | 2440 4c89 | 5424 384c | 8b54 2448 | 4c89 5424 | 404c 8b54 | 2458 4c89 | 5424 484c 
  0x0000027e07d30184: 8b54 2470 | 4c89 5424 | 504c 8b54 | 2460 4c89 | 5424 584c | 8b94 2490 | 0000 004c | 8954 2460 
  0x0000027e07d301a4: 4c8b 9424 | 8800 0000 | 4c89 9424 | 8000 0000 | 448b 9c24 | 9800 0000 | 4489 5c24 | 2c66 6690 
  0x0000027e07d301c4: ;   {runtime_call UncommonTrapBlob}
  0x0000027e07d301c4: c5f8 77e8 

  0x0000027e07d301c8: ; ImmutableOopMap {rbp=Oop [32]=Oop [44]=NarrowOop [72]=Oop [80]=Oop [88]=Oop [96]=Oop [120]=Oop [160]=Oop [168]=Oop [176]=Oop [256]=Oop }
                      ;*new {reexecute=0 rethrow=0 return_oop=0}
                      ; - java.util.Hashtable::<init>@53
                      ; - java.util.Hashtable::<init>@5
                      ; - java.util.jar.JarVerifier::<init>@39
                      ; - java.util.jar.JarFile::getManifestFromReference@78
                      ; - java.util.jar.JarFile::getManifest@1
                      ; - jdk.internal.loader.URLClassPath$JarLoader$2::getManifest@22
                      ; - java.net.URLClassLoader::defineClass@34
                      ; - java.net.URLClassLoader$1::run@43
                      ; - java.net.URLClassLoader$1::run@1
                      ; - java.security.AccessController::executePrivileged@29
                      ; - java.security.AccessController::doPrivileged@13
                      ; - java.net.URLClassLoader::findClass@13
                      ; - java.lang.ClassLoader::loadClass@69
  0x0000027e07d301c8: 3479 85ff 

  0x0000027e07d301cc: ;   {other}
  0x0000027e07d301cc: 0f1f 8400 | bc8f 00a7 | ba0f 0000 | 004c 8b54 | 2430 4c89 | 5424 2044 | 8b54 242c | 4489 5424 
  0x0000027e07d301ec: 284c 8b54 | 2440 4c89 | 5424 384c | 8b54 2448 | 4c89 5424 | 404c 8b54 | 2458 4c89 | 5424 484c 
  0x0000027e07d3020c: 8b54 2470 | 4c89 5424 | 504c 8b54 | 2460 4c89 | 5424 584c | 8b94 2490 | 0000 004c | 8954 2460 
  0x0000027e07d3022c: 4c8b 9424 | 8800 0000 | 4c89 9424 | 8000 0000 | 448b 9c24 | 9800 0000 | 4489 5c24 | 2c66 6690 
  0x0000027e07d3024c: ;   {runtime_call UncommonTrapBlob}
  0x0000027e07d3024c: c5f8 77e8 

  0x0000027e07d30250: ; ImmutableOopMap {rbp=Oop [32]=Oop [44]=NarrowOop [72]=Oop [80]=Oop [88]=Oop [96]=Oop [120]=Oop [160]=Oop [168]=Oop [176]=Oop [256]=Oop }
                      ;*new {reexecute=0 rethrow=0 return_oop=0}
                      ; - java.util.Hashtable::<init>@53
                      ; - java.util.Hashtable::<init>@5
                      ; - java.util.jar.JarVerifier::<init>@50
                      ; - java.util.jar.JarFile::getManifestFromReference@78
                      ; - java.util.jar.JarFile::getManifest@1
                      ; - jdk.internal.loader.URLClassPath$JarLoader$2::getManifest@22
                      ; - java.net.URLClassLoader::defineClass@34
                      ; - java.net.URLClassLoader$1::run@43
                      ; - java.net.URLClassLoader$1::run@1
                      ; - java.security.AccessController::executePrivileged@29
                      ; - java.security.AccessController::doPrivileged@13
                      ; - java.net.URLClassLoader::findClass@13
                      ; - java.lang.ClassLoader::loadClass@69
  0x0000027e07d30250: ac78 85ff 

  0x0000027e07d30254: ;   {other}
  0x0000027e07d30254: 0f1f 8400 | 4490 00a8 | ba0f 0000 | 004c 8b54 | 2430 4c89 | 5424 2044 | 8b5c 242c | 4489 5c24 
  0x0000027e07d30274: 284c 8b54 | 2440 4c89 | 5424 384c | 8b54 2448 | 4c89 5424 | 404c 8b54 | 2458 4c89 | 5424 484c 
  0x0000027e07d30294: 8b54 2470 | 4c89 5424 | 504c 8b54 | 2460 4c89 | 5424 584c | 8b94 2490 | 0000 004c | 8954 2460 
  0x0000027e07d302b4: 4c8b 9424 | 8800 0000 | 4c89 9424 | 8000 0000 | 448b 9c24 | 9800 0000 | 4489 5c24 | 2c66 6690 
  0x0000027e07d302d4: ;   {runtime_call UncommonTrapBlob}
  0x0000027e07d302d4: c5f8 77e8 

  0x0000027e07d302d8: ; ImmutableOopMap {rbp=Oop [32]=Oop [44]=NarrowOop [72]=Oop [80]=Oop [88]=Oop [96]=Oop [120]=Oop [160]=Oop [168]=Oop [176]=Oop [256]=Oop }
                      ;*new {reexecute=0 rethrow=0 return_oop=0}
                      ; - java.util.Hashtable::<init>@53
                      ; - java.util.Hashtable::<init>@4
                      ; - java.util.jar.JarVerifier::<init>@63
                      ; - java.util.jar.JarFile::getManifestFromReference@78
                      ; - java.util.jar.JarFile::getManifest@1
                      ; - jdk.internal.loader.URLClassPath$JarLoader$2::getManifest@22
                      ; - java.net.URLClassLoader::defineClass@34
                      ; - java.net.URLClassLoader$1::run@43
                      ; - java.net.URLClassLoader$1::run@1
                      ; - java.security.AccessController::executePrivileged@29
                      ; - java.security.AccessController::doPrivileged@13
                      ; - java.net.URLClassLoader::findClass@13
                      ; - java.lang.ClassLoader::loadClass@69
  0x0000027e07d302d8: 2478 85ff 

  0x0000027e07d302dc: ;   {other}
  0x0000027e07d302dc: 0f1f 8400 | cc90 00a9 | ba45 ffff | ff44 8b44 | 242c 4489 | 4424 204c | 8b44 2440 | 4c89 4424 
  0x0000027e07d302fc: 304c 8b44 | 2448 4c89 | 4424 384c | 8b44 2458 | 4c89 4424 | 404c 8b84 | 24d8 0000 | 004c 8944 
  0x0000027e07d3031c: 2448 4c8b | 4424 604c | 8944 2450 | 4c8b 8424 | 9000 0000 | 4c89 4424 | 584c 8974 | 2460 4c8b 
  0x0000027e07d3033c: 8424 b800 | 0000 4c89 | 4424 704c | 8b84 2488 | 0000 004c | 8944 2478 | 448b 8424 | b000 0000 
  0x0000027e07d3035c: 4489 4424 | 244c 899c | 2490 0000 | 0048 899c | 2498 0000 | 004c 898c | 24a0 0000 | 004c 898c 
  0x0000027e07d3037c: 24a8 0000 | 004c 89b4 | 24b8 0000 | 0048 89b4 | 24c8 0000 | 0044 8994 | 24d0 0000 | 0089 8c24 
  0x0000027e07d3039c: d400 0000 

  0x0000027e07d303a0: ;   {runtime_call UncommonTrapBlob}
  0x0000027e07d303a0: c5f8 77e8 

  0x0000027e07d303a4: ; ImmutableOopMap {[36]=NarrowOop [64]=Oop [72]=Oop [80]=Oop [88]=Oop [96]=Oop [112]=Oop [144]=Oop [152]=Oop [160]=Oop [168]=Oop [184]=Oop [200]=Oop [208]=NarrowOop }
                      ;*ifeq {reexecute=1 rethrow=0 return_oop=0}
                      ; - (reexecute) java.util.HashMap::getNode@85
                      ; - java.util.HashMap::get@2
                      ; - java.util.jar.Manifest::getAttributes@5
                      ; - java.util.jar.Manifest::getTrustedAttributes@2
                      ; - java.util.jar.JavaUtilJarAccessImpl::getTrustedAttributes@2
                      ; - java.net.URLClassLoader::isSealed@18
                      ; - java.net.URLClassLoader::getAndVerifyPackage@68
                      ; - java.net.URLClassLoader::defineClass@46
                      ; - java.net.URLClassLoader$1::run@43
                      ; - java.net.URLClassLoader$1::run@1
                      ; - java.security.AccessController::executePrivileged@29
                      ; - java.security.AccessController::doPrivileged@13
                      ; - java.net.URLClassLoader::findClass@13
                      ; - java.lang.ClassLoader::loadClass@69
  0x0000027e07d303a4: 5877 85ff 

  0x0000027e07d303a8: ;   {other}
  0x0000027e07d303a8: 0f1f 8400 | 9891 00aa | ba45 ffff | ff44 8b54 | 242c 4489 | 5424 204c | 8b54 2440 | 4c89 5424 
  0x0000027e07d303c8: 304c 8b54 | 2448 4c89 | 5424 384c | 8b54 2458 | 4c89 5424 | 404c 8b94 | 24d8 0000 | 004c 8954 
  0x0000027e07d303e8: 2448 4c8b | 5424 604c | 8954 2450 | 4c8b 9424 | 9000 0000 | 4c89 5424 | 584c 8974 | 2460 4c8b 
  0x0000027e07d30408: 9424 b800 | 0000 4c89 | 5424 704c | 8b94 2488 | 0000 004c | 8954 2478 | 448b 9424 | b000 0000 
  0x0000027e07d30428: 4489 5424 | 244c 898c | 2488 0000 | 004c 899c | 2490 0000 | 0048 899c | 2498 0000 | 004c 89b4 
  0x0000027e07d30448: 24a8 0000 | 0048 89bc | 24b0 0000 | 0089 8424 | b800 0000 | 898c 24bc | 0000 0090 

  0x0000027e07d30464: ;   {runtime_call UncommonTrapBlob}
  0x0000027e07d30464: c5f8 77e8 

  0x0000027e07d30468: ; ImmutableOopMap {[36]=NarrowOop [64]=Oop [72]=Oop [80]=Oop [88]=Oop [96]=Oop [112]=Oop [136]=Oop [144]=Oop [152]=Oop [168]=Oop [176]=Oop [184]=NarrowOop }
                      ;*ifeq {reexecute=1 rethrow=0 return_oop=0}
                      ; - (reexecute) java.util.HashMap::getNode@85
                      ; - java.util.LinkedHashMap::get@2
                      ; - java.util.jar.Attributes::get@5
                      ; - java.util.jar.Attributes::getValue@2
                      ; - java.net.URLClassLoader::isSealed@58
                      ; - java.net.URLClassLoader::getAndVerifyPackage@68
                      ; - java.net.URLClassLoader::defineClass@46
                      ; - java.net.URLClassLoader$1::run@43
                      ; - java.net.URLClassLoader$1::run@1
                      ; - java.security.AccessController::executePrivileged@29
                      ; - java.security.AccessController::doPrivileged@13
                      ; - java.net.URLClassLoader::findClass@13
                      ; - java.lang.ClassLoader::loadClass@69
  0x0000027e07d30468: 9476 85ff 

  0x0000027e07d3046c: ;   {other}
  0x0000027e07d3046c: 0f1f 8400 | 5c92 00ab | 498b d7c5 | f877 49ba | 20a4 2525 | f87f 0000 

  0x0000027e07d30484: ;   {other}
  0x0000027e07d30484: 41ff d20f | 1f84 0000 | 0000 00e9 | 01bf ffff | 498b d849 | 8bd7 c5f8 | 7749 ba20 | a425 25f8 
  0x0000027e07d304a4: 7f00 0041 

  0x0000027e07d304a8: ;   {other}
  0x0000027e07d304a8: ffd2 0f1f | 8400 0000 | 0000 e91c | bfff ffba | 45ff ffff | 448b 4424 | 2c44 8944 | 2428 4c8b 
  0x0000027e07d304c8: 4424 404c | 8944 2438 | 4c8b 4424 | 484c 8944 | 2440 4c8b | 4424 584c | 8944 2448 | 4c8b 4424 
  0x0000027e07d304e8: 604c 8944 | 2458 4c8b | 8424 9000 | 0000 4c89 | 4424 604c | 8974 2468 | 4c8b c74c | 8944 2470 
  0x0000027e07d30508: 4c8b 8424 | b800 0000 | 4c89 4424 | 784c 8b84 | 2488 0000 | 004c 8984 | 2480 0000 | 004c 89b4 
  0x0000027e07d30528: 2498 0000 | 004c 899c | 24a0 0000 | 004c 898c | 24a8 0000 | 004c 899c | 24c0 0000 | 0048 89bc 
  0x0000027e07d30548: 24d0 0000 | 0048 899c | 24e0 0000 | 0044 8994 | 24b4 0000 | 0066 6690 

  0x0000027e07d30560: ;   {runtime_call UncommonTrapBlob}
  0x0000027e07d30560: c5f8 77e8 

  0x0000027e07d30564: ; ImmutableOopMap {rbp=NarrowOop [72]=Oop [88]=Oop [96]=Oop [104]=Oop [112]=Oop [120]=Oop [152]=Oop [160]=Oop [168]=Oop [176]=NarrowOop [192]=Oop [208]=Oop [224]=Oop }
                      ;*ifnull {reexecute=1 rethrow=0 return_oop=0}
                      ; - (reexecute) java.util.concurrent.ConcurrentHashMap::get@143
                      ; - java.lang.ClassLoader::getDefinedPackage@13
                      ; - java.net.URLClassLoader::getAndVerifyPackage@2
                      ; - java.net.URLClassLoader::defineClass@46
                      ; - java.net.URLClassLoader$1::run@43
                      ; - java.net.URLClassLoader$1::run@1
                      ; - java.security.AccessController::executePrivileged@29
                      ; - java.security.AccessController::doPrivileged@13
                      ; - java.net.URLClassLoader::findClass@13
                      ; - java.lang.ClassLoader::loadClass@69
  0x0000027e07d30564: 9875 85ff 

  0x0000027e07d30568: ;   {other}
  0x0000027e07d30568: 0f1f 8400 | 5893 00ac | bade ffff | ff48 8b6c | 2438 448b | 5c24 2c44 | 895c 2420 | 4c8b 5c24 
  0x0000027e07d30588: 404c 895c | 2430 4c8b | 5c24 484c | 895c 2438 | 4c8b 5c24 | 584c 895c | 2440 4c8b | 5c24 704c 
  0x0000027e07d305a8: 895c 2448 | 4c8b 5c24 | 604c 895c | 2450 4c8b | 9c24 9000 | 0000 4c89 | 5c24 584c | 8b5c 2478 
  0x0000027e07d305c8: 4c89 5c24 | 704c 8b9c | 2488 0000 | 004c 895c | 2478 448b | 9c24 9800 | 0000 4489 | 5c24 244c 
  0x0000027e07d305e8: 8b9c 24a8 | 0000 004c | 899c 2498 | 0000 004c | 8994 24a0 | 0000 004c | 8984 24a8 | 0000 0090 
  0x0000027e07d30608: ;   {runtime_call UncommonTrapBlob}
  0x0000027e07d30608: c5f8 77e8 

  0x0000027e07d3060c: ; ImmutableOopMap {rbp=Oop [36]=NarrowOop [64]=Oop [72]=Oop [80]=Oop [88]=Oop [112]=Oop [152]=Oop [160]=Oop [168]=Oop [256]=Oop }
                      ;*invokevirtual close {reexecute=0 rethrow=0 return_oop=0}
                      ; - java.util.jar.JarFile::getManifestFromReference@152
                      ; - java.util.jar.JarFile::getManifest@1
                      ; - jdk.internal.loader.URLClassPath$JarLoader$2::getManifest@22
                      ; - java.net.URLClassLoader::defineClass@34
                      ; - java.net.URLClassLoader$1::run@43
                      ; - java.net.URLClassLoader$1::run@1
                      ; - java.security.AccessController::executePrivileged@29
                      ; - java.security.AccessController::doPrivileged@13
                      ; - java.net.URLClassLoader::findClass@13
                      ; - java.lang.ClassLoader::loadClass@69
  0x0000027e07d3060c: f074 85ff 

  0x0000027e07d30610: ;   {other}
  0x0000027e07d30610: 0f1f 8400 | 0094 00ad | ba45 ffff | ff8b 4c24 | 2c89 4c24 | 284c 8b44 | 2440 4c89 | 4424 384c 
  0x0000027e07d30630: 8b44 2448 | 4c89 4424 | 404c 8b44 | 2458 4c89 | 4424 484c | 8b84 24d8 | 0000 004c | 8944 2450 
  0x0000027e07d30650: 4c8b 4424 | 604c 8944 | 2458 4c8b | 8424 9000 | 0000 4c89 | 4424 604c | 8974 2468 | 4c8b 8424 
  0x0000027e07d30670: b800 0000 | 4c89 4424 | 784c 8b84 | 2488 0000 | 004c 8984 | 2480 0000 | 004c 89b4 | 2498 0000 
  0x0000027e07d30690: 004c 899c | 24a0 0000 | 004c 898c | 24a8 0000 | 004c 899c | 24c0 0000 | 0089 bc24 | b400 0000 
  0x0000027e07d306b0: 4889 9c24 | e000 0000 | 4489 9424 | e800 0000 

  0x0000027e07d306c0: ;   {runtime_call UncommonTrapBlob}
  0x0000027e07d306c0: c5f8 77e8 

  0x0000027e07d306c4: ; ImmutableOopMap {rbp=NarrowOop [72]=Oop [80]=Oop [88]=Oop [96]=Oop [104]=Oop [120]=Oop [152]=Oop [160]=Oop [168]=Oop [176]=NarrowOop [180]=NarrowOop [192]=Oop [224]=Oop }
                      ;*ifnull {reexecute=1 rethrow=0 return_oop=0}
                      ; - (reexecute) java.util.concurrent.ConcurrentHashMap::get@143
                      ; - java.lang.ClassLoader::definePackage@47
                      ; - java.lang.ClassLoader::getDefinedPackage@32
                      ; - java.net.URLClassLoader::getAndVerifyPackage@2
                      ; - java.net.URLClassLoader::defineClass@46
                      ; - java.net.URLClassLoader$1::run@43
                      ; - java.net.URLClassLoader$1::run@1
                      ; - java.security.AccessController::executePrivileged@29
                      ; - java.security.AccessController::doPrivileged@13
                      ; - java.net.URLClassLoader::findClass@13
                      ; - java.lang.ClassLoader::loadClass@69
  0x0000027e07d306c4: 3874 85ff 

  0x0000027e07d306c8: ;   {other}
  0x0000027e07d306c8: 0f1f 8400 | b894 00ae | ba45 ffff | ff4c 8b54 | 2438 4c89 | 5424 2044 | 8b54 242c | 4489 5424 
  0x0000027e07d306e8: 284c 8b54 | 2440 4c89 | 5424 384c | 8b54 2448 | 4c89 5424 | 404c 8b54 | 2458 4c89 | 5424 484c 
  0x0000027e07d30708: 8b54 2470 | 4c89 5424 | 504c 8b54 | 2460 4c89 | 5424 584c | 8b94 2490 | 0000 004c | 8954 2460 
  0x0000027e07d30728: 4c8b 9424 | 8800 0000 | 4c89 9424 | 8000 0000 | 448b 9424 | 9800 0000 | 4489 5424 | 2c4c 899c 
  0x0000027e07d30748: 24a8 0000 | 0066 6690 

  0x0000027e07d30750: ;   {runtime_call UncommonTrapBlob}
  0x0000027e07d30750: c5f8 77e8 

  0x0000027e07d30754: ; ImmutableOopMap {[32]=Oop [44]=NarrowOop [72]=Oop [80]=Oop [88]=Oop [96]=Oop [120]=Oop [160]=Oop [168]=Oop [256]=Oop }
                      ;*ifne {reexecute=1 rethrow=0 return_oop=0}
                      ; - (reexecute) java.util.jar.JarFile::getManifestFromReference@52
                      ; - java.util.jar.JarFile::getManifest@1
                      ; - jdk.internal.loader.URLClassPath$JarLoader$2::getManifest@22
                      ; - java.net.URLClassLoader::defineClass@34
                      ; - java.net.URLClassLoader$1::run@43
                      ; - java.net.URLClassLoader$1::run@1
                      ; - java.security.AccessController::executePrivileged@29
                      ; - java.security.AccessController::doPrivileged@13
                      ; - java.net.URLClassLoader::findClass@13
                      ; - java.lang.ClassLoader::loadClass@69
  0x0000027e07d30754: a873 85ff 

  0x0000027e07d30758: ;   {other}
  0x0000027e07d30758: 0f1f 8400 | 4895 00af | ba45 ffff | ff44 8b44 | 242c 4489 | 4424 204c | 8b5c 2440 | 4c89 5c24 
  0x0000027e07d30778: 304c 8b5c | 2448 4c89 | 5c24 384c | 8b5c 2458 | 4c89 5c24 | 404c 8b5c | 2470 4c89 | 5c24 484c 
  0x0000027e07d30798: 8b5c 2460 | 4c89 5c24 | 504c 8b9c | 2490 0000 | 004c 895c | 2458 4c8b | 5c24 784c | 895c 2470 
  0x0000027e07d307b8: 4c8b 9c24 | 8800 0000 | 4c89 5c24 | 7844 8b84 | 2498 0000 | 0044 8944 | 2424 4c8b | 9c24 a800 
  0x0000027e07d307d8: 0000 4c89 | 9c24 9800 | 0000 8984 | 24a8 0000 | 0066 6690 

  0x0000027e07d307ec: ;   {runtime_call UncommonTrapBlob}
  0x0000027e07d307ec: c5f8 77e8 

  0x0000027e07d307f0: ; ImmutableOopMap {rbp=Oop [36]=NarrowOop [64]=Oop [72]=Oop [80]=Oop [88]=Oop [112]=Oop [152]=Oop [160]=Oop [256]=Oop }
                      ;*if_icmpne {reexecute=1 rethrow=0 return_oop=0}
                      ; - (reexecute) java.util.jar.JarFile::getManifestFromReference@65
                      ; - java.util.jar.JarFile::getManifest@1
                      ; - jdk.internal.loader.URLClassPath$JarLoader$2::getManifest@22
                      ; - java.net.URLClassLoader::defineClass@34
                      ; - java.net.URLClassLoader$1::run@43
                      ; - java.net.URLClassLoader$1::run@1
                      ; - java.security.AccessController::executePrivileged@29
                      ; - java.security.AccessController::doPrivileged@13
                      ; - java.net.URLClassLoader::findClass@13
                      ; - java.lang.ClassLoader::loadClass@69
  0x0000027e07d307f0: 0c73 85ff 

  0x0000027e07d307f4: ;   {other}
  0x0000027e07d307f4: 0f1f 8400 | e495 00b0 | 498b d7c5 | f877 49ba | 20a4 2525 | f87f 0000 

  0x0000027e07d3080c: ;   {other}
  0x0000027e07d3080c: 41ff d20f | 1f84 0000 | 0000 00e9 | b8be ffff | 498b d7c5 | f877 49ba | 20a4 2525 | f87f 0000 
  0x0000027e07d3082c: ;   {other}
  0x0000027e07d3082c: 41ff d20f | 1f84 0000 | 0000 00e9 | bea4 ffff | 498b d7c5 | f877 49ba | 20a4 2525 | f87f 0000 
  0x0000027e07d3084c: ;   {other}
  0x0000027e07d3084c: 41ff d20f | 1f84 0000 | 0000 00e9 | dfa4 ffff | 498b d7c5 | f877 49ba | 20a4 2525 | f87f 0000 
  0x0000027e07d3086c: ;   {other}
  0x0000027e07d3086c: 41ff d20f | 1f84 0000 | 0000 00e9 | 47a6 ffff | 498b d7c5 | f877 49ba | 20a4 2525 | f87f 0000 
  0x0000027e07d3088c: ;   {other}
  0x0000027e07d3088c: 41ff d20f | 1f84 0000 | 0000 00e9 | e6a5 ffff | 498b d7c5 | f877 49ba | 20a4 2525 | f87f 0000 
  0x0000027e07d308ac: ;   {other}
  0x0000027e07d308ac: 41ff d20f | 1f84 0000 | 0000 00e9 | fdaa ffff | 498b d7c5 | f877 49ba | 20a4 2525 | f87f 0000 
  0x0000027e07d308cc: ;   {other}
  0x0000027e07d308cc: 41ff d20f | 1f84 0000 | 0000 00e9 | e8a9 ffff | 498b d7c5 | f877 49ba | 20a4 2525 | f87f 0000 
  0x0000027e07d308ec: ;   {other}
  0x0000027e07d308ec: 41ff d20f | 1f84 0000 | 0000 00e9 | 77aa ffff | 498b d7c5 | f877 49ba | 20a4 2525 | f87f 0000 
  0x0000027e07d3090c: ;   {other}
  0x0000027e07d3090c: 41ff d20f | 1f84 0000 | 0000 00e9 | 14a9 ffff | 498b d7c5 | f877 49ba | 20a4 2525 | f87f 0000 
  0x0000027e07d3092c: ;   {other}
  0x0000027e07d3092c: 41ff d20f | 1f84 0000 | 0000 00e9 | 22a7 ffff | 498b d7c5 | f877 49ba | 20a4 2525 | f87f 0000 
  0x0000027e07d3094c: ;   {other}
  0x0000027e07d3094c: 41ff d20f | 1f84 0000 | 0000 00e9 | 9da7 ffff | 498b d7c5 | f877 49ba | 20a4 2525 | f87f 0000 
  0x0000027e07d3096c: ;   {other}
  0x0000027e07d3096c: 41ff d20f | 1f84 0000 | 0000 00e9 | 8ea6 ffff | 498b d7c5 | f877 49ba | 20a4 2525 | f87f 0000 
  0x0000027e07d3098c: ;   {other}
  0x0000027e07d3098c: 41ff d20f | 1f84 0000 | 0000 00e9 | 2aac ffff | 498b d7c5 | f877 49ba | 20a4 2525 | f87f 0000 
  0x0000027e07d309ac: ;   {other}
  0x0000027e07d309ac: 41ff d20f | 1f84 0000 | 0000 00e9 | baab ffff | 498b d7c5 | f877 49ba | 20a4 2525 | f87f 0000 
  0x0000027e07d309cc: ;   {other}
  0x0000027e07d309cc: 41ff d20f | 1f84 0000 | 0000 00e9 | a6bf ffff | 498b d849 | 8bd7 c5f8 | 7749 ba20 | a425 25f8 
  0x0000027e07d309ec: 7f00 0041 

  0x0000027e07d309f0: ;   {other}
  0x0000027e07d309f0: ffd2 0f1f | 8400 0000 | 0000 e932 | c0ff ff89 | 7c24 2844 | 8954 2424 | 4889 5c24 | 784c 894c 
  0x0000027e07d30a10: 2470 4c8b | 9424 b800 | 0000 4c89 | 5424 684c | 895c 2438 | 448b 9424 | b000 0000 | 4489 5424 
  0x0000027e07d30a30: 204c 89b4 | 24e0 0000 

  0x0000027e07d30a38: ;   {metadata('java/lang/String')}
  0x0000027e07d30a38: 0048 ba78 | e800 0f7e | 0200 0049 | 8bed 4c8b | 9424 d800 | 0000 4c89 | 9424 a800 | 0000 4c89 
  0x0000027e07d30a58: b424 b000 | 0000 6690 

  0x0000027e07d30a60: ;   {runtime_call _new_instance_Java}
  0x0000027e07d30a60: c5f8 77e8 

  0x0000027e07d30a64: ; ImmutableOopMap {rbp=Oop [32]=NarrowOop [36]=NarrowOop [48]=Oop [56]=Oop [80]=Oop [88]=Oop [96]=Oop [104]=Oop [112]=Oop [120]=Oop [144]=Oop [168]=Oop [176]=Oop [216]=Oop [224]=Oop }
                      ;*new {reexecute=0 rethrow=0 return_oop=1}
                      ; - java.lang.StringConcatHelper::simpleConcat@17
                      ; - java.lang.String::concat@11
                      ; - java.net.URLClassLoader::isSealed@15
                      ; - java.net.URLClassLoader::getAndVerifyPackage@68
                      ; - java.net.URLClassLoader::defineClass@46
                      ; - java.net.URLClassLoader$1::run@43
                      ; - java.net.URLClassLoader$1::run@1
                      ; - java.security.AccessController::executePrivileged@29
                      ; - java.security.AccessController::doPrivileged@13
                      ; - java.net.URLClassLoader::findClass@13
                      ; - java.lang.ClassLoader::loadClass@69
  0x0000027e07d30a64: 98e7 88ff 

  0x0000027e07d30a68: ;   {other}
  0x0000027e07d30a68: 0f1f 8400 | 5898 00b1 | 4c8b b424 | b000 0000 | 448b 5c24 | 2044 899c | 24b0 0000 | 004c 8b5c 
  0x0000027e07d30a88: 2438 4c8b | 5424 684c | 8994 24b8 | 0000 004c | 8b4c 2470 | 488b 5c24 | 7844 8b54 | 2424 8b7c 
  0x0000027e07d30aa8: 2428 e978 | b4ff ff49 | 8bd7 c5f8 | 7749 ba20 | a425 25f8 | 7f00 0041 

  0x0000027e07d30ac0: ;   {other}
  0x0000027e07d30ac0: ffd2 0f1f | 8400 0000 | 0000 e926 | 9eff ff49 | 8bd7 c5f8 | 7749 ba20 | a425 25f8 | 7f00 0041 
  0x0000027e07d30ae0: ;   {other}
  0x0000027e07d30ae0: ffd2 0f1f | 8400 0000 | 0000 e9b3 | 9dff ff49 | 8bf8 488b | dd49 8bd7 | c5f8 7749 | ba20 a425 
  0x0000027e07d30b00: 25f8 7f00 | 0041 ffd2 

  0x0000027e07d30b08: ;   {other}
  0x0000027e07d30b08: 0f1f 8400 | 0000 0000 | e959 c6ff | ff49 8bd7 | c5f8 7749 | ba20 a425 | 25f8 7f00 | 0041 ffd2 
  0x0000027e07d30b28: ;   {other}
  0x0000027e07d30b28: 0f1f 8400 | 0000 0000 | 4c8b d5e9 | ea9e ffff | ba45 ffff | ff44 8b54 | 242c 4489 | 5424 204c 
  0x0000027e07d30b48: 8b54 2440 | 4c89 5424 | 304c 8b54 | 2448 4c89 | 5424 384c | 8b54 2458 | 4c89 5424 | 404c 8b54 
  0x0000027e07d30b68: 2478 4c89 | 5424 484c | 8b54 2460 | 4c89 5424 | 504c 8b94 | 2490 0000 | 004c 8954 | 2458 4c8b 
  0x0000027e07d30b88: 9424 a000 | 0000 4c89 | 5424 704c | 8b94 2488 | 0000 004c | 8954 2478 | 448b 9424 | 9800 0000 
  0x0000027e07d30ba8: 4489 5424 | 2444 8b9c | 24a8 0000 | 0044 899c | 24a4 0000 | 0048 8984 | 24b0 0000 | 0066 6690 
  0x0000027e07d30bc8: ;   {runtime_call UncommonTrapBlob}
  0x0000027e07d30bc8: c5f8 77e8 

  0x0000027e07d30bcc: ; ImmutableOopMap {rbp=Oop [36]=NarrowOop [64]=Oop [72]=Oop [80]=Oop [88]=Oop [112]=Oop [164]=NarrowOop [168]=NarrowOop [176]=Oop [256]=Oop }
                      ;*ifnull {reexecute=1 rethrow=0 return_oop=0}
                      ; - (reexecute) java.util.jar.JarFile::maybeInstantiateVerifier@27
                      ; - java.util.jar.JarFile::ensureInitialization@1
                      ; - java.util.jar.JavaUtilJarAccessImpl::ensureInitialization@1
                      ; - jdk.internal.loader.URLClassPath$JarLoader$2::getManifest@10
                      ; - java.net.URLClassLoader::defineClass@34
                      ; - java.net.URLClassLoader$1::run@43
                      ; - java.net.URLClassLoader$1::run@1
                      ; - java.security.AccessController::executePrivileged@29
                      ; - java.security.AccessController::doPrivileged@13
                      ; - java.net.URLClassLoader::findClass@13
                      ; - java.lang.ClassLoader::loadClass@69
  0x0000027e07d30bcc: 306f 85ff 

  0x0000027e07d30bd0: ;   {other}
  0x0000027e07d30bd0: 0f1f 8400 | c099 00b2 | ba45 ffff | ff4c 8b94 | 24e0 0000 | 004c 8954 | 2420 448b | 4424 2c44 
  0x0000027e07d30bf0: 8944 2428 | 4c8b 5424 | 404c 8954 | 2438 4c8b | 5424 484c | 8954 2440 | 4c8b 5424 | 584c 8954 
  0x0000027e07d30c10: 2448 4c8b | 5424 784c | 8954 2450 | 4c8b 5424 | 604c 8954 | 2458 4c8b | 9424 9000 | 0000 4c89 
  0x0000027e07d30c30: 5424 604c | 8b94 24a0 | 0000 004c | 8954 2478 | 4c8b 9424 | 8800 0000 | 4c89 9424 | 8000 0000 
  0x0000027e07d30c50: 448b 9424 | 9800 0000 | 4489 5424 | 2c66 6690 

  0x0000027e07d30c60: ;   {runtime_call UncommonTrapBlob}
  0x0000027e07d30c60: c5f8 77e8 

  0x0000027e07d30c64: ; ImmutableOopMap {rbp=NarrowOop [32]=Oop [44]=NarrowOop [72]=Oop [80]=Oop [88]=Oop [96]=Oop [120]=Oop [168]=NarrowOop [256]=Oop }
                      ;*ifnull {reexecute=1 rethrow=0 return_oop=0}
                      ; - (reexecute) java.util.jar.JarFile::ensureInitialization@21
                      ; - java.util.jar.JavaUtilJarAccessImpl::ensureInitialization@1
                      ; - jdk.internal.loader.URLClassPath$JarLoader$2::getManifest@10
                      ; - java.net.URLClassLoader::defineClass@34
                      ; - java.net.URLClassLoader$1::run@43
                      ; - java.net.URLClassLoader$1::run@1
                      ; - java.security.AccessController::executePrivileged@29
                      ; - java.security.AccessController::doPrivileged@13
                      ; - java.net.URLClassLoader::findClass@13
                      ; - java.lang.ClassLoader::loadClass@69
  0x0000027e07d30c64: 986e 85ff 

  0x0000027e07d30c68: ;   {other}
  0x0000027e07d30c68: 0f1f 8400 | 589a 00b3 | bac6 ffff | ff48 8bac | 24e0 0000 | 0044 8b44 | 242c 4489 | 4424 204c 
  0x0000027e07d30c88: 8b54 2440 | 4c89 5424 | 304c 8b54 | 2448 4c89 | 5424 384c | 8b54 2458 | 4c89 5424 | 404c 8b94 
  0x0000027e07d30ca8: 24d8 0000 | 004c 8954 | 2448 4c8b | 5424 604c | 8954 2450 | 4c8b 9424 | 9000 0000 | 4c89 5424 
  0x0000027e07d30cc8: 584c 8b94 | 2488 0000 | 004c 8954 | 2478 4489 | 5c24 2490 

  0x0000027e07d30cdc: ;   {runtime_call UncommonTrapBlob}
  0x0000027e07d30cdc: c5f8 77e8 

  0x0000027e07d30ce0: ; ImmutableOopMap {rbp=Oop [64]=Oop [72]=Oop [80]=Oop [88]=Oop }
                      ;*invokevirtual getCodeSourceURL {reexecute=0 rethrow=0 return_oop=0}
                      ; - java.net.URLClassLoader::defineClass@13
                      ; - java.net.URLClassLoader$1::run@43
                      ; - java.net.URLClassLoader$1::run@1
                      ; - java.security.AccessController::executePrivileged@29
                      ; - java.security.AccessController::doPrivileged@13
                      ; - java.net.URLClassLoader::findClass@13
                      ; - java.lang.ClassLoader::loadClass@69
  0x0000027e07d30ce0: 1c6e 85ff 

  0x0000027e07d30ce4: ;   {other}
  0x0000027e07d30ce4: 0f1f 8400 | d49a 00b4 | bade ffff | ff44 8b54 | 242c 4489 | 5424 284c | 8b54 2440 | 4c89 5424 
  0x0000027e07d30d04: 384c 8b54 | 2448 4c89 | 5424 404c | 8b54 2458 | 4c89 5424 | 484c 8b94 | 24d8 0000 | 004c 8954 
  0x0000027e07d30d24: 2450 4c8b | 5424 604c | 8954 2458 | 4c8b 9424 | 9000 0000 | 4c89 5424 | 604c 8974 | 2468 4c8b 
  0x0000027e07d30d44: 9424 b800 | 0000 4c89 | 5424 784c | 8b94 2488 | 0000 004c | 8994 2480 | 0000 004c | 89b4 2498 
  0x0000027e07d30d64: 0000 004c | 899c 24a0 | 0000 004c | 898c 24a8 | 0000 004c | 899c 24c0 | 0000 0090 

  0x0000027e07d30d80: ;   {runtime_call UncommonTrapBlob}
  0x0000027e07d30d80: c5f8 77e8 

  0x0000027e07d30d84: ; ImmutableOopMap {rbp=NarrowOop [72]=Oop [80]=Oop [88]=Oop [96]=Oop [104]=Oop [120]=Oop [152]=Oop [160]=Oop [168]=Oop [176]=NarrowOop [192]=Oop }
                      ;*checkcast {reexecute=0 rethrow=0 return_oop=0}
                      ; - java.lang.ClassLoader::getDefinedPackage@16
                      ; - java.net.URLClassLoader::getAndVerifyPackage@2
                      ; - java.net.URLClassLoader::defineClass@46
                      ; - java.net.URLClassLoader$1::run@43
                      ; - java.net.URLClassLoader$1::run@1
                      ; - java.security.AccessController::executePrivileged@29
                      ; - java.security.AccessController::doPrivileged@13
                      ; - java.net.URLClassLoader::findClass@13
                      ; - java.lang.ClassLoader::loadClass@69
  0x0000027e07d30d84: 786d 85ff 

  0x0000027e07d30d88: ;   {other}
  0x0000027e07d30d88: 0f1f 8400 | 789b 00b5 | bade ffff | ff48 8bac | 24b0 0000 | 0044 8b5c | 242c 4489 | 5c24 204c 
  0x0000027e07d30da8: 8b5c 2440 | 4c89 5c24 | 304c 8b5c | 2448 4c89 | 5c24 384c | 8b5c 2458 | 4c89 5c24 | 404c 8b5c 
  0x0000027e07d30dc8: 2478 4c89 | 5c24 484c | 8b5c 2460 | 4c89 5c24 | 504c 8b9c | 2490 0000 | 004c 895c | 2458 4c8b 
  0x0000027e07d30de8: 9c24 8800 | 0000 4c89 | 5c24 7848 | 8984 24c0 | 0000 0090 

  0x0000027e07d30dfc: ;   {runtime_call UncommonTrapBlob}
  0x0000027e07d30dfc: c5f8 77e8 

  0x0000027e07d30e00: ; ImmutableOopMap {rbp=Oop [64]=Oop [72]=Oop [80]=Oop [88]=Oop [112]=Oop [152]=Oop [160]=Oop [168]=NarrowOop [192]=Oop }
                      ;*checkcast {reexecute=0 rethrow=0 return_oop=0}
                      ; - java.lang.ClassLoader::definePackage@81
                      ; - java.lang.ClassLoader::getDefinedPackage@32
                      ; - java.net.URLClassLoader::getAndVerifyPackage@2
                      ; - java.net.URLClassLoader::defineClass@46
                      ; - java.net.URLClassLoader$1::run@43
                      ; - java.net.URLClassLoader$1::run@1
                      ; - java.security.AccessController::executePrivileged@29
                      ; - java.security.AccessController::doPrivileged@13
                      ; - java.net.URLClassLoader::findClass@13
                      ; - java.lang.ClassLoader::loadClass@69
  0x0000027e07d30e00: fc6c 85ff 

  0x0000027e07d30e04: ;   {other}
  0x0000027e07d30e04: 0f1f 8400 | f49b 00b6 | bade ffff | ff44 8b44 | 242c 4489 | 4424 284c | 8b54 2440 | 4c89 5424 
  0x0000027e07d30e24: 384c 8b54 | 2448 4c89 | 5424 404c | 8b54 2458 | 4c89 5424 | 484c 8b94 | 24d8 0000 | 004c 8954 
  0x0000027e07d30e44: 2450 4c8b | 5424 604c | 8954 2458 | 4c8b 9424 | 9000 0000 | 4c89 5424 | 604c 8974 | 2468 4c8b 
  0x0000027e07d30e64: 9424 b800 | 0000 4c89 | 5424 784c | 8b94 2488 | 0000 004c | 8994 2480 | 0000 0044 | 8b94 24b0 
  0x0000027e07d30e84: 0000 0044 | 8954 242c | 4c89 9c24 | 9800 0000 | 4889 9c24 | a000 0000 | 4c89 8c24 | a800 0000 
  0x0000027e07d30ea4: 4c89 8c24 | b000 0000 | 4c89 b424 | c000 0000 | 4889 b424 | c800 0000 

  0x0000027e07d30ebc: ;   {runtime_call UncommonTrapBlob}
  0x0000027e07d30ebc: c5f8 77e8 

  0x0000027e07d30ec0: ; ImmutableOopMap {rbp=NarrowOop [44]=NarrowOop [72]=Oop [80]=Oop [88]=Oop [96]=Oop [104]=Oop [120]=Oop [152]=Oop [160]=Oop [168]=Oop [176]=Oop [192]=Oop [200]=Oop }
                      ;*checkcast {reexecute=0 rethrow=0 return_oop=0}
                      ; - java.util.jar.Manifest::getAttributes@10
                      ; - java.util.jar.Manifest::getTrustedAttributes@2
                      ; - java.util.jar.JavaUtilJarAccessImpl::getTrustedAttributes@2
                      ; - java.net.URLClassLoader::isSealed@18
                      ; - java.net.URLClassLoader::getAndVerifyPackage@68
                      ; - java.net.URLClassLoader::defineClass@46
                      ; - java.net.URLClassLoader$1::run@43
                      ; - java.net.URLClassLoader$1::run@1
                      ; - java.security.AccessController::executePrivileged@29
                      ; - java.security.AccessController::doPrivileged@13
                      ; - java.net.URLClassLoader::findClass@13
                      ; - java.lang.ClassLoader::loadClass@69
  0x0000027e07d30ec0: 3c6c 85ff 

  0x0000027e07d30ec4: ;   {other}
  0x0000027e07d30ec4: 0f1f 8400 | b49c 00b7 | bade ffff | ff44 8b54 | 242c 4489 | 5424 284c | 8b54 2440 | 4c89 5424 
  0x0000027e07d30ee4: 384c 8b54 | 2448 4c89 | 5424 404c | 8b54 2458 | 4c89 5424 | 484c 8b94 | 24d8 0000 | 004c 8954 
  0x0000027e07d30f04: 2450 4c8b | 5424 604c | 8954 2458 | 4c8b 9424 | 9000 0000 | 4c89 5424 | 604c 8974 | 2468 4c8b 
  0x0000027e07d30f24: 9424 8800 | 0000 4c89 | 9424 8000 | 0000 448b | 8424 b000 | 0000 4489 | 4424 2c4c | 898c 2490 
  0x0000027e07d30f44: 0000 004c | 899c 2498 | 0000 0048 | 899c 24a0 | 0000 004c | 89b4 24b0 | 0000 0090 

  0x0000027e07d30f60: ;   {runtime_call UncommonTrapBlob}
  0x0000027e07d30f60: c5f8 77e8 

  0x0000027e07d30f64: ; ImmutableOopMap {rbp=NarrowOop [44]=NarrowOop [72]=Oop [80]=Oop [88]=Oop [96]=Oop [104]=Oop [144]=Oop [152]=Oop [160]=Oop [176]=Oop [184]=Oop }
                      ;*checkcast {reexecute=0 rethrow=0 return_oop=0}
                      ; - java.util.jar.Attributes::getValue@5
                      ; - java.net.URLClassLoader::isSealed@58
                      ; - java.net.URLClassLoader::getAndVerifyPackage@68
                      ; - java.net.URLClassLoader::defineClass@46
                      ; - java.net.URLClassLoader$1::run@43
                      ; - java.net.URLClassLoader$1::run@1
                      ; - java.security.AccessController::executePrivileged@29
                      ; - java.security.AccessController::doPrivileged@13
                      ; - java.net.URLClassLoader::findClass@13
                      ; - java.lang.ClassLoader::loadClass@69
  0x0000027e07d30f64: 986b 85ff 

  0x0000027e07d30f68: ;   {other}
  0x0000027e07d30f68: 0f1f 8400 | 589d 00b8 | bade ffff | ff8b 5c24 | 2c89 5c24 | 2848 8b4c | 2440 4889 | 4c24 3848 
  0x0000027e07d30f88: 8b4c 2448 | 4889 4c24 | 4048 8b4c | 2458 4889 | 4c24 4848 | 8b8c 24d8 | 0000 0048 | 894c 2450 
  0x0000027e07d30fa8: 488b 4c24 | 6048 894c | 2458 488b | 8c24 9000 | 0000 4889 | 4c24 604c | 8974 2468 | 488b 8c24 
  0x0000027e07d30fc8: b800 0000 | 4889 4c24 | 7848 8b8c | 2488 0000 | 0048 898c | 2480 0000 | 004c 89b4 | 2498 0000 
  0x0000027e07d30fe8: 004c 899c | 24a0 0000 | 004c 898c | 24a8 0000 | 004c 899c | 24c0 0000 | 0089 bc24 | b400 0000 
  0x0000027e07d31008: 4489 8424 | e800 0000 | 4489 9424 | ec00 0000 

  0x0000027e07d31018: ;   {runtime_call UncommonTrapBlob}
  0x0000027e07d31018: c5f8 77e8 

  0x0000027e07d3101c: ; ImmutableOopMap {rbp=NarrowOop [72]=Oop [80]=Oop [88]=Oop [96]=Oop [104]=Oop [120]=Oop [152]=Oop [160]=Oop [168]=Oop [176]=NarrowOop [180]=NarrowOop [192]=Oop [232]=NarrowOop }
                      ;*instanceof {reexecute=0 rethrow=0 return_oop=0}
                      ; - java.lang.String::equals@8
                      ; - java.util.concurrent.ConcurrentHashMap::get@73
                      ; - java.lang.ClassLoader::definePackage@47
                      ; - java.lang.ClassLoader::getDefinedPackage@32
                      ; - java.net.URLClassLoader::getAndVerifyPackage@2
                      ; - java.net.URLClassLoader::defineClass@46
                      ; - java.net.URLClassLoader$1::run@43
                      ; - java.net.URLClassLoader$1::run@1
                      ; - java.security.AccessController::executePrivileged@29
                      ; - java.security.AccessController::doPrivileged@13
                      ; - java.net.URLClassLoader::findClass@13
                      ; - java.lang.ClassLoader::loadClass@69
  0x0000027e07d3101c: e06a 85ff 

  0x0000027e07d31020: ;   {other}
  0x0000027e07d31020: 0f1f 8400 | 109e 00b9 | bade ffff | ff8b 5c24 | 2c89 5c24 | 2848 8b4c | 2440 4889 | 4c24 3848 
  0x0000027e07d31040: 8b4c 2448 | 4889 4c24 | 4048 8b4c | 2458 4889 | 4c24 4848 | 8b8c 24d8 | 0000 0048 | 894c 2450 
  0x0000027e07d31060: 488b 4c24 | 6048 894c | 2458 488b | 8c24 9000 | 0000 4889 | 4c24 604c | 8974 2468 | 488b 8c24 
  0x0000027e07d31080: b800 0000 | 4889 4c24 | 7848 8b8c | 2488 0000 | 0048 898c | 2480 0000 | 004c 89b4 | 2498 0000 
  0x0000027e07d310a0: 004c 899c | 24a0 0000 | 004c 898c | 24a8 0000 | 004c 899c | 24c0 0000 | 0044 8984 | 24b4 0000 
  0x0000027e07d310c0: 0044 8994 | 24e8 0000 | 0066 6690 

  0x0000027e07d310cc: ;   {runtime_call UncommonTrapBlob}
  0x0000027e07d310cc: c5f8 77e8 

  0x0000027e07d310d0: ; ImmutableOopMap {rbp=NarrowOop [72]=Oop [80]=Oop [88]=Oop [96]=Oop [104]=Oop [120]=Oop [152]=Oop [160]=Oop [168]=Oop [176]=NarrowOop [180]=NarrowOop [192]=Oop }
                      ;*instanceof {reexecute=0 rethrow=0 return_oop=0}
                      ; - java.lang.String::equals@8
                      ; - java.util.concurrent.ConcurrentHashMap::get@73
                      ; - java.lang.ClassLoader::getDefinedPackage@13
                      ; - java.net.URLClassLoader::getAndVerifyPackage@2
                      ; - java.net.URLClassLoader::defineClass@46
                      ; - java.net.URLClassLoader$1::run@43
                      ; - java.net.URLClassLoader$1::run@1
                      ; - java.security.AccessController::executePrivileged@29
                      ; - java.security.AccessController::doPrivileged@13
                      ; - java.net.URLClassLoader::findClass@13
                      ; - java.lang.ClassLoader::loadClass@69
  0x0000027e07d310d0: 2c6a 85ff 

  0x0000027e07d310d4: ;   {other}
  0x0000027e07d310d4: 0f1f 8400 | c49e 00ba | bade ffff | ff4c 8b94 | 24e0 0000 | 004c 8954 | 2420 448b | 4424 2c44 
  0x0000027e07d310f4: 8944 2428 | 4c8b 5424 | 404c 8954 | 2438 4c8b | 5424 484c | 8954 2440 | 4c8b 5424 | 584c 8954 
  0x0000027e07d31114: 2448 4c8b | 9424 d800 | 0000 4c89 | 5424 504c | 8b54 2460 | 4c89 5424 | 584c 8b94 | 2490 0000 
  0x0000027e07d31134: 004c 8954 | 2460 4c8b | 9424 8800 | 0000 4c89 | 9424 8000 | 0000 4c89 | 9c24 a000 | 0000 6690 
  0x0000027e07d31154: ;   {runtime_call UncommonTrapBlob}
  0x0000027e07d31154: c5f8 77e8 

  0x0000027e07d31158: ; ImmutableOopMap {rbp=NarrowOop [32]=Oop [72]=Oop [80]=Oop [88]=Oop [96]=Oop [160]=Oop [176]=NarrowOop [184]=Oop [256]=Oop }
                      ;*checkcast {reexecute=0 rethrow=0 return_oop=0}
                      ; - java.util.jar.JarFile::getManifestFromReference@14
                      ; - java.util.jar.JarFile::getManifest@1
                      ; - jdk.internal.loader.URLClassPath$JarLoader$2::getManifest@22
                      ; - java.net.URLClassLoader::defineClass@34
                      ; - java.net.URLClassLoader$1::run@43
                      ; - java.net.URLClassLoader$1::run@1
                      ; - java.security.AccessController::executePrivileged@29
                      ; - java.security.AccessController::doPrivileged@13
                      ; - java.net.URLClassLoader::findClass@13
                      ; - java.lang.ClassLoader::loadClass@69
  0x0000027e07d31158: a469 85ff 

  0x0000027e07d3115c: ;   {other}
  0x0000027e07d3115c: 0f1f 8400 | 4c9f 00bb | bade ffff | ff44 8b44 | 242c 4489 | 4424 284c | 8b54 2440 | 4c89 5424 
  0x0000027e07d3117c: 384c 8b54 | 2448 4c89 | 5424 404c | 8b54 2458 | 4c89 5424 | 484c 8b94 | 24d8 0000 | 004c 8954 
  0x0000027e07d3119c: 2450 4c8b | 5424 604c | 8954 2458 | 4c8b 9424 | 9000 0000 | 4c89 5424 | 604c 8974 | 2468 4c8b 
  0x0000027e07d311bc: 9424 b800 | 0000 4c89 | 5424 784c | 8b94 2488 | 0000 004c | 8994 2480 | 0000 004c | 89b4 2498 
  0x0000027e07d311dc: 0000 004c | 899c 24a0 | 0000 004c | 898c 24a8 | 0000 004c | 899c 24c0 | 0000 0089 | bc24 b400 
  0x0000027e07d311fc: 0000 6690 

  0x0000027e07d31200: ;   {runtime_call UncommonTrapBlob}
  0x0000027e07d31200: c5f8 77e8 

  0x0000027e07d31204: ; ImmutableOopMap {rbp=NarrowOop [72]=Oop [80]=Oop [88]=Oop [96]=Oop [104]=Oop [120]=Oop [152]=Oop [160]=Oop [168]=Oop [176]=NarrowOop [180]=NarrowOop [192]=Oop }
                      ;*checkcast {reexecute=0 rethrow=0 return_oop=0}
                      ; - java.lang.ClassLoader::definePackage@50
                      ; - java.lang.ClassLoader::getDefinedPackage@32
                      ; - java.net.URLClassLoader::getAndVerifyPackage@2
                      ; - java.net.URLClassLoader::defineClass@46
                      ; - java.net.URLClassLoader$1::run@43
                      ; - java.net.URLClassLoader$1::run@1
                      ; - java.security.AccessController::executePrivileged@29
                      ; - java.security.AccessController::doPrivileged@13
                      ; - java.net.URLClassLoader::findClass@13
                      ; - java.lang.ClassLoader::loadClass@69
  0x0000027e07d31204: f868 85ff 

  0x0000027e07d31208: ;   {other}
  0x0000027e07d31208: 0f1f 8400 | f89f 00bc | 488b e8e9 | 2c74 ffff | 448b 5808 

  0x0000027e07d3121c: ;   {metadata('java/lang/ClassNotFoundException')}
  0x0000027e07d3121c: 4181 fb88 | 9306 000f | 8413 6cff | ff48 8be8 | e913 74ff | ff48 8be8 | e90b 74ff | ff48 8be8 
  0x0000027e07d3123c: e903 74ff | ff48 8be8 | e9fb 73ff | ffba f6ff | ffff 488b | 6c24 5090 

  0x0000027e07d31254: ;   {runtime_call UncommonTrapBlob}
  0x0000027e07d31254: c5f8 77e8 

  0x0000027e07d31258: ; ImmutableOopMap {rbp=Oop [88]=Oop [216]=Oop }
                      ;*arraylength {reexecute=0 rethrow=0 return_oop=0}
                      ; - java.lang.String::isEmpty@4
                      ; - java.lang.ClassLoader::checkName@5
                      ; - java.lang.ClassLoader::findLoadedClass@1
                      ; - java.lang.ClassLoader::loadClass@10
  0x0000027e07d31258: a468 85ff 

  0x0000027e07d3125c: ;   {other}
  0x0000027e07d3125c: 0f1f 8400 | 4ca0 00bd | baf6 ffff | ff48 8bac | 24e0 0000 | 0044 8b5c | 242c 4489 | 5c24 204c 
  0x0000027e07d3127c: 8b54 2440 | 4c89 5424 | 304c 8b54 | 2448 4c89 | 5424 384c | 8b54 2458 | 4c89 5424 | 404c 8b94 
  0x0000027e07d3129c: 24d8 0000 | 0048 895c | 2450 4c89 | 5424 5890 

  0x0000027e07d312ac: ;   {runtime_call UncommonTrapBlob}
  0x0000027e07d312ac: c5f8 77e8 

  0x0000027e07d312b0: ; ImmutableOopMap {rbp=Oop [64]=Oop [80]=Oop [88]=Oop [216]=Oop }
                      ;*arraylength {reexecute=0 rethrow=0 return_oop=0}
                      ; - java.lang.StringLatin1::replace@8
                      ; - java.lang.String::replace@18
                      ; - java.net.URLClassLoader$1::run@8
                      ; - java.net.URLClassLoader$1::run@1
                      ; - java.security.AccessController::executePrivileged@29
                      ; - java.security.AccessController::doPrivileged@13
                      ; - java.net.URLClassLoader::findClass@13
                      ; - java.lang.ClassLoader::loadClass@69
  0x0000027e07d312b0: 4c68 85ff 

  0x0000027e07d312b4: ;   {other}
  0x0000027e07d312b4: 0f1f 8400 | a4a0 00be | ba45 ffff | ff48 8b6c | 2450 4c89 | 5424 204c | 8b54 2458 | 4c89 5424 
  0x0000027e07d312d4: 3866 6690 

  0x0000027e07d312d8: ;   {runtime_call UncommonTrapBlob}
  0x0000027e07d312d8: c5f8 77e8 

  0x0000027e07d312dc: ; ImmutableOopMap {rbp=Oop [32]=Oop [56]=Oop }
                      ;*ifnull {reexecute=1 rethrow=0 return_oop=0}
                      ; - (reexecute) java.lang.ClassLoader::checkName@1
                      ; - java.lang.ClassLoader::findLoadedClass@1
                      ; - java.lang.ClassLoader::loadClass@10
  0x0000027e07d312dc: 2068 85ff 

  0x0000027e07d312e0: ;   {other}
  0x0000027e07d312e0: 0f1f 8400 | d0a0 00bf | baf6 ffff | ff44 8b5c | 242c 4489 | 5c24 204c | 8b54 2440 | 4c89 5424 
  0x0000027e07d31300: 304c 8b54 | 2448 4c89 | 5424 384c | 8b54 2458 | 4c89 5424 | 404c 8b94 | 24d8 0000 | 004c 8954 
  0x0000027e07d31320: 2448 4c8b | 5424 604c | 8954 2450 | 4c8b 9424 | 9000 0000 | 4c89 5424 | 5848 8944 | 2478 6690 
  0x0000027e07d31340: ;   {runtime_call UncommonTrapBlob}
  0x0000027e07d31340: c5f8 77e8 

  0x0000027e07d31344: ; ImmutableOopMap {rbp=Oop [64]=Oop [72]=Oop [80]=Oop [88]=Oop }
                      ;*arraylength {reexecute=0 rethrow=0 return_oop=0}
                      ; - java.lang.String::length@4
                      ; - java.lang.String::lastIndexOf@3
                      ; - java.net.URLClassLoader::defineClass@7
                      ; - java.net.URLClassLoader$1::run@43
                      ; - java.net.URLClassLoader$1::run@1
                      ; - java.security.AccessController::executePrivileged@29
                      ; - java.security.AccessController::doPrivileged@13
                      ; - java.net.URLClassLoader::findClass@13
                      ; - java.lang.ClassLoader::loadClass@69
  0x0000027e07d31344: b867 85ff 

  0x0000027e07d31348: ;   {other}
  0x0000027e07d31348: 0f1f 8400 | 38a1 00c0 | baf6 ffff | ff44 8b54 | 242c 4489 | 5424 204c | 8b54 2440 | 4c89 5424 
  0x0000027e07d31368: 304c 8b54 | 2448 4c89 | 5424 384c | 8b54 2458 | 4c89 5424 | 404c 8b94 | 24d8 0000 | 004c 8954 
  0x0000027e07d31388: 2448 4c8b | 5424 604c | 8954 2450 

  0x0000027e07d31394: ;   {runtime_call UncommonTrapBlob}
  0x0000027e07d31394: c5f8 77e8 

  0x0000027e07d31398: ; ImmutableOopMap {rbp=Oop [64]=Oop [72]=Oop [80]=Oop [144]=Oop [160]=Oop }
                      ;*arraylength {reexecute=0 rethrow=0 return_oop=0}
                      ; - java.net.URLClassLoader::defineClass@217
                      ; - java.net.URLClassLoader$1::run@43
                      ; - java.net.URLClassLoader$1::run@1
                      ; - java.security.AccessController::executePrivileged@29
                      ; - java.security.AccessController::doPrivileged@13
                      ; - java.net.URLClassLoader::findClass@13
                      ; - java.lang.ClassLoader::loadClass@69
  0x0000027e07d31398: 6467 85ff 

  0x0000027e07d3139c: ;   {other}
  0x0000027e07d3139c: 0f1f 8400 | 8ca1 00c1 | baf6 ffff | ff48 8bac | 24e0 0000 | 0044 8b54 | 242c 4489 | 5424 204c 
  0x0000027e07d313bc: 8b54 2440 | 4c89 5424 | 304c 8b54 | 2448 4c89 | 5424 384c | 8b54 2458 | 4c89 5424 | 404c 8b94 
  0x0000027e07d313dc: 24d8 0000 | 004c 8954 | 2448 4c8b | 5424 604c | 8954 2450 | 4c8b 9424 | 9000 0000 | 4c89 5424 
  0x0000027e07d313fc: 584c 8b94 | 2488 0000 | 004c 8954 | 2478 6690 

  0x0000027e07d3140c: ;   {runtime_call UncommonTrapBlob}
  0x0000027e07d3140c: c5f8 77e8 

  0x0000027e07d31410: ; ImmutableOopMap {rbp=Oop [64]=Oop [72]=Oop [80]=Oop [88]=Oop [176]=NarrowOop [184]=Oop [256]=Oop }
                      ;*getfield jar {reexecute=1 rethrow=0 return_oop=0}
                      ; - (reexecute) jdk.internal.loader.URLClassPath$JarLoader$2::getManifest@7
                      ; - java.net.URLClassLoader::defineClass@34
                      ; - java.net.URLClassLoader$1::run@43
                      ; - java.net.URLClassLoader$1::run@1
                      ; - java.security.AccessController::executePrivileged@29
                      ; - java.security.AccessController::doPrivileged@13
                      ; - java.net.URLClassLoader::findClass@13
                      ; - java.lang.ClassLoader::loadClass@69
  0x0000027e07d31410: ec66 85ff 

  0x0000027e07d31414: ;   {other}
  0x0000027e07d31414: 0f1f 8400 | 04a2 00c2 | baf6 ffff | ff48 8bac | 24e0 0000 | 0044 8b54 | 242c 4489 | 5424 204c 
  0x0000027e07d31434: 8b54 2440 | 4c89 5424 | 304c 8b54 | 2448 4c89 | 5424 384c | 8b54 2458 | 4c89 5424 | 404c 8b94 
  0x0000027e07d31454: 24d8 0000 | 004c 8954 | 2448 4c8b | 5424 604c | 8954 2450 | 4c8b 9424 | 9000 0000 | 4c89 5424 
  0x0000027e07d31474: 584c 8b94 | 2488 0000 | 004c 8954 | 2478 6690 

  0x0000027e07d31484: ;   {runtime_call UncommonTrapBlob}
  0x0000027e07d31484: c5f8 77e8 

  0x0000027e07d31488: ; ImmutableOopMap {rbp=Oop [64]=Oop [72]=Oop [80]=Oop [88]=Oop [176]=NarrowOop [184]=Oop [256]=Oop }
                      ;*getfield jar {reexecute=1 rethrow=0 return_oop=0}
                      ; - (reexecute) jdk.internal.loader.URLClassPath$JarLoader$2::getManifest@19
                      ; - java.net.URLClassLoader::defineClass@34
                      ; - java.net.URLClassLoader$1::run@43
                      ; - java.net.URLClassLoader$1::run@1
                      ; - java.security.AccessController::executePrivileged@29
                      ; - java.security.AccessController::doPrivileged@13
                      ; - java.net.URLClassLoader::findClass@13
                      ; - java.lang.ClassLoader::loadClass@69
  0x0000027e07d31488: 7466 85ff 

  0x0000027e07d3148c: ;   {other}
  0x0000027e07d3148c: 0f1f 8400 | 7ca2 00c3 | baf6 ffff | ff48 8bac | 24e0 0000 | 0044 8b5c | 242c 4489 | 5c24 204c 
  0x0000027e07d314ac: 8b54 2440 | 4c89 5424 | 304c 8b54 | 2448 4c89 | 5424 384c | 8b54 2458 | 4c89 5424 | 404c 8b94 
  0x0000027e07d314cc: 24d8 0000 | 004c 8954 | 2448 4c8b | 5424 604c | 8954 2450 | 4c8b 9424 | 9000 0000 | 4c89 5424 
  0x0000027e07d314ec: 584c 8b94 | 2488 0000 | 004c 8954 | 2478 6690 

  0x0000027e07d314fc: ;   {runtime_call UncommonTrapBlob}
  0x0000027e07d314fc: c5f8 77e8 

  0x0000027e07d31500: ; ImmutableOopMap {rbp=Oop [64]=Oop [72]=Oop [80]=Oop [88]=Oop [176]=NarrowOop [184]=Oop [256]=Oop }
                      ;*invokevirtual getManifest {reexecute=0 rethrow=0 return_oop=0}
                      ; - jdk.internal.loader.URLClassPath$JarLoader$2::getManifest@22
                      ; - java.net.URLClassLoader::defineClass@34
                      ; - java.net.URLClassLoader$1::run@43
                      ; - java.net.URLClassLoader$1::run@1
                      ; - java.security.AccessController::executePrivileged@29
                      ; - java.security.AccessController::doPrivileged@13
                      ; - java.net.URLClassLoader::findClass@13
                      ; - java.lang.ClassLoader::loadClass@69
  0x0000027e07d31500: fc65 85ff 

  0x0000027e07d31504: ;   {other}
  0x0000027e07d31504: 0f1f 8400 | f4a2 00c4 | baf6 ffff | ff48 8bac | 24e0 0000 | 0044 8b4c | 242c 4489 | 4c24 204c 
  0x0000027e07d31524: 8b44 2440 | 4c89 4424 | 304c 8b44 | 2448 4c89 | 4424 384c | 8b44 2458 | 4c89 4424 | 404c 8b84 
  0x0000027e07d31544: 24d8 0000 | 004c 8944 | 2448 4c8b | 4424 604c | 8944 2450 | 4c8b 8424 | 8800 0000 | 4c89 4424 
  0x0000027e07d31564: 7044 895c | 2424 4c89 | 9424 8800 | 0000 6690 

  0x0000027e07d31574: ;   {runtime_call UncommonTrapBlob}
  0x0000027e07d31574: c5f8 77e8 

  0x0000027e07d31578: ; ImmutableOopMap {rbp=Oop [64]=Oop [72]=Oop [80]=Oop [136]=Oop [144]=Oop }
                      ;*getfield csu {reexecute=1 rethrow=0 return_oop=0}
                      ; - (reexecute) jdk.internal.loader.URLClassPath$JarLoader$2::getCodeSourceURL@4
                      ; - java.net.URLClassLoader::defineClass@13
                      ; - java.net.URLClassLoader$1::run@43
                      ; - java.net.URLClassLoader$1::run@1
                      ; - java.security.AccessController::executePrivileged@29
                      ; - java.security.AccessController::doPrivileged@13
                      ; - java.net.URLClassLoader::findClass@13
                      ; - java.lang.ClassLoader::loadClass@69
  0x0000027e07d31578: 8465 85ff 

  0x0000027e07d3157c: ;   {other}
  0x0000027e07d3157c: 0f1f 8400 | 6ca3 00c5 | baf4 ffff | ff48 8bac | 24e0 0000 | 0044 8b54 | 242c 4489 | 5424 204c 
  0x0000027e07d3159c: 8b54 2440 | 4c89 5424 | 304c 8b54 | 2448 4c89 | 5424 384c | 8b54 2458 | 4c89 5424 | 404c 8b94 
  0x0000027e07d315bc: 24d8 0000 | 004c 8954 | 2448 4c8b | 5424 604c | 8954 2450 | 4c8b 9424 | 9000 0000 | 4c89 5424 
  0x0000027e07d315dc: 584c 8b94 | 2488 0000 | 004c 8954 | 2478 4c89 | 9c24 9800 | 0000 6690 

  0x0000027e07d315f4: ;   {runtime_call UncommonTrapBlob}
  0x0000027e07d315f4: c5f8 77e8 

  0x0000027e07d315f8: ; ImmutableOopMap {rbp=Oop [64]=Oop [72]=Oop [80]=Oop [88]=Oop [152]=Oop [176]=NarrowOop [184]=Oop [256]=Oop }
                      ;*checkcast {reexecute=0 rethrow=0 return_oop=0}
                      ; - java.util.jar.JarFile::getManifestFromReference@14
                      ; - java.util.jar.JarFile::getManifest@1
                      ; - jdk.internal.loader.URLClassPath$JarLoader$2::getManifest@22
                      ; - java.net.URLClassLoader::defineClass@34
                      ; - java.net.URLClassLoader$1::run@43
                      ; - java.net.URLClassLoader$1::run@1
                      ; - java.security.AccessController::executePrivileged@29
                      ; - java.security.AccessController::doPrivileged@13
                      ; - java.net.URLClassLoader::findClass@13
                      ; - java.lang.ClassLoader::loadClass@69
  0x0000027e07d315f8: 0465 85ff 

  0x0000027e07d315fc: ;   {other}
  0x0000027e07d315fc: 0f1f 8400 | eca3 00c6 | baf6 ffff | ff44 8b44 | 242c 4489 | 4424 204c | 8b54 2440 | 4c89 5424 
  0x0000027e07d3161c: 304c 8b54 | 2448 4c89 | 5424 384c | 8b54 2458 | 4c89 5424 | 404c 8b94 | 24d8 0000 | 004c 8954 
  0x0000027e07d3163c: 2448 4c8b | 5424 604c | 8954 2450 | 4c8b 9424 | 9000 0000 | 4c89 5424 | 584c 8974 | 2460 4c8b 
  0x0000027e07d3165c: 9424 8800 | 0000 4c89 | 5424 784c | 899c 2480 | 0000 004c | 898c 2488 | 0000 004c | 89b4 2498 
  0x0000027e07d3167c: 0000 0090 

  0x0000027e07d31680: ;   {runtime_call UncommonTrapBlob}
  0x0000027e07d31680: c5f8 77e8 

  0x0000027e07d31684: ; ImmutableOopMap {[64]=Oop [72]=Oop [80]=Oop [88]=Oop [96]=Oop [128]=Oop [136]=Oop [152]=Oop [176]=NarrowOop [184]=Oop }
                      ;*arraylength {reexecute=0 rethrow=0 return_oop=0}
                      ; - java.lang.String::isEmpty@4
                      ; - java.lang.ClassLoader::definePackage@1
                      ; - java.lang.ClassLoader::getDefinedPackage@32
                      ; - java.net.URLClassLoader::getAndVerifyPackage@2
                      ; - java.net.URLClassLoader::defineClass@46
                      ; - java.net.URLClassLoader$1::run@43
                      ; - java.net.URLClassLoader$1::run@1
                      ; - java.security.AccessController::executePrivileged@29
                      ; - java.security.AccessController::doPrivileged@13
                      ; - java.net.URLClassLoader::findClass@13
                      ; - java.lang.ClassLoader::loadClass@69
  0x0000027e07d31684: 7864 85ff 

  0x0000027e07d31688: ;   {other}
  0x0000027e07d31688: 0f1f 8400 | 78a4 00c7 | baf6 ffff | ff44 8b44 | 242c 4489 | 4424 204c | 8b54 2440 | 4c89 5424 
  0x0000027e07d316a8: 304c 8b54 | 2448 4c89 | 5424 384c | 8b54 2458 | 4c89 5424 | 404c 8b94 | 24d8 0000 | 004c 8954 
  0x0000027e07d316c8: 2448 4c8b | 5424 604c | 8954 2450 | 4c8b 9424 | 9000 0000 | 4c89 5424 | 584c 8974 | 2460 4c8b 
  0x0000027e07d316e8: 9424 8800 | 0000 4c89 | 5424 784c | 899c 2480 | 0000 004c | 898c 2488 | 0000 004c | 89b4 2498 
  0x0000027e07d31708: 0000 0090 

  0x0000027e07d3170c: ;   {runtime_call UncommonTrapBlob}
  0x0000027e07d3170c: c5f8 77e8 

  0x0000027e07d31710: ; ImmutableOopMap {[64]=Oop [72]=Oop [80]=Oop [88]=Oop [96]=Oop [128]=Oop [136]=Oop [152]=Oop [176]=NarrowOop [184]=Oop }
                      ;*invokevirtual isNamed {reexecute=0 rethrow=0 return_oop=0}
                      ; - java.lang.Package::isSealed@4
                      ; - java.net.URLClassLoader::getAndVerifyPackage@14
                      ; - java.net.URLClassLoader::defineClass@46
                      ; - java.net.URLClassLoader$1::run@43
                      ; - java.net.URLClassLoader$1::run@1
                      ; - java.security.AccessController::executePrivileged@29
                      ; - java.security.AccessController::doPrivileged@13
                      ; - java.net.URLClassLoader::findClass@13
                      ; - java.lang.ClassLoader::loadClass@69
  0x0000027e07d31710: ec63 85ff 

  0x0000027e07d31714: ;   {other}
  0x0000027e07d31714: 0f1f 8400 | 04a5 00c8 | baf6 ffff | ff44 8b44 | 242c 4489 | 4424 204c | 8b54 2440 | 4c89 5424 
  0x0000027e07d31734: 304c 8b54 | 2448 4c89 | 5424 384c | 8b54 2458 | 4c89 5424 | 404c 8b94 | 24d8 0000 | 004c 8954 
  0x0000027e07d31754: 2448 4c8b | 5424 604c | 8954 2450 | 4c8b 9424 | 9000 0000 | 4c89 5424 | 584c 8974 | 2460 4c8b 
  0x0000027e07d31774: 9424 8800 | 0000 4c89 | 5424 784c | 899c 2480 | 0000 004c | 898c 2488 | 0000 004c | 89b4 2498 
  0x0000027e07d31794: 0000 0090 

  0x0000027e07d31798: ;   {runtime_call UncommonTrapBlob}
  0x0000027e07d31798: c5f8 77e8 

  0x0000027e07d3179c: ; ImmutableOopMap {[64]=Oop [72]=Oop [80]=Oop [88]=Oop [96]=Oop [128]=Oop [136]=Oop [152]=Oop [176]=NarrowOop [184]=Oop }
                      ;*getfield sealBase {reexecute=1 rethrow=0 return_oop=0}
                      ; - (reexecute) java.lang.Package::isSealed@14
                      ; - java.net.URLClassLoader::getAndVerifyPackage@14
                      ; - java.net.URLClassLoader::defineClass@46
                      ; - java.net.URLClassLoader$1::run@43
                      ; - java.net.URLClassLoader$1::run@1
                      ; - java.security.AccessController::executePrivileged@29
                      ; - java.security.AccessController::doPrivileged@13
                      ; - java.net.URLClassLoader::findClass@13
                      ; - java.lang.ClassLoader::loadClass@69
  0x0000027e07d3179c: 6063 85ff 

  0x0000027e07d317a0: ;   {other}
  0x0000027e07d317a0: 0f1f 8400 | 90a5 00c9 | baf6 ffff | ff44 8b44 | 242c 4489 | 4424 204c | 8b54 2440 | 4c89 5424 
  0x0000027e07d317c0: 304c 8b54 | 2448 4c89 | 5424 384c | 8b54 2458 | 4c89 5424 | 404c 8b94 | 24d8 0000 | 004c 8954 
  0x0000027e07d317e0: 2448 4c8b | 5424 604c | 8954 2450 | 4c8b 9424 | 9000 0000 | 4c89 5424 | 584c 8974 | 2460 4c8b 
  0x0000027e07d31800: 9424 8800 | 0000 4c89 | 5424 784c | 899c 2480 | 0000 004c | 898c 2488 | 0000 004c | 89b4 2498 
  0x0000027e07d31820: 0000 0090 

  0x0000027e07d31824: ;   {runtime_call UncommonTrapBlob}
  0x0000027e07d31824: c5f8 77e8 

  0x0000027e07d31828: ; ImmutableOopMap {[64]=Oop [72]=Oop [80]=Oop [88]=Oop [96]=Oop [128]=Oop [136]=Oop [152]=Oop [176]=NarrowOop [184]=Oop }
                      ;*arraylength {reexecute=0 rethrow=0 return_oop=0}
                      ; - java.lang.StringLatin1::replace@8
                      ; - java.lang.String::replace@18
                      ; - java.net.URLClassLoader::isSealed@9
                      ; - java.net.URLClassLoader::getAndVerifyPackage@68
                      ; - java.net.URLClassLoader::defineClass@46
                      ; - java.net.URLClassLoader$1::run@43
                      ; - java.net.URLClassLoader$1::run@1
                      ; - java.security.AccessController::executePrivileged@29
                      ; - java.security.AccessController::doPrivileged@13
                      ; - java.net.URLClassLoader::findClass@13
                      ; - java.lang.ClassLoader::loadClass@69
  0x0000027e07d31828: d462 85ff 

  0x0000027e07d3182c: ;   {other}
  0x0000027e07d3182c: 0f1f 8400 | 1ca6 00ca | baf6 ffff | ff44 8b54 | 242c 4489 | 5424 204c | 8b54 2440 | 4c89 5424 
  0x0000027e07d3184c: 304c 8b54 | 2448 4c89 | 5424 384c | 8b54 2458 | 4c89 5424 | 404c 8b94 | 24d8 0000 | 004c 8954 
  0x0000027e07d3186c: 2448 4c8b | 5424 604c | 8954 2450 | 4c8b 9424 | 9000 0000 | 4c89 5424 | 584c 8974 | 2460 4c8b 
  0x0000027e07d3188c: 9424 8800 | 0000 4c89 | 5424 784c | 899c 2480 | 0000 004c | 898c 2488 | 0000 004c | 89b4 2498 
  0x0000027e07d318ac: 0000 0048 | 8984 24a0 | 0000 0090 

  0x0000027e07d318b8: ;   {runtime_call UncommonTrapBlob}
  0x0000027e07d318b8: c5f8 77e8 

  0x0000027e07d318bc: ; ImmutableOopMap {[64]=Oop [72]=Oop [80]=Oop [88]=Oop [96]=Oop [128]=Oop [136]=Oop [152]=Oop [160]=Oop [176]=NarrowOop [184]=Oop }
                      ;*invokeinterface get {reexecute=0 rethrow=0 return_oop=0}
                      ; - java.util.jar.Manifest::getAttributes@5
                      ; - java.util.jar.Manifest::getTrustedAttributes@2
                      ; - java.util.jar.JavaUtilJarAccessImpl::getTrustedAttributes@2
                      ; - java.net.URLClassLoader::isSealed@18
                      ; - java.net.URLClassLoader::getAndVerifyPackage@68
                      ; - java.net.URLClassLoader::defineClass@46
                      ; - java.net.URLClassLoader$1::run@43
                      ; - java.net.URLClassLoader$1::run@1
                      ; - java.security.AccessController::executePrivileged@29
                      ; - java.security.AccessController::doPrivileged@13
                      ; - java.net.URLClassLoader::findClass@13
                      ; - java.lang.ClassLoader::loadClass@69
  0x0000027e07d318bc: 4062 85ff 

  0x0000027e07d318c0: ;   {other}
  0x0000027e07d318c0: 0f1f 8400 | b0a6 00cb | baf6 ffff | ff44 8b54 | 242c 4489 | 5424 204c | 8b54 2440 | 4c89 5424 
  0x0000027e07d318e0: 304c 8b54 | 2448 4c89 | 5424 384c | 8b54 2458 | 4c89 5424 | 404c 8b94 | 24d8 0000 | 004c 8954 
  0x0000027e07d31900: 2448 4c8b | 5424 604c | 8954 2450 | 4c8b 9424 | 9000 0000 | 4c89 5424 | 584c 8974 | 2460 4c8b 
  0x0000027e07d31920: 9424 8800 | 0000 4c89 | 5424 784c | 899c 2480 | 0000 004c | 898c 2488 | 0000 004c | 89b4 2498 
  0x0000027e07d31940: 0000 0090 

  0x0000027e07d31944: ;   {runtime_call UncommonTrapBlob}
  0x0000027e07d31944: c5f8 77e8 

  0x0000027e07d31948: ; ImmutableOopMap {[64]=Oop [72]=Oop [80]=Oop [88]=Oop [96]=Oop [128]=Oop [136]=Oop [152]=Oop [176]=NarrowOop [184]=Oop }
                      ;*invokeinterface get {reexecute=0 rethrow=0 return_oop=0}
                      ; - java.util.jar.Attributes::get@5
                      ; - java.util.jar.Attributes::getValue@2
                      ; - java.net.URLClassLoader::isSealed@58
                      ; - java.net.URLClassLoader::getAndVerifyPackage@68
                      ; - java.net.URLClassLoader::defineClass@46
                      ; - java.net.URLClassLoader$1::run@43
                      ; - java.net.URLClassLoader$1::run@1
                      ; - java.security.AccessController::executePrivileged@29
                      ; - java.security.AccessController::doPrivileged@13
                      ; - java.net.URLClassLoader::findClass@13
                      ; - java.lang.ClassLoader::loadClass@69
  0x0000027e07d31948: b461 85ff 

  0x0000027e07d3194c: ;   {other}
  0x0000027e07d3194c: 0f1f 8400 | 3ca7 00cc | ba45 ffff | ff48 8bac | 24e0 0000 | 0044 8b44 | 242c 4489 | 4424 204c 
  0x0000027e07d3196c: 8b5c 2440 | 4c89 5c24 | 304c 8b5c | 2448 4c89 | 5c24 384c | 8b5c 2458 | 4c89 5c24 | 404c 8b9c 
  0x0000027e07d3198c: 24d8 0000 | 004c 895c | 2448 4c8b | 5c24 604c | 895c 2450 | 4c8b 9c24 | 9000 0000 | 4c89 5c24 
  0x0000027e07d319ac: 584c 8b9c | 24b8 0000 | 004c 895c | 2470 4c8b | 9c24 8800 | 0000 4c89 | 5c24 7844 | 8994 24a4 
  0x0000027e07d319cc: 0000 0090 

  0x0000027e07d319d0: ;   {runtime_call UncommonTrapBlob}
  0x0000027e07d319d0: c5f8 77e8 

  0x0000027e07d319d4: ; ImmutableOopMap {rbp=Oop [64]=Oop [72]=Oop [80]=Oop [88]=Oop [112]=Oop [164]=NarrowOop [176]=NarrowOop [256]=Oop }
                      ;*ifnonnull {reexecute=1 rethrow=0 return_oop=0}
                      ; - (reexecute) jdk.internal.access.SharedSecrets::javaUtilJarAccess@5
                      ; - jdk.internal.loader.URLClassPath$JarLoader$2::getManifest@0
                      ; - java.net.URLClassLoader::defineClass@34
                      ; - java.net.URLClassLoader$1::run@43
                      ; - java.net.URLClassLoader$1::run@1
                      ; - java.security.AccessController::executePrivileged@29
                      ; - java.security.AccessController::doPrivileged@13
                      ; - java.net.URLClassLoader::findClass@13
                      ; - java.lang.ClassLoader::loadClass@69
  0x0000027e07d319d4: 2861 85ff 

  0x0000027e07d319d8: ;   {other}
  0x0000027e07d319d8: 0f1f 8400 | c8a7 00cd | baf6 ffff | ff44 8b54 | 242c 4489 | 5424 204c | 8b54 2440 | 4c89 5424 
  0x0000027e07d319f8: 304c 8b54 | 2448 4c89 | 5424 384c | 8b54 2458 | 4c89 5424 | 404c 8b94 | 24d8 0000 | 004c 8954 
  0x0000027e07d31a18: 2448 4c8b | 5424 604c | 8954 2450 | 4c8b 9424 | 9000 0000 | 4c89 5424 | 584c 8974 | 2460 4c8b 
  0x0000027e07d31a38: 9424 8800 | 0000 4c89 | 5424 784c | 899c 2480 | 0000 004c | 898c 2488 | 0000 004c | 89b4 2498 
  0x0000027e07d31a58: 0000 0090 

  0x0000027e07d31a5c: ;   {runtime_call UncommonTrapBlob}
  0x0000027e07d31a5c: c5f8 77e8 

  0x0000027e07d31a60: ; ImmutableOopMap {[64]=Oop [72]=Oop [80]=Oop [88]=Oop [96]=Oop [128]=Oop [136]=Oop [152]=Oop [176]=NarrowOop [184]=Oop }
                      ;*arraylength {reexecute=0 rethrow=0 return_oop=0}
                      ; - java.lang.String::length@4
                      ; - java.lang.String::equalsIgnoreCase@14
                      ; - java.net.URLClassLoader::isSealed@68
                      ; - java.net.URLClassLoader::getAndVerifyPackage@68
                      ; - java.net.URLClassLoader::defineClass@46
                      ; - java.net.URLClassLoader$1::run@43
                      ; - java.net.URLClassLoader$1::run@1
                      ; - java.security.AccessController::executePrivileged@29
                      ; - java.security.AccessController::doPrivileged@13
                      ; - java.net.URLClassLoader::findClass@13
                      ; - java.lang.ClassLoader::loadClass@69
  0x0000027e07d31a60: 9c60 85ff 

  0x0000027e07d31a64: ;   {other}
  0x0000027e07d31a64: 0f1f 8400 | 54a8 00ce | ba45 ffff | ff44 8b44 | 242c 4489 | 4424 204c | 8b44 2440 | 4c89 4424 
  0x0000027e07d31a84: 304c 8b44 | 2448 4c89 | 4424 384c | 8b44 2458 | 4c89 4424 | 404c 8b84 | 24d8 0000 | 004c 8944 
  0x0000027e07d31aa4: 2448 4c8b | 4424 604c | 8944 2450 | 4c8b 8424 | 9000 0000 | 4c89 4424 | 584c 8974 | 2460 4c8b 
  0x0000027e07d31ac4: 8424 b800 | 0000 4c89 | 4424 704c | 8b84 2488 | 0000 004c | 8944 2478 | 448b 8424 | b000 0000 
  0x0000027e07d31ae4: 4489 4424 | 244c 899c | 2490 0000 | 0048 899c | 2498 0000 | 004c 899c | 24a0 0000 | 004c 898c 
  0x0000027e07d31b04: 24a8 0000 | 004c 89b4 | 24b8 0000 | 0044 8994 | 24c4 0000 | 0066 6690 

  0x0000027e07d31b1c: ;   {runtime_call UncommonTrapBlob}
  0x0000027e07d31b1c: c5f8 77e8 

  0x0000027e07d31b20: ; ImmutableOopMap {[36]=NarrowOop [64]=Oop [72]=Oop [80]=Oop [88]=Oop [96]=Oop [112]=Oop [144]=Oop [152]=Oop [160]=Oop [168]=Oop [184]=Oop [196]=NarrowOop }
                      ;*ifnonnull {reexecute=1 rethrow=0 return_oop=0}
                      ; - (reexecute) jdk.internal.access.SharedSecrets::javaUtilJarAccess@5
                      ; - java.net.URLClassLoader::isSealed@0
                      ; - java.net.URLClassLoader::getAndVerifyPackage@68
                      ; - java.net.URLClassLoader::defineClass@46
                      ; - java.net.URLClassLoader$1::run@43
                      ; - java.net.URLClassLoader$1::run@1
                      ; - java.security.AccessController::executePrivileged@29
                      ; - java.security.AccessController::doPrivileged@13
                      ; - java.net.URLClassLoader::findClass@13
                      ; - java.lang.ClassLoader::loadClass@69
  0x0000027e07d31b20: dc5f 85ff 

  0x0000027e07d31b24: ;   {other}
  0x0000027e07d31b24: 0f1f 8400 | 14a9 00cf | ba45 ffff | ff8b 4c24 | 2c89 4c24 | 204c 8b44 | 2440 4c89 | 4424 304c 
  0x0000027e07d31b44: 8b44 2448 | 4c89 4424 | 384c 8b44 | 2458 4c89 | 4424 404c | 8b84 24d8 | 0000 004c | 8944 2448 
  0x0000027e07d31b64: 4c8b 4424 | 604c 8944 | 2450 4c8b | 8424 9000 | 0000 4c89 | 4424 584c | 8974 2460 | 4c8b 8424 
  0x0000027e07d31b84: 8800 0000 | 4c89 4424 | 788b 8c24 | b000 0000 | 894c 2424 | 4c89 8c24 | 8800 0000 | 4c89 9c24 
  0x0000027e07d31ba4: 9000 0000 | 4889 9c24 | 9800 0000 | 4c89 b424 | a800 0000 | 4489 9424 | b400 0000 

  0x0000027e07d31bc0: ;   {runtime_call UncommonTrapBlob}
  0x0000027e07d31bc0: c5f8 77e8 

  0x0000027e07d31bc4: ; ImmutableOopMap {[36]=NarrowOop [64]=Oop [72]=Oop [80]=Oop [88]=Oop [96]=Oop [136]=Oop [144]=Oop [152]=Oop [168]=Oop [180]=NarrowOop [184]=Oop }
                      ;*ifnull {reexecute=1 rethrow=0 return_oop=0}
                      ; - (reexecute) java.net.URLClassLoader::isSealed@51
                      ; - java.net.URLClassLoader::getAndVerifyPackage@68
                      ; - java.net.URLClassLoader::defineClass@46
                      ; - java.net.URLClassLoader$1::run@43
                      ; - java.net.URLClassLoader$1::run@1
                      ; - java.security.AccessController::executePrivileged@29
                      ; - java.security.AccessController::doPrivileged@13
                      ; - java.net.URLClassLoader::findClass@13
                      ; - java.lang.ClassLoader::loadClass@69
  0x0000027e07d31bc4: 385f 85ff 

  0x0000027e07d31bc8: ;   {other}
  0x0000027e07d31bc8: 0f1f 8400 | b8a9 00d0 | baf4 ffff | ff48 8bac | 24b0 0000 | 0044 8b5c | 242c 4489 | 5c24 204c 
  0x0000027e07d31be8: 8b54 2440 | 4c89 5424 | 304c 8b54 | 2448 4c89 | 5424 384c | 8b54 2458 | 4c89 5424 | 404c 8b54 
  0x0000027e07d31c08: 2478 4c89 | 5424 484c | 8b54 2460 | 4c89 5424 | 504c 8b94 | 2490 0000 | 004c 8954 | 2458 4c8b 
  0x0000027e07d31c28: 9424 8800 | 0000 4c89 | 5424 7890 

  0x0000027e07d31c34: ;   {runtime_call UncommonTrapBlob}
  0x0000027e07d31c34: c5f8 77e8 

  0x0000027e07d31c38: ; ImmutableOopMap {rbp=Oop [64]=Oop [72]=Oop [80]=Oop [88]=Oop [112]=Oop [152]=Oop [160]=Oop [168]=NarrowOop }
                      ;*checkcast {reexecute=0 rethrow=0 return_oop=0}
                      ; - java.lang.ClassLoader::definePackage@81
                      ; - java.lang.ClassLoader::getDefinedPackage@32
                      ; - java.net.URLClassLoader::getAndVerifyPackage@2
                      ; - java.net.URLClassLoader::defineClass@46
                      ; - java.net.URLClassLoader$1::run@43
                      ; - java.net.URLClassLoader$1::run@1
                      ; - java.security.AccessController::executePrivileged@29
                      ; - java.security.AccessController::doPrivileged@13
                      ; - java.net.URLClassLoader::findClass@13
                      ; - java.lang.ClassLoader::loadClass@69
  0x0000027e07d31c38: c45e 85ff 

  0x0000027e07d31c3c: ;   {other}
  0x0000027e07d31c3c: 0f1f 8400 | 2caa 00d1 | ba45 ffff | ff8b 4c24 | 2c89 4c24 | 2848 8b4c | 2440 4889 | 4c24 3848 
  0x0000027e07d31c5c: 8b4c 2448 | 4889 4c24 | 4048 8b4c | 2458 4889 | 4c24 4848 | 8b8c 24d8 | 0000 0048 | 894c 2450 
  0x0000027e07d31c7c: 488b 4c24 | 6048 894c | 2458 488b | 8c24 9000 | 0000 4889 | 4c24 604c | 8974 2468 | 488b 8c24 
  0x0000027e07d31c9c: b800 0000 | 4889 4c24 | 7848 8b8c | 2488 0000 | 0048 898c | 2480 0000 | 004c 89b4 | 2498 0000 
  0x0000027e07d31cbc: 004c 899c | 24a0 0000 | 004c 898c | 24a8 0000 | 004c 899c | 24c0 0000 | 0044 8984 | 24b4 0000 
  0x0000027e07d31cdc: 0044 8994 | 24e0 0000 | 0066 6690 

  0x0000027e07d31ce8: ;   {runtime_call UncommonTrapBlob}
  0x0000027e07d31ce8: c5f8 77e8 

  0x0000027e07d31cec: ; ImmutableOopMap {rbp=NarrowOop [72]=Oop [80]=Oop [88]=Oop [96]=Oop [104]=Oop [120]=Oop [152]=Oop [160]=Oop [168]=Oop [176]=NarrowOop [180]=NarrowOop [192]=Oop }
                      ;*ifnull {reexecute=1 rethrow=0 return_oop=0}
                      ; - (reexecute) java.util.concurrent.ConcurrentHashMap::get@67
                      ; - java.lang.ClassLoader::getDefinedPackage@13
                      ; - java.net.URLClassLoader::getAndVerifyPackage@2
                      ; - java.net.URLClassLoader::defineClass@46
                      ; - java.net.URLClassLoader$1::run@43
                      ; - java.net.URLClassLoader$1::run@1
                      ; - java.security.AccessController::executePrivileged@29
                      ; - java.security.AccessController::doPrivileged@13
                      ; - java.net.URLClassLoader::findClass@13
                      ; - java.lang.ClassLoader::loadClass@69
  0x0000027e07d31cec: 105e 85ff 

  0x0000027e07d31cf0: ;   {other}
  0x0000027e07d31cf0: 0f1f 8400 | e0aa 00d2 | ba45 ffff | ff8b 4c24 | 2c89 4c24 | 2848 8b4c | 2440 4889 | 4c24 3848 
  0x0000027e07d31d10: 8b4c 2448 | 4889 4c24 | 4048 8b4c | 2458 4889 | 4c24 4848 | 8b8c 24d8 | 0000 0048 | 894c 2450 
  0x0000027e07d31d30: 488b 4c24 | 6048 894c | 2458 488b | 8c24 9000 | 0000 4889 | 4c24 604c | 8974 2468 | 488b 8c24 
  0x0000027e07d31d50: b800 0000 | 4889 4c24 | 7848 8b8c | 2488 0000 | 0048 898c | 2480 0000 | 004c 89b4 | 2498 0000 
  0x0000027e07d31d70: 004c 899c | 24a0 0000 | 004c 898c | 24a8 0000 | 004c 899c | 24c0 0000 | 0089 bc24 | b400 0000 
  0x0000027e07d31d90: 4489 8424 | e000 0000 | 4489 9424 | e400 0000 

  0x0000027e07d31da0: ;   {runtime_call UncommonTrapBlob}
  0x0000027e07d31da0: c5f8 77e8 

  0x0000027e07d31da4: ; ImmutableOopMap {rbp=NarrowOop [72]=Oop [80]=Oop [88]=Oop [96]=Oop [104]=Oop [120]=Oop [152]=Oop [160]=Oop [168]=Oop [176]=NarrowOop [180]=NarrowOop [192]=Oop [224]=NarrowOop }
                      ;*ifnull {reexecute=1 rethrow=0 return_oop=0}
                      ; - (reexecute) java.util.concurrent.ConcurrentHashMap::get@67
                      ; - java.lang.ClassLoader::definePackage@47
                      ; - java.lang.ClassLoader::getDefinedPackage@32
                      ; - java.net.URLClassLoader::getAndVerifyPackage@2
                      ; - java.net.URLClassLoader::defineClass@46
                      ; - java.net.URLClassLoader$1::run@43
                      ; - java.net.URLClassLoader$1::run@1
                      ; - java.security.AccessController::executePrivileged@29
                      ; - java.security.AccessController::doPrivileged@13
                      ; - java.net.URLClassLoader::findClass@13
                      ; - java.lang.ClassLoader::loadClass@69
  0x0000027e07d31da4: 585d 85ff 

  0x0000027e07d31da8: ;   {other}
  0x0000027e07d31da8: 0f1f 8400 | 98ab 00d3 | baf6 ffff | ff48 8bac | 24e0 0000 | 0044 8b54 | 242c 4489 | 5424 204c 
  0x0000027e07d31dc8: 8b54 2440 | 4c89 5424 | 304c 8b54 | 2448 4c89 | 5424 384c | 8b54 2458 | 4c89 5424 | 404c 8b54 
  0x0000027e07d31de8: 2470 4c89 | 5424 484c | 8b54 2460 | 4c89 5424 | 504c 8b94 | 2490 0000 | 004c 8954 | 2458 4c8b 
  0x0000027e07d31e08: 5424 784c | 8954 2470 | 4c8b 9424 | 8800 0000 | 4c89 5424 | 7844 8b94 | 2498 0000 | 0044 8954 
  0x0000027e07d31e28: 2424 4c8b | 9424 a800 | 0000 4c89 | 9424 a000 | 0000 6690 

  0x0000027e07d31e3c: ;   {runtime_call UncommonTrapBlob}
  0x0000027e07d31e3c: c5f8 77e8 

  0x0000027e07d31e40: ; ImmutableOopMap {rbp=Oop [36]=NarrowOop [64]=Oop [72]=Oop [80]=Oop [88]=Oop [112]=Oop [156]=NarrowOop [160]=Oop [176]=Oop [184]=Oop [256]=Oop }
                      ;*arraylength {reexecute=0 rethrow=0 return_oop=0}
                      ; - java.io.ByteArrayInputStream::<init>@21
                      ; - java.util.jar.JarFile::getManifestFromReference@114
                      ; - java.util.jar.JarFile::getManifest@1
                      ; - jdk.internal.loader.URLClassPath$JarLoader$2::getManifest@22
                      ; - java.net.URLClassLoader::defineClass@34
                      ; - java.net.URLClassLoader$1::run@43
                      ; - java.net.URLClassLoader$1::run@1
                      ; - java.security.AccessController::executePrivileged@29
                      ; - java.security.AccessController::doPrivileged@13
                      ; - java.net.URLClassLoader::findClass@13
                      ; - java.lang.ClassLoader::loadClass@69
  0x0000027e07d31e40: bc5c 85ff 

  0x0000027e07d31e44: ;   {other}
  0x0000027e07d31e44: 0f1f 8400 | 34ac 00d4 | ba45 ffff | ff48 8b6c | 2438 448b | 4c24 2c44 | 894c 2420 | 4c8b 5c24 
  0x0000027e07d31e64: 404c 895c | 2430 4c8b | 5c24 484c | 895c 2438 | 4c8b 5c24 | 584c 895c | 2440 4c8b | 5c24 704c 
  0x0000027e07d31e84: 895c 2448 | 4c8b 5c24 | 604c 895c | 2450 4c8b | 9c24 9000 | 0000 4c89 | 5c24 584c | 8b5c 2478 
  0x0000027e07d31ea4: 4c89 5c24 | 704c 8b9c | 2488 0000 | 004c 895c | 2478 448b | 8c24 9800 | 0000 4489 | 4c24 244c 
  0x0000027e07d31ec4: 8b9c 24a8 | 0000 004c | 899c 2498 | 0000 004c | 8994 24a0 | 0000 004c | 8984 24b0 | 0000 0090 
  0x0000027e07d31ee4: ;   {runtime_call UncommonTrapBlob}
  0x0000027e07d31ee4: c5f8 77e8 

  0x0000027e07d31ee8: ; ImmutableOopMap {rbp=Oop [36]=NarrowOop [64]=Oop [72]=Oop [80]=Oop [88]=Oop [112]=Oop [152]=Oop [160]=Oop [176]=Oop [256]=Oop }
                      ;*ifnull {reexecute=1 rethrow=0 return_oop=0}
                      ; - (reexecute) java.util.jar.JarFile::getManifestFromReference@148
                      ; - java.util.jar.JarFile::getManifest@1
                      ; - jdk.internal.loader.URLClassPath$JarLoader$2::getManifest@22
                      ; - java.net.URLClassLoader::defineClass@34
                      ; - java.net.URLClassLoader$1::run@43
                      ; - java.net.URLClassLoader$1::run@1
                      ; - java.security.AccessController::executePrivileged@29
                      ; - java.security.AccessController::doPrivileged@13
                      ; - java.net.URLClassLoader::findClass@13
                      ; - java.lang.ClassLoader::loadClass@69
  0x0000027e07d31ee8: 145c 85ff 

  0x0000027e07d31eec: ;   {other}
  0x0000027e07d31eec: 0f1f 8400 | dcac 00d5 | eb00 488b | e8e9 e667 | ffff baf6 | ffff ff48 | 8bac 24e0 | 0000 0044 
  0x0000027e07d31f0c: 8b44 242c | 4489 4424 | 204c 8b44 | 2440 4c89 | 4424 304c | 8b44 2448 | 4c89 4424 | 384c 8b44 
  0x0000027e07d31f2c: 2458 4c89 | 4424 404c | 8b84 24d8 | 0000 004c | 8944 2448 | 4c8b 4424 | 604c 8944 | 2450 4c8b 
  0x0000027e07d31f4c: 8424 8800 | 0000 4c89 | 4424 7044 | 895c 2424 | 4c89 9424 | 8800 0000 

  0x0000027e07d31f64: ;   {runtime_call UncommonTrapBlob}
  0x0000027e07d31f64: c5f8 77e8 

  0x0000027e07d31f68: ; ImmutableOopMap {rbp=Oop [64]=Oop [72]=Oop [80]=Oop [136]=Oop [144]=Oop }
                      ;*invokevirtual getBaseURL {reexecute=0 rethrow=0 return_oop=0}
                      ; - jdk.internal.loader.URLClassPath$FileLoader$1::getCodeSourceURL@4
                      ; - java.net.URLClassLoader::defineClass@13
                      ; - java.net.URLClassLoader$1::run@43
                      ; - java.net.URLClassLoader$1::run@1
                      ; - java.security.AccessController::executePrivileged@29
                      ; - java.security.AccessController::doPrivileged@13
                      ; - java.net.URLClassLoader::findClass@13
                      ; - java.lang.ClassLoader::loadClass@69
  0x0000027e07d31f68: 945b 85ff 

  0x0000027e07d31f6c: ;   {other}
  0x0000027e07d31f6c: 0f1f 8400 | 5cad 00d6 | ba97 ffff | ff48 8b6c | 2468 448b | 5c24 2c44 | 895c 2420 | 4c8b 5424 
  0x0000027e07d31f8c: 404c 8954 | 2430 4c8b | 5424 484c | 8954 2438 | 4c8b 5424 | 584c 8954 | 2440 4c8b | 5424 784c 
  0x0000027e07d31fac: 8954 2448 | 4c8b 5424 | 604c 8954 | 2450 4c8b | 9424 9000 | 0000 4c89 | 5424 584c | 8b94 2488 
  0x0000027e07d31fcc: 0000 004c | 8954 2478 | 448b 9c24 | 9800 0000 | 4489 9c24 | 8000 0000 

  0x0000027e07d31fe4: ;   {runtime_call UncommonTrapBlob}
  0x0000027e07d31fe4: c5f8 77e8 

  0x0000027e07d31fe8: ; ImmutableOopMap {rbp=Oop [64]=Oop [72]=Oop [80]=Oop [88]=Oop [128]=NarrowOop [160]=Oop [176]=NarrowOop }
                      ;*invokevirtual clone {reexecute=1 rethrow=0 return_oop=0}
                      ; - (reexecute) java.util.Arrays::copyOfRange@18
                      ; - java.lang.StringLatin1::newString@16
                      ; - java.lang.String::substring@41
                      ; - java.net.URLClassLoader::defineClass@28
                      ; - java.net.URLClassLoader$1::run@43
                      ; - java.net.URLClassLoader$1::run@1
                      ; - java.security.AccessController::executePrivileged@29
                      ; - java.security.AccessController::doPrivileged@13
                      ; - java.net.URLClassLoader::findClass@13
                      ; - java.lang.ClassLoader::loadClass@69
  0x0000027e07d31fe8: 145b 85ff 

  0x0000027e07d31fec: ;   {other}
  0x0000027e07d31fec: 0f1f 8400 | dcad 00d7 | 4c8b d0e9 | f505 0000 | 488b d8e9 | 0f02 0000 | 4c8b d0e9 | 8b06 0000 
  0x0000027e07d3200c: 488b 6c24 | 784c 8b9c | 2488 0000 | 004c 895c | 2420 448b | 8424 9800 | 0000 4489 | 4424 2848 
  0x0000027e07d3202c: 8b94 24b0 | 0000 004c | 8bc0 4c8b | 9424 e000 | 0000 4c89 | 5424 384c | 8b94 24d8 | 0000 004c 
  0x0000027e07d3204c: 8954 2470 

  0x0000027e07d32050: ;   {optimized virtual_call}
  0x0000027e07d32050: c5f8 77e8 

  0x0000027e07d32054: ; ImmutableOopMap {rbp=Oop [40]=NarrowOop [56]=Oop [88]=Oop [96]=Oop [112]=Oop [144]=Oop [176]=Oop [216]=Oop [224]=Oop [256]=Oop }
                      ;*invokevirtual addSuppressed {reexecute=0 rethrow=0 return_oop=0}
                      ; - java.util.jar.JarFile::getManifestFromReference@177
                      ; - java.util.jar.JarFile::getManifest@1
                      ; - jdk.internal.loader.URLClassPath$JarLoader$2::getManifest@22
                      ; - java.net.URLClassLoader::defineClass@34
                      ; - java.net.URLClassLoader$1::run@43
                      ; - java.net.URLClassLoader$1::run@1
                      ; - java.security.AccessController::executePrivileged@29
                      ; - java.security.AccessController::doPrivileged@13
                      ; - java.net.URLClassLoader::findClass@13
                      ; - java.lang.ClassLoader::loadClass@69
  0x0000027e07d32054: 28ce 84ff 

  0x0000027e07d32058: ;   {other}
  0x0000027e07d32058: 0f1f 8400 | 48ae 00d8 | e93f 0500 | 0048 8bd8 | 448b 5008 | 49b8 0000 | 000f 7e02 | 0000 4d03 
  0x0000027e07d32078: c2e9 2d06 | 0000 e9dd | 0400 00e9 | d804 0000 | 4889 8424 | b000 0000 | e9d3 0400 | 004c 8bd0 
  0x0000027e07d32098: e954 0500 | 004c 8bd0 | e94c 0500 | 004c 8bd0 | e944 0500 | 004c 8bd0 | e93c 0500 | 004c 8bd0 
  0x0000027e07d320b8: e934 0500 | 004c 8bd0 | e92c 0500 | 004c 8bd0 | e924 0500 | 004c 8bd0 | e91c 0500 | 004c 8bd0 
  0x0000027e07d320d8: e914 0500 | 004c 8bd0 | e90c 0500 | 004c 8bd0 | e904 0500 | 004c 8bd0 | e9fc 0400 | 004c 8bd0 
  0x0000027e07d320f8: e9f4 0400 | 004c 8bd0 | e9ec 0400 | 004c 8bd0 | e9e4 0400 | 004c 8bd0 | e9dc 0400 | 004c 8bd0 
  0x0000027e07d32118: e9d4 0400 | 004c 8bd0 | e972 0500 | 004c 8bd0 | e9aa 0000 | 004c 8bd0 | e962 0500 | 004c 8bd0 
  0x0000027e07d32138: e95a 0500 | 004c 8bd0 | e952 0500 | 004c 8bd0 | e94a 0500 | 004c 8bd0 | e942 0500 

  0x0000027e07d32154: ;   {no_reloc}
  0x0000027e07d32154: 0048 8bd8 | e9f7 0500 | 0048 8bd8 | e9ef 0500 | 004c 8bd0 | e92a 0500 | 0048 8bd8 | e9df 0500 
  0x0000027e07d32174: 004c 8bd0 | e91a 0500 | 0048 8bd8 | 448b 5808 | 49b8 0000 | 000f 7e02 | 0000 4d03 | c3e9 1505 
  0x0000027e07d32194: 0000 4c8b | d0eb 034c | 8bd0 498b | da45 8b52 | 0849 b800 | 0000 0f7e | 0200 004d | 03c2 e9f4 
  0x0000027e07d321b4: 0400 0048 | 8bd8 e92c | 0600 004c | 8bd0 eb03 | 4c8b d049 | 8bda e985 | 0500 004c | 8bd0 eb03 
  0x0000027e07d321d4: 4c8b d049 | 8bda e975 | 0500 004c | 8bd0 e981 | 0400 0048 | 8bd8 448b | 5008 49b8 | 0000 000f 
  0x0000027e07d321f4: 7e02 0000 | 4d03 c24d | 8b50 504c | 3bd5 0f85 | a304 0000 | 4533 c9e9 | ff02 0000 | 488b d84c 
  0x0000027e07d32214: 8b5c 2468 | 488d 8424 | 3801 0000 | 4883 3800 | 0f84 7900 | 0000 4d8b | 1341 f6c2 | 020f 8462 
  0x0000027e07d32234: 0000 0049 | 83ba 8600 | 0000 0074 | 0949 ff8a | 8600 0000 | eb4b 498b | 8296 0000 | 0049 0b82 
  0x0000027e07d32254: ;   {no_reloc}
  0x0000027e07d32254: 8e00 0000 | 750a 49c7 | 423e 0000 | 0000 eb3d | 4983 ba9e | 0000 0000 | 7422 4833 | c049 c742 
  0x0000027e07d32274: 3e00 0000 | 00f0 8304 | 2400 4983 | ba9e 0000 | 0000 750d | f04d 0fb1 | 7a3e 7505 | 83c8 01eb 
  0x0000027e07d32294: 0ca8 00eb | 084c 8b10 | f04d 0fb1 | 1375 0a49 | ff8f 5005 | 0000 4533 | d20f 8441 | 0300 0049 
  0x0000027e07d322b4: 8bcb 488d | 9424 3801 | 0000 4d8b | c7c5 f877 | 49ba 40d9 | 6625 f87f | 0000 41ff 

  0x0000027e07d322d0: ;   {other}
  0x0000027e07d322d0: d20f 1f84 | 0000 0000 | 00e9 1603 | 0000 4c8b | d0e9 b103 | 0000 4c8b | d0e9 a903 | 0000 488b 
  0x0000027e07d322f0: d844 8b50 | 0849 bb00 | 0000 0f7e | 0200 004d | 03da 4d8b 

  0x0000027e07d32304: ;   {metadata('java/io/IOException')}
  0x0000027e07d32304: 5348 49bb | 5853 0410 | 7e02 0000 | 4d3b d30f | 85fa feff | ff4c 8bc0 | 498b 87b8 | 0100 004c 
  0x0000027e07d32324: 8bd0 4983 | c228 4d3b | 97c8 0100 | 000f 8309 | 0500 004d | 8997 b801 | 0000 4c8b | d849 83c3 
  0x0000027e07d32344: 1048 c700 | 0100 0000 | 410f 0d8a | c000 0000 

  0x0000027e07d32354: ;   {metadata('java/lang/RuntimeException')}
  0x0000027e07d32354: c740 08a8 | b705 0044 | 8960 0cc5 | fdef c041 | ba07 0000 | 00c4 c178 | 92fa 62d1 | fe2f 7f03 
  0x0000027e07d32374: 4c89 4424 | 504c 8bd0 | 4c89 5424 | 7048 8bac | 24a0 0000 | 004c 8b94 | 2488 0000 | 004c 8954 
  0x0000027e07d32394: 2420 448b | 9424 9800 | 0000 4489 | 5424 2848 | 8b54 2470 | 4c8b 4424 | 504c 8b94 | 24e0 0000 
  0x0000027e07d323b4: 004c 8954 | 2450 4c8b | 9424 d800 | 0000 4c89 | 9424 8000 | 0000 6690 

  0x0000027e07d323cc: ;   {optimized virtual_call}
  0x0000027e07d323cc: c5f8 77e8 

  0x0000027e07d323d0: ; ImmutableOopMap {rbp=Oop [40]=NarrowOop [80]=Oop [88]=Oop [96]=Oop [104]=Oop [112]=Oop [128]=Oop [144]=Oop [216]=Oop [224]=Oop [256]=Oop }
                      ;*invokespecial <init> {reexecute=0 rethrow=0 return_oop=0}
                      ; - java.util.jar.JarFile::ensureInitialization@13
                      ; - java.util.jar.JavaUtilJarAccessImpl::ensureInitialization@1
                      ; - jdk.internal.loader.URLClassPath$JarLoader$2::getManifest@10
                      ; - java.net.URLClassLoader::defineClass@34
                      ; - java.net.URLClassLoader$1::run@43
                      ; - java.net.URLClassLoader$1::run@1
                      ; - java.security.AccessController::executePrivileged@29
                      ; - java.security.AccessController::doPrivileged@13
                      ; - java.net.URLClassLoader::findClass@13
                      ; - java.lang.ClassLoader::loadClass@69
  0x0000027e07d323d0: acca 84ff 

  0x0000027e07d323d4: ;   {other}
  0x0000027e07d323d4: 0f1f 8400 | c4b1 00d9 | 4c8b 5c24 | 6848 8d84 | 2438 0100 | 0048 8338 | 000f 8479 | 0000 004d 
  0x0000027e07d323f4: 8b13 41f6 | c202 0f84 | 6200 0000 | 4983 ba86 | 0000 0000 | 7409 49ff | 8a86 0000 | 00eb 4b49 
  0x0000027e07d32414: 8b82 9600 | 0000 490b | 828e 0000 | 0075 0a49 | c742 3e00 | 0000 00eb | 3d49 83ba | 9e00 0000 
  0x0000027e07d32434: 0074 2248 | 33c0 49c7 | 423e 0000 | 0000 f083 | 0424 0049 | 83ba 9e00 | 0000 0075 | 0df0 4d0f 
  0x0000027e07d32454: b17a 3e75 | 0583 c801 | eb0c a800 | eb08 4c8b | 10f0 4d0f | b113 750a | 49ff 8f50 | 0500 0045 
  0x0000027e07d32474: 33d2 0f85 | 9004 0000 | 4c8b 5424 | 7049 8bda | e905 0300 | 004c 8bd0 | e960 0100 | 004c 8bd0 
  0x0000027e07d32494: e958 0100 | 004c 8bd0 | e950 0100 | 004c 8bd0 | e948 0100 | 004c 8bd0 | e940 0100 | 004c 8bd0 
  0x0000027e07d324b4: e938 0100 | 004c 8bd0 | e930 0100 | 004c 8bd0 | e928 0100 | 004c 8bd0 | e920 0100 

  0x0000027e07d324d0: ;   {no_reloc}
  0x0000027e07d324d0: 004c 8bd0 | e9be 0100 | 004c 8bd0 | e9b6 0100 | 004c 8bd0 | e9ae 0100 | 0048 8bd8 | 448b 5808 
  0x0000027e07d324f0: 49b8 0000 | 000f 7e02 | 0000 4d03 | c34d 8b50 | 504c 3bd5 | 0f85 a101 | 0000 4c8b | 4c24 2048 
  0x0000027e07d32510: 8bac 24b8 | 0000 0048 | 8b94 24e0 | 0000 004c | 8b44 2468 | 488b 7c24 | 304c 8b94 | 24d8 0000 
  0x0000027e07d32530: 004c 8954 | 2478 6690 

  0x0000027e07d32538: ;   {optimized virtual_call}
  0x0000027e07d32538: c5f8 77e8 

  0x0000027e07d3253c: ; ImmutableOopMap {rbp=Oop [48]=Oop [80]=Oop [88]=Oop [96]=Oop [104]=Oop [120]=Oop [144]=Oop [176]=NarrowOop [216]=Oop [224]=Oop }
                      ;*invokevirtual getAndVerifyPackage {reexecute=0 rethrow=0 return_oop=1}
                      ; - java.net.URLClassLoader::defineClass@97
                      ; - java.net.URLClassLoader$1::run@43
                      ; - java.net.URLClassLoader$1::run@1
                      ; - java.security.AccessController::executePrivileged@29
                      ; - java.security.AccessController::doPrivileged@13
                      ; - java.net.URLClassLoader::findClass@13
                      ; - java.lang.ClassLoader::loadClass@69
  0x0000027e07d3253c: 40c9 84ff 

  0x0000027e07d32540: ;   {other}
  0x0000027e07d32540: 0f1f 8400 | 30b3 00da | 4885 c00f | 845f 0300 | 004c 8bb4 | 24e0 0000 | 00e9 2668 | ffff eb00 
  0x0000027e07d32560: 4889 8424 | b000 0000 | 4c8b 5424 | 304d 85d2 | 7432 498b | d248 8bac | 24e0 0000 | 004c 8b94 
  0x0000027e07d32580: 24d8 0000 | 004c 8954 | 2468 c5f8 | 7748 b8ff | ffff ffff 

  0x0000027e07d32594: ;   {virtual_call}
  0x0000027e07d32594: ffff ffe8 

  0x0000027e07d32598: ; ImmutableOopMap {rbp=Oop [88]=Oop [96]=Oop [104]=Oop [120]=Oop [144]=Oop [152]=NarrowOop [176]=Oop [216]=Oop [224]=Oop [256]=Oop }
                      ;*invokevirtual close {reexecute=0 rethrow=0 return_oop=0}
                      ; - java.util.jar.JarFile::getManifestFromReference@165
                      ; - java.util.jar.JarFile::getManifest@1
                      ; - jdk.internal.loader.URLClassPath$JarLoader$2::getManifest@22
                      ; - java.net.URLClassLoader::defineClass@34
                      ; - java.net.URLClassLoader$1::run@43
                      ; - java.net.URLClassLoader$1::run@1
                      ; - java.security.AccessController::executePrivileged@29
                      ; - java.security.AccessController::doPrivileged@13
                      ; - java.net.URLClassLoader::findClass@13
                      ; - java.lang.ClassLoader::loadClass@69
  0x0000027e07d32598: e4cd 84ff 

  0x0000027e07d3259c: ;   {other}
  0x0000027e07d3259c: 0f1f 8400 | 8cb3 00db | 4c8b 9424 | b000 0000 | eb43 488b | d8e9 3502 | 0000 4c8b | d0e9 d900 
  0x0000027e07d325bc: 0000 4c8b | d0e9 d100 | 0000 4c8b | d0e9 c900 | 0000 4c8b | d0e9 c100 | 0000 4c8b | d0e9 b900 
  0x0000027e07d325dc: 0000 4c8b | d0e9 b100 | 0000 4c8b | d0e9 a900 | 0000 4c8b | d049 8bda | 448b 5308 | 49b8 0000 
  0x0000027e07d325fc: 000f 7e02 | 0000 4d03 | c2e9 a100 | 0000 488b | d844 8b58 | 0849 b800 | 0000 0f7e | 0200 004d 
  0x0000027e07d3261c: 03c3 e988 | 0000 0048 | 8bd8 448b | 5808 49b8 | 0000 000f | 7e02 0000 | 4d03 c3eb | 7248 8bd8 
  0x0000027e07d3263c: 448b 5808 | 49b8 0000 | 000f 7e02 | 0000 4d03 | c3eb 5c48 | 8bd8 448b | 5808 49b8 | 0000 000f 
  0x0000027e07d3265c: 7e02 0000 | 4d03 c3eb | 464c 8bd0 | 498b da45 | 8b5a 0849 | b800 0000 | 0f7e 0200 | 004d 03c3 
  0x0000027e07d3267c: eb2d 488b | d844 8b58 | 0849 b800 | 0000 0f7e | 0200 004d | 03c3 eb17 | 4c8b d049 

  0x0000027e07d32698: ;   {no_reloc}
  0x0000027e07d32698: 8bda 458b | 5a08 49b8 | 0000 000f | 7e02 0000 | 4d03 c34d 

  0x0000027e07d326ac: ;   {metadata('java/io/IOException')}
  0x0000027e07d326ac: 8b50 4849 | bb58 5304 | 107e 0200 | 004d 3bd3 | 0f84 3101 | 0000 4d8b 

  0x0000027e07d326c4: ;   {metadata('java/lang/ClassFormatError')}
  0x0000027e07d326c4: 5050 49bb | e8c2 3410 | 7e02 0000 | 4d3b d30f | 857b 0000 | 0048 8beb | 488b 9424 | 9000 0000 
  0x0000027e07d326e4: 6690 c5f8 | 7748 b8ff | ffff ffff 

  0x0000027e07d326f0: ;   {virtual_call}
  0x0000027e07d326f0: ffff ffe8 

  0x0000027e07d326f4: ; ImmutableOopMap {rbp=Oop [88]=Oop [96]=Oop [144]=Oop [216]=Oop [224]=Oop }
                      ;*invokevirtual getDataError {reexecute=0 rethrow=0 return_oop=1}
                      ; - java.net.URLClassLoader$1::run@63
                      ; - java.net.URLClassLoader$1::run@1
                      ; - java.security.AccessController::executePrivileged@29
                      ; - java.security.AccessController::doPrivileged@13
                      ; - java.net.URLClassLoader::findClass@13
                      ; - java.lang.ClassLoader::loadClass@69
  0x0000027e07d326f4: 88cc 84ff 

  0x0000027e07d326f8: ;   {other}
  0x0000027e07d326f8: 0f1f 8400 | e8b4 00dc | 4885 c00f | 843b 5fff | ff48 8b94 | 2490 0000 | 0090 c5f8 | 7748 b8ff 
  0x0000027e07d32718: ffff ffff 

  0x0000027e07d3271c: ;   {virtual_call}
  0x0000027e07d3271c: ffff ffe8 

  0x0000027e07d32720: ; ImmutableOopMap {rbp=Oop [88]=Oop [96]=Oop [216]=Oop [224]=Oop }
                      ;*invokevirtual getDataError {reexecute=0 rethrow=0 return_oop=1}
                      ; - java.net.URLClassLoader$1::run@71
                      ; - java.net.URLClassLoader$1::run@1
                      ; - java.security.AccessController::executePrivileged@29
                      ; - java.security.AccessController::doPrivileged@13
                      ; - java.net.URLClassLoader::findClass@13
                      ; - java.lang.ClassLoader::loadClass@69
  0x0000027e07d32720: 5ccc 84ff 

  0x0000027e07d32724: ;   {other}
  0x0000027e07d32724: 0f1f 8400 | 14b5 00dd | 4c8b 5c24 | 604c 895c | 2420 488b | d54c 8bc0 

  0x0000027e07d3273c: ;   {optimized virtual_call}
  0x0000027e07d3273c: c5f8 77e8 

  0x0000027e07d32740: ; ImmutableOopMap {rbp=Oop [32]=Oop [88]=Oop [216]=Oop [224]=Oop }
                      ;*invokevirtual addSuppressed {reexecute=0 rethrow=0 return_oop=0}
                      ; - java.net.URLClassLoader$1::run@74
                      ; - java.net.URLClassLoader$1::run@1
                      ; - java.security.AccessController::executePrivileged@29
                      ; - java.security.AccessController::doPrivileged@13
                      ; - java.net.URLClassLoader::findClass@13
                      ; - java.lang.ClassLoader::loadClass@69
  0x0000027e07d32740: 3cc7 84ff 

  0x0000027e07d32744: ;   {other}
  0x0000027e07d32744: 0f1f 8400 | 34b5 00de | e9f3 5eff | ff48 8bd8 | 448b 5308 | 49bb 0000 | 000f 7e02 | 0000 4d03 
  0x0000027e07d32764: daeb 1448 | 8bd8 448b | 5008 49bb | 0000 000f | 7e02 0000 | 4d03 da4d 

  0x0000027e07d3277c: ;   {metadata('java/lang/RuntimeException')}
  0x0000027e07d3277c: 8b53 4849 | b8a8 b705 | 0f7e 0200 | 004d 3bd0 | 7508 488b | ebe9 ae5e | ffff 4d8b 

  0x0000027e07d32798: ;   {metadata('java/lang/Exception')}
  0x0000027e07d32798: 5340 49bb | 20c0 000f | 7e02 0000 | 4d3b d30f | 84d4 0000 | 0044 8b53 

  0x0000027e07d327b0: ;   {metadata('java/security/PrivilegedActionException')}
  0x0000027e07d327b0: 0841 81fa | a88a 1201 | 7531 488b | ebba adff | ffff 4c8b | 5424 404c | 8954 2438 | 4c8b 5424 
  0x0000027e07d327d0: 484c 8954 | 2440 6690 

  0x0000027e07d327d8: ;   {runtime_call UncommonTrapBlob}
  0x0000027e07d327d8: c5f8 77e8 

  0x0000027e07d327dc: ; ImmutableOopMap {rbp=Oop [88]=Oop [224]=Oop }
                      ;*invokevirtual getException {reexecute=0 rethrow=0 return_oop=0}
                      ; - java.net.URLClassLoader::findClass@25
                      ; - java.lang.ClassLoader::loadClass@69
  0x0000027e07d327dc: 2053 85ff 

  0x0000027e07d327e0: ;   {other}
  0x0000027e07d327e0: 0f1f 8400 | d0b5 00df | 488b d848 | 8beb e951 | 5eff ff48 | 8beb ba2f | 0000 004c | 8b54 2440 
  0x0000027e07d32800: 4c89 5424 | 384c 8b54 | 2448 4c89 | 5424 404c | 8b54 2458 | 4c89 5424 | 484c 8b94 | 24d8 0000 
  0x0000027e07d32820: 004c 8954 | 2450 4c8b | 5424 604c | 8954 2458 

  0x0000027e07d32830: ;   {runtime_call UncommonTrapBlob}
  0x0000027e07d32830: c5f8 77e8 

  0x0000027e07d32834: ; ImmutableOopMap {rbp=Oop [72]=Oop [80]=Oop [88]=Oop [224]=Oop }
                      ;*new {reexecute=0 rethrow=0 return_oop=0}
                      ; - java.net.URLClassLoader$1::run@48
                      ; - java.net.URLClassLoader$1::run@1
                      ; - java.security.AccessController::executePrivileged@29
                      ; - java.security.AccessController::doPrivileged@13
                      ; - java.net.URLClassLoader::findClass@13
                      ; - java.lang.ClassLoader::loadClass@69
  0x0000027e07d32834: c852 85ff 

  0x0000027e07d32838: ;   {other}
  0x0000027e07d32838: 0f1f 8400 | 28b6 00e0 | 4c89 4424 

  0x0000027e07d32844: ;   {metadata('java/lang/RuntimeException')}
  0x0000027e07d32844: 5048 baa8 | b705 0f7e | 0200 004c | 8b54 2478 | 4c89 5424 | 704c 8b94 | 24a0 0000 | 004c 8994 
  0x0000027e07d32864: 24b8 0000 | 0066 6690 

  0x0000027e07d3286c: ;   {runtime_call _new_instance_Java}
  0x0000027e07d3286c: c5f8 77e8 

  0x0000027e07d32870: ; ImmutableOopMap {rbp=Oop [80]=Oop [88]=Oop [96]=Oop [104]=Oop [112]=Oop [144]=Oop [152]=NarrowOop [160]=Oop [184]=Oop [216]=Oop [224]=Oop [256]=Oop }
                      ;*new {reexecute=0 rethrow=0 return_oop=1}
                      ; - java.util.jar.JarFile::ensureInitialization@8
                      ; - java.util.jar.JavaUtilJarAccessImpl::ensureInitialization@1
                      ; - jdk.internal.loader.URLClassPath$JarLoader$2::getManifest@10
                      ; - java.net.URLClassLoader::defineClass@34
                      ; - java.net.URLClassLoader$1::run@43
                      ; - java.net.URLClassLoader$1::run@1
                      ; - java.security.AccessController::executePrivileged@29
                      ; - java.security.AccessController::doPrivileged@13
                      ; - java.net.URLClassLoader::findClass@13
                      ; - java.lang.ClassLoader::loadClass@69
  0x0000027e07d32870: 8cc9 88ff 

  0x0000027e07d32874: ;   {other}
  0x0000027e07d32874: 0f1f 8400 | 64b6 00e1 | e9f8 faff | ff48 8beb | ba91 0000 | 004c 8b54 | 2440 4c89 | 5424 384c 
  0x0000027e07d32894: 8b54 2448 | 4c89 5424 | 4066 6690 

  0x0000027e07d328a0: ;   {runtime_call UncommonTrapBlob}
  0x0000027e07d328a0: c5f8 77e8 

  0x0000027e07d328a4: ; ImmutableOopMap {rbp=Oop [88]=Oop [216]=Oop [224]=Oop }
                      ;*new {reexecute=0 rethrow=0 return_oop=0}
                      ; - java.security.AccessController::wrapException@0
                      ; - java.security.AccessController::doPrivileged@22
                      ; - java.net.URLClassLoader::findClass@13
                      ; - java.lang.ClassLoader::loadClass@69
  0x0000027e07d328a4: 5852 85ff 

  0x0000027e07d328a8: ;   {other}
  0x0000027e07d328a8: 0f1f 8400 | 98b6 00e2 | bafd 0000 | 0044 8b54 | 242c 4489 | 5424 204c | 8b54 2440 | 4c89 5424 
  0x0000027e07d328c8: 304c 8b54 | 2448 4c89 | 5424 384c | 8b54 2458 | 4c89 5424 | 404c 8b54 | 2478 4c89 | 5424 484c 
  0x0000027e07d328e8: 8b54 2460 | 4c89 5424 | 504c 8b54 | 2468 4c89 | 5424 6090 

  0x0000027e07d328fc: ;   {runtime_call UncommonTrapBlob}
  0x0000027e07d328fc: c5f8 77e8 

  0x0000027e07d32900: ; ImmutableOopMap {[64]=Oop [72]=Oop [80]=Oop [96]=Oop [144]=Oop [224]=Oop }
                      ;*new {reexecute=0 rethrow=0 return_oop=0}
                      ; - java.net.URLClassLoader::defineClass@103
                      ; - java.net.URLClassLoader$1::run@43
                      ; - java.net.URLClassLoader$1::run@1
                      ; - java.security.AccessController::executePrivileged@29
                      ; - java.security.AccessController::doPrivileged@13
                      ; - java.net.URLClassLoader::findClass@13
                      ; - java.lang.ClassLoader::loadClass@69
  0x0000027e07d32900: fc51 85ff 

  0x0000027e07d32904: ;   {other}
  0x0000027e07d32904: 0f1f 8400 | f4b6 00e3 | 498b cb48 | 8d94 2438 | 0100 004d | 8bc7 c5f8 | 7749 ba40 | d966 25f8 
  0x0000027e07d32924: 7f00 0041 

  0x0000027e07d32928: ;   {other}
  0x0000027e07d32928: ffd2 0f1f | 8400 0000 | 0000 e945 

  0x0000027e07d32934: ;   {internal_word}
  0x0000027e07d32934: fbff ff49 | ba81 90d2 | 077e 0200 | 004d 8997 | 6804 0000 

  0x0000027e07d32948: ;   {runtime_call SafepointBlob}
  0x0000027e07d32948: e933 4085 

  0x0000027e07d3294c: ;   {runtime_call StubRoutines (final stubs)}
  0x0000027e07d3294c: ffe8 4e59 | 83ff e927 | 52ff fff4 
[Stub Code]
  0x0000027e07d32958: ;   {no_reloc}
  0x0000027e07d32958: 48bb 0000 | 0000 0000 

  0x0000027e07d32960: ;   {runtime_call nmethod}
  0x0000027e07d32960: 0000 e9fb 

  0x0000027e07d32964: ;   {static_stub}
  0x0000027e07d32964: ffff ff48 | bb00 0000 | 0000 0000 

  0x0000027e07d32970: ;   {runtime_call nmethod}
  0x0000027e07d32970: 00e9 fbff 

  0x0000027e07d32974: ;   {static_stub}
  0x0000027e07d32974: ffff 48bb | 0000 0000 | 0000 0000 

  0x0000027e07d32980: ;   {runtime_call nmethod}
  0x0000027e07d32980: e9fb ffff 

  0x0000027e07d32984: ;   {static_stub}
  0x0000027e07d32984: ff48 bb00 | 0000 0000 

  0x0000027e07d3298c: ;   {runtime_call nmethod}
  0x0000027e07d3298c: 0000 00e9 | fbff ffff 

  0x0000027e07d32994: ;   {static_stub}
  0x0000027e07d32994: 48bb 0000 | 0000 0000 

  0x0000027e07d3299c: ;   {runtime_call nmethod}
  0x0000027e07d3299c: 0000 e9fb 

  0x0000027e07d329a0: ;   {static_stub}
  0x0000027e07d329a0: ffff ff48 | bb00 0000 | 0000 0000 

  0x0000027e07d329ac: ;   {runtime_call nmethod}
  0x0000027e07d329ac: 00e9 fbff 

  0x0000027e07d329b0: ;   {static_stub}
  0x0000027e07d329b0: ffff 48bb | 0000 0000 | 0000 0000 

  0x0000027e07d329bc: ;   {runtime_call nmethod}
  0x0000027e07d329bc: e9fb ffff 

  0x0000027e07d329c0: ;   {static_stub}
  0x0000027e07d329c0: ff48 bb00 | 0000 0000 

  0x0000027e07d329c8: ;   {runtime_call nmethod}
  0x0000027e07d329c8: 0000 00e9 | fbff ffff 

  0x0000027e07d329d0: ;   {static_stub}
  0x0000027e07d329d0: 48bb 0000 | 0000 0000 

  0x0000027e07d329d8: ;   {runtime_call nmethod}
  0x0000027e07d329d8: 0000 e9fb 

  0x0000027e07d329dc: ;   {static_stub}
  0x0000027e07d329dc: ffff ff48 | bb00 0000 | 0000 0000 

  0x0000027e07d329e8: ;   {runtime_call nmethod}
  0x0000027e07d329e8: 00e9 fbff 

  0x0000027e07d329ec: ;   {static_stub}
  0x0000027e07d329ec: ffff 48bb | 0000 0000 | 0000 0000 

  0x0000027e07d329f8: ;   {runtime_call nmethod}
  0x0000027e07d329f8: e9fb ffff 

  0x0000027e07d329fc: ;   {static_stub}
  0x0000027e07d329fc: ff48 bb00 | 0000 0000 

  0x0000027e07d32a04: ;   {runtime_call nmethod}
  0x0000027e07d32a04: 0000 00e9 | fbff ffff 

  0x0000027e07d32a0c: ;   {static_stub}
  0x0000027e07d32a0c: 48bb 0000 | 0000 0000 

  0x0000027e07d32a14: ;   {runtime_call nmethod}
  0x0000027e07d32a14: 0000 e9fb 

  0x0000027e07d32a18: ;   {static_stub}
  0x0000027e07d32a18: ffff ff48 | bb00 0000 | 0000 0000 

  0x0000027e07d32a24: ;   {runtime_call nmethod}
  0x0000027e07d32a24: 00e9 fbff 

  0x0000027e07d32a28: ;   {static_stub}
  0x0000027e07d32a28: ffff 48bb | 0000 0000 | 0000 0000 

  0x0000027e07d32a34: ;   {runtime_call nmethod}
  0x0000027e07d32a34: e9fb ffff 

  0x0000027e07d32a38: ;   {static_stub}
  0x0000027e07d32a38: ff48 bb00 | 0000 0000 

  0x0000027e07d32a40: ;   {runtime_call nmethod}
  0x0000027e07d32a40: 0000 00e9 | fbff ffff 

  0x0000027e07d32a48: ;   {static_stub}
  0x0000027e07d32a48: 48bb 0000 | 0000 0000 

  0x0000027e07d32a50: ;   {runtime_call nmethod}
  0x0000027e07d32a50: 0000 e9fb 

  0x0000027e07d32a54: ;   {static_stub}
  0x0000027e07d32a54: ffff ff48 | bb00 0000 | 0000 0000 

  0x0000027e07d32a60: ;   {runtime_call nmethod}
  0x0000027e07d32a60: 00e9 fbff 

  0x0000027e07d32a64: ;   {static_stub}
  0x0000027e07d32a64: ffff 48bb | 0000 0000 | 0000 0000 

  0x0000027e07d32a70: ;   {runtime_call nmethod}
  0x0000027e07d32a70: e9fb ffff 

  0x0000027e07d32a74: ;   {static_stub}
  0x0000027e07d32a74: ff48 bb00 | 0000 0000 

  0x0000027e07d32a7c: ;   {runtime_call nmethod}
  0x0000027e07d32a7c: 0000 00e9 | fbff ffff 

  0x0000027e07d32a84: ;   {static_stub}
  0x0000027e07d32a84: 48bb 0000 | 0000 0000 

  0x0000027e07d32a8c: ;   {runtime_call nmethod}
  0x0000027e07d32a8c: 0000 e9fb 

  0x0000027e07d32a90: ;   {static_stub}
  0x0000027e07d32a90: ffff ff48 | bb00 0000 | 0000 0000 

  0x0000027e07d32a9c: ;   {runtime_call nmethod}
  0x0000027e07d32a9c: 00e9 fbff 

  0x0000027e07d32aa0: ;   {static_stub}
  0x0000027e07d32aa0: ffff 48bb | 0000 0000 | 0000 0000 

  0x0000027e07d32aac: ;   {runtime_call nmethod}
  0x0000027e07d32aac: e9fb ffff 

  0x0000027e07d32ab0: ;   {static_stub}
  0x0000027e07d32ab0: ff48 bb00 | 0000 0000 

  0x0000027e07d32ab8: ;   {runtime_call nmethod}
  0x0000027e07d32ab8: 0000 00e9 | fbff ffff 

  0x0000027e07d32ac0: ;   {static_stub}
  0x0000027e07d32ac0: 48bb 0000 | 0000 0000 

  0x0000027e07d32ac8: ;   {runtime_call nmethod}
  0x0000027e07d32ac8: 0000 e9fb 

  0x0000027e07d32acc: ;   {static_stub}
  0x0000027e07d32acc: ffff ff48 | bb00 0000 | 0000 0000 

  0x0000027e07d32ad8: ;   {runtime_call nmethod}
  0x0000027e07d32ad8: 00e9 fbff 

  0x0000027e07d32adc: ;   {static_stub}
  0x0000027e07d32adc: ffff 48bb | 0000 0000 | 0000 0000 

  0x0000027e07d32ae8: ;   {runtime_call nmethod}
  0x0000027e07d32ae8: e9fb ffff 

  0x0000027e07d32aec: ;   {static_stub}
  0x0000027e07d32aec: ff48 bb00 | 0000 0000 

  0x0000027e07d32af4: ;   {runtime_call nmethod}
  0x0000027e07d32af4: 0000 00e9 | fbff ffff 

  0x0000027e07d32afc: ;   {static_stub}
  0x0000027e07d32afc: 48bb 0000 | 0000 0000 

  0x0000027e07d32b04: ;   {runtime_call nmethod}
  0x0000027e07d32b04: 0000 e9fb 

  0x0000027e07d32b08: ;   {static_stub}
  0x0000027e07d32b08: ffff ff48 | bb00 0000 | 0000 0000 

  0x0000027e07d32b14: ;   {runtime_call nmethod}
  0x0000027e07d32b14: 00e9 fbff 

  0x0000027e07d32b18: ;   {static_stub}
  0x0000027e07d32b18: ffff 48bb | 0000 0000 | 0000 0000 

  0x0000027e07d32b24: ;   {runtime_call nmethod}
  0x0000027e07d32b24: e9fb ffff 

  0x0000027e07d32b28: ;   {static_stub}
  0x0000027e07d32b28: ff48 bb00 | 0000 0000 

  0x0000027e07d32b30: ;   {runtime_call nmethod}
  0x0000027e07d32b30: 0000 00e9 | fbff ffff 

  0x0000027e07d32b38: ;   {static_stub}
  0x0000027e07d32b38: 48bb 0000 | 0000 0000 

  0x0000027e07d32b40: ;   {runtime_call nmethod}
  0x0000027e07d32b40: 0000 e9fb 

  0x0000027e07d32b44: ;   {static_stub}
  0x0000027e07d32b44: ffff ff48 | bb00 0000 | 0000 0000 

  0x0000027e07d32b50: ;   {runtime_call nmethod}
  0x0000027e07d32b50: 00e9 fbff 

  0x0000027e07d32b54: ;   {static_stub}
  0x0000027e07d32b54: ffff 48bb | 0000 0000 | 0000 0000 

  0x0000027e07d32b60: ;   {runtime_call nmethod}
  0x0000027e07d32b60: e9fb ffff 

  0x0000027e07d32b64: ;   {static_stub}
  0x0000027e07d32b64: ff48 bb00 | 0000 0000 

  0x0000027e07d32b6c: ;   {runtime_call nmethod}
  0x0000027e07d32b6c: 0000 00e9 | fbff ffff 

  0x0000027e07d32b74: ;   {static_stub}
  0x0000027e07d32b74: 48bb 0000 | 0000 0000 

  0x0000027e07d32b7c: ;   {runtime_call nmethod}
  0x0000027e07d32b7c: 0000 e9fb 

  0x0000027e07d32b80: ;   {runtime_call ExceptionBlob}
  0x0000027e07d32b80: ffff ffe9 | f8cf 88ff 
[Deopt Handler Code]
  0x0000027e07d32b88: e800 0000 | 0048 832c 

  0x0000027e07d32b90: ;   {runtime_call DeoptimizationBlob}
  0x0000027e07d32b90: 2405 e989 | 5285 fff4 
[/MachCode]


---------------  P R O C E S S  ---------------

Threads class SMR info:
_java_thread_list=0x0000027e589be7e0, length=35, elements={
0x0000027e73678880, 0x0000027e7be09420, 0x0000027e7be0ecc0, 0x0000027e7be10440,
0x0000027e7be12eb0, 0x0000027e7be13910, 0x0000027e7be14370, 0x0000027e7be16510,
0x0000027e7be19710, 0x0000027e54241840, 0x0000027e542bbd20, 0x0000027e5423ff90,
0x0000027e54318ab0, 0x0000027e5469b3a0, 0x0000027e55224ce0, 0x0000027e55225350,
0x0000027e54f20070, 0x0000027e54f206e0, 0x0000027e55a41080, 0x0000027e55a41710,
0x0000027e55a409f0, 0x0000027e55a42430, 0x0000027e55a3fcd0, 0x0000027e55a41da0,
0x0000027e55a43150, 0x0000027e55a40360, 0x0000027e579a3d10, 0x0000027e579a5de0,
0x0000027e579a6470, 0x0000027e579a4a30, 0x0000027e579a5750, 0x0000027e579a6b00,
0x0000027e579a50c0, 0x0000027e579a7190, 0x0000027e579a7820
}

Java Threads: ( => current thread )
  0x0000027e73678880 JavaThread "main"                              [_thread_blocked, id=39092, stack(0x0000008ae2e00000,0x0000008ae2f00000) (1024K)]
  0x0000027e7be09420 JavaThread "Reference Handler"          daemon [_thread_blocked, id=40600, stack(0x0000008ae3600000,0x0000008ae3700000) (1024K)]
  0x0000027e7be0ecc0 JavaThread "Finalizer"                  daemon [_thread_blocked, id=61320, stack(0x0000008ae3700000,0x0000008ae3800000) (1024K)]
  0x0000027e7be10440 JavaThread "Signal Dispatcher"          daemon [_thread_blocked, id=39608, stack(0x0000008ae3800000,0x0000008ae3900000) (1024K)]
  0x0000027e7be12eb0 JavaThread "Attach Listener"            daemon [_thread_blocked, id=61604, stack(0x0000008ae3900000,0x0000008ae3a00000) (1024K)]
  0x0000027e7be13910 JavaThread "Service Thread"             daemon [_thread_blocked, id=65484, stack(0x0000008ae3a00000,0x0000008ae3b00000) (1024K)]
  0x0000027e7be14370 JavaThread "Monitor Deflation Thread"   daemon [_thread_blocked, id=59348, stack(0x0000008ae3b00000,0x0000008ae3c00000) (1024K)]
  0x0000027e7be16510 JavaThread "C2 CompilerThread0"         daemon [_thread_blocked, id=66388, stack(0x0000008ae3c00000,0x0000008ae3d00000) (1024K)]
  0x0000027e7be19710 JavaThread "C1 CompilerThread0"         daemon [_thread_blocked, id=32500, stack(0x0000008ae3d00000,0x0000008ae3e00000) (1024K)]
  0x0000027e54241840 JavaThread "Common-Cleaner"             daemon [_thread_blocked, id=62976, stack(0x0000008ae3e00000,0x0000008ae3f00000) (1024K)]
  0x0000027e542bbd20 JavaThread "Notification Thread"        daemon [_thread_blocked, id=36348, stack(0x0000008ae3f00000,0x0000008ae4000000) (1024K)]
  0x0000027e5423ff90 JavaThread "Daemon health stats"               [_thread_blocked, id=30896, stack(0x0000008ae4500000,0x0000008ae4600000) (1024K)]
  0x0000027e54318ab0 JavaThread "Incoming local TCP Connector on port 9655"        [_thread_in_native, id=42824, stack(0x0000008ae4600000,0x0000008ae4700000) (1024K)]
  0x0000027e5469b3a0 JavaThread "Daemon periodic checks"            [_thread_blocked, id=39636, stack(0x0000008ae4700000,0x0000008ae4800000) (1024K)]
  0x0000027e55224ce0 JavaThread "Daemon"                            [_thread_blocked, id=41444, stack(0x0000008ae4800000,0x0000008ae4900000) (1024K)]
  0x0000027e55225350 JavaThread "Handler for socket connection from /127.0.0.1:9655 to /127.0.0.1:9658"        [_thread_in_native, id=42868, stack(0x0000008ae4900000,0x0000008ae4a00000) (1024K)]
  0x0000027e54f20070 JavaThread "Cancel handler"                    [_thread_blocked, id=57172, stack(0x0000008ae4a00000,0x0000008ae4b00000) (1024K)]
=>0x0000027e54f206e0 JavaThread "Daemon worker"                     [_thread_in_vm, id=44968, stack(0x0000008ae4b00000,0x0000008ae4c00000) (1024K)]
  0x0000027e55a41080 JavaThread "Asynchronous log dispatcher for DefaultDaemonConnection: socket connection from /127.0.0.1:9655 to /127.0.0.1:9658"        [_thread_blocked, id=51288, stack(0x0000008ae4c00000,0x0000008ae4d00000) (1024K)]
  0x0000027e55a41710 JavaThread "Stdin handler"                     [_thread_blocked, id=54688, stack(0x0000008ae4d00000,0x0000008ae4e00000) (1024K)]
  0x0000027e55a409f0 JavaThread "Daemon client event forwarder"        [_thread_blocked, id=40732, stack(0x0000008ae4e00000,0x0000008ae4f00000) (1024K)]
  0x0000027e55a42430 JavaThread "Cache worker for journal cache (C:\Users\User\.gradle\caches\journal-1)"        [_thread_blocked, id=61712, stack(0x0000008ae4f00000,0x0000008ae5000000) (1024K)]
  0x0000027e55a3fcd0 JavaThread "File lock request listener"        [_thread_blocked, id=67644, stack(0x0000008ae5000000,0x0000008ae5100000) (1024K)]
  0x0000027e55a41da0 JavaThread "Cache worker for file hash cache (C:\Users\User\.gradle\caches\8.11.1\fileHashes)"        [_thread_blocked, id=46792, stack(0x0000008ae5100000,0x0000008ae5200000) (1024K)]
  0x0000027e55a43150 JavaThread "Cache worker for file content cache (C:\Users\User\.gradle\caches\8.11.1\fileContent)"        [_thread_blocked, id=38664, stack(0x0000008ae5200000,0x0000008ae5300000) (1024K)]
  0x0000027e55a40360 JavaThread "File lock release action executor"        [_thread_blocked, id=57904, stack(0x0000008ae5300000,0x0000008ae5400000) (1024K)]
  0x0000027e579a3d10 JavaThread "Cache worker for file hash cache (C:\EAD Project\SmartSolarMicrogrid\mobile-client\.gradle\8.11.1\fileHashes)"        [_thread_blocked, id=44572, stack(0x0000008ae5700000,0x0000008ae5800000) (1024K)]
  0x0000027e579a5de0 JavaThread "Cache worker for Build Output Cleanup Cache (C:\EAD Project\SmartSolarMicrogrid\mobile-client\.gradle\buildOutputCleanup)"        [_thread_blocked, id=49896, stack(0x0000008ae5800000,0x0000008ae5900000) (1024K)]
  0x0000027e579a6470 JavaThread "File watcher server"        daemon [_thread_in_native, id=53748, stack(0x0000008ae5900000,0x0000008ae5a00000) (1024K)]
  0x0000027e579a4a30 JavaThread "File watcher consumer"      daemon [_thread_blocked, id=60192, stack(0x0000008ae5a00000,0x0000008ae5b00000) (1024K)]
  0x0000027e579a5750 JavaThread "Cache worker for checksums cache (C:\EAD Project\SmartSolarMicrogrid\mobile-client\.gradle\8.11.1\checksums)"        [_thread_blocked, id=49788, stack(0x0000008ae5b00000,0x0000008ae5c00000) (1024K)]
  0x0000027e579a6b00 JavaThread "Cache worker for cache directory md-rule (C:\Users\User\.gradle\caches\8.11.1\md-rule)"        [_thread_blocked, id=65584, stack(0x0000008ae5c00000,0x0000008ae5d00000) (1024K)]
  0x0000027e579a50c0 JavaThread "Cache worker for cache directory md-supplier (C:\Users\User\.gradle\caches\8.11.1\md-supplier)"        [_thread_blocked, id=61816, stack(0x0000008ae5d00000,0x0000008ae5e00000) (1024K)]
  0x0000027e579a7190 JavaThread "jar transforms"                    [_thread_blocked, id=53136, stack(0x0000008ae5e00000,0x0000008ae5f00000) (1024K)]
  0x0000027e579a7820 JavaThread "jar transforms Thread 2"           [_thread_blocked, id=60552, stack(0x0000008ae5f00000,0x0000008ae6000000) (1024K)]
Total: 35

Other Threads:
  0x0000027e7bde9ba0 VMThread "VM Thread"                           [id=58084, stack(0x0000008ae3500000,0x0000008ae3600000) (1024K)] _threads_hazard_ptr=0x0000027e589be7e0
  0x0000027e7bdd5150 WatcherThread "VM Periodic Task Thread"        [id=55532, stack(0x0000008ae3400000,0x0000008ae3500000) (1024K)]
  0x0000027e7145e020 WorkerThread "GC Thread#0"                     [id=49104, stack(0x0000008ae2f00000,0x0000008ae3000000) (1024K)]
  0x0000027e5465a570 WorkerThread "GC Thread#1"                     [id=64044, stack(0x0000008ae4000000,0x0000008ae4100000) (1024K)]
  0x0000027e54359c70 WorkerThread "GC Thread#2"                     [id=38076, stack(0x0000008ae4100000,0x0000008ae4200000) (1024K)]
  0x0000027e5435a020 WorkerThread "GC Thread#3"                     [id=55864, stack(0x0000008ae4200000,0x0000008ae4300000) (1024K)]
  0x0000027e54f30380 WorkerThread "GC Thread#4"                     [id=34524, stack(0x0000008ae4400000,0x0000008ae4500000) (1024K)]
  0x0000027e54089f40 WorkerThread "GC Thread#5"                     [id=17796, stack(0x0000008ae4300000,0x0000008ae4400000) (1024K)]
  0x0000027e58028680 WorkerThread "GC Thread#6"                     [id=38424, stack(0x0000008ae5400000,0x0000008ae5500000) (1024K)]
  0x0000027e58028de0 WorkerThread "GC Thread#7"                     [id=62308, stack(0x0000008ae5500000,0x0000008ae5600000) (1024K)]
  0x0000027e736dca00 ConcurrentGCThread "G1 Main Marker"            [id=66436, stack(0x0000008ae3000000,0x0000008ae3100000) (1024K)]
  0x0000027e736dd420 WorkerThread "G1 Conc#0"                       [id=32528, stack(0x0000008ae3100000,0x0000008ae3200000) (1024K)]
  0x0000027e5802ab60 WorkerThread "G1 Conc#1"                       [id=41048, stack(0x0000008ae5600000,0x0000008ae5700000) (1024K)]
  0x0000027e7bca9660 ConcurrentGCThread "G1 Refine#0"               [id=30596, stack(0x0000008ae3200000,0x0000008ae3300000) (1024K)]
  0x0000027e7bca9f90 ConcurrentGCThread "G1 Service"                [id=63572, stack(0x0000008ae3300000,0x0000008ae3400000) (1024K)]
Total: 15

Threads with active compile tasks:
Total: 0

VM state: synchronizing (normal execution)

VM Mutex/Monitor currently owned by a thread:  ([mutex/lock_event])
[0x00007ff825bed530] Metaspace_lock - owner thread: 0x0000027e54f206e0
[0x00007ff825bef5b0] Threads_lock - owner thread: 0x0000027e7bde9ba0

Heap address: 0x0000000080000000, size: 2048 MB, Compressed Oops mode: 32-bit

CDS archive(s) mapped at: [0x0000027e0f000000-0x0000027e0fba0000-0x0000027e0fba0000), size 12189696, SharedBaseAddress: 0x0000027e0f000000, ArchiveRelocationMode: 1.
Compressed class space mapped at: 0x0000027e10000000-0x0000027e50000000, reserved size: 1073741824
Narrow klass base: 0x0000027e0f000000, Narrow klass shift: 0, Narrow klass range: 0x100000000

GC Precious Log:
 CardTable entry size: 512
 Card Set container configuration: InlinePtr #cards 5 size 8 Array Of Cards #cards 12 size 40 Howl #buckets 4 coarsen threshold 1843 Howl Bitmap #cards 512 size 80 coarsen threshold 460 Card regions per heap region 1 cards per card region 2048
 CPUs: 8 total, 8 available
 Memory: 12028M
 Large Page Support: Disabled
 NUMA Support: Disabled
 Compressed Oops: Enabled (32-bit)
 Heap Region Size: 1M
 Heap Min Capacity: 8M
 Heap Initial Capacity: 188M
 Heap Max Capacity: 2G
 Pre-touch: Disabled
 Parallel Workers: 8
 Concurrent Workers: 2
 Concurrent Refinement Workers: 8
 Periodic GC: Disabled

Heap:
 garbage-first heap   total 99328K, used 44601K [0x0000000080000000, 0x0000000100000000)
  region size 1024K, 11 young (11264K), 4 survivors (4096K)
 Metaspace       used 49859K, committed 51456K, reserved 1114112K
  class space    used 7169K, committed 8000K, reserved 1048576K

Heap Regions: E=young(eden), S=young(survivor), O=old, HS=humongous(starts), HC=humongous(continues), CS=collection set, F=free, TAMS=top-at-mark-start, PB=parsable bottom
|   0|0x0000000080000000, 0x0000000080100000, 0x0000000080100000|100%| O|  |TAMS 0x0000000080000000| PB 0x0000000080000000| Untracked 
|   1|0x0000000080100000, 0x0000000080200000, 0x0000000080200000|100%|HS|  |TAMS 0x0000000080100000| PB 0x0000000080100000| Complete 
|   2|0x0000000080200000, 0x0000000080300000, 0x0000000080300000|100%|HC|  |TAMS 0x0000000080200000| PB 0x0000000080200000| Complete 
|   3|0x0000000080300000, 0x0000000080400000, 0x0000000080400000|100%|HC|  |TAMS 0x0000000080300000| PB 0x0000000080300000| Complete 
|   4|0x0000000080400000, 0x0000000080500000, 0x0000000080500000|100%| O|  |TAMS 0x0000000080400000| PB 0x0000000080400000| Untracked 
|   5|0x0000000080500000, 0x0000000080600000, 0x0000000080600000|100%| O|  |TAMS 0x0000000080500000| PB 0x0000000080500000| Untracked 
|   6|0x0000000080600000, 0x0000000080700000, 0x0000000080700000|100%|HS|  |TAMS 0x0000000080600000| PB 0x0000000080600000| Complete 
|   7|0x0000000080700000, 0x0000000080800000, 0x0000000080800000|100%| O|  |TAMS 0x0000000080700000| PB 0x0000000080700000| Untracked 
|   8|0x0000000080800000, 0x0000000080900000, 0x0000000080900000|100%| O|  |TAMS 0x0000000080800000| PB 0x0000000080800000| Untracked 
|   9|0x0000000080900000, 0x0000000080a00000, 0x0000000080a00000|100%| O|  |TAMS 0x0000000080900000| PB 0x0000000080900000| Untracked 
|  10|0x0000000080a00000, 0x0000000080b00000, 0x0000000080b00000|100%| O|  |TAMS 0x0000000080a00000| PB 0x0000000080a00000| Untracked 
|  11|0x0000000080b00000, 0x0000000080c00000, 0x0000000080c00000|100%| O|  |TAMS 0x0000000080b00000| PB 0x0000000080b00000| Untracked 
|  12|0x0000000080c00000, 0x0000000080d00000, 0x0000000080d00000|100%| O|  |TAMS 0x0000000080c00000| PB 0x0000000080c00000| Untracked 
|  13|0x0000000080d00000, 0x0000000080e00000, 0x0000000080e00000|100%| O|  |TAMS 0x0000000080d00000| PB 0x0000000080d00000| Untracked 
|  14|0x0000000080e00000, 0x0000000080f00000, 0x0000000080f00000|100%| O|  |TAMS 0x0000000080e00000| PB 0x0000000080e00000| Untracked 
|  15|0x0000000080f00000, 0x0000000081000000, 0x0000000081000000|100%| O|  |TAMS 0x0000000080f00000| PB 0x0000000080f00000| Untracked 
|  16|0x0000000081000000, 0x0000000081100000, 0x0000000081100000|100%| O|  |TAMS 0x0000000081000000| PB 0x0000000081000000| Untracked 
|  17|0x0000000081100000, 0x0000000081200000, 0x0000000081200000|100%| O|  |TAMS 0x0000000081100000| PB 0x0000000081100000| Untracked 
|  18|0x0000000081200000, 0x0000000081200000, 0x0000000081300000|  0%| F|  |TAMS 0x0000000081200000| PB 0x0000000081200000| Untracked 
|  19|0x0000000081300000, 0x0000000081400000, 0x0000000081400000|100%| O|  |TAMS 0x0000000081300000| PB 0x0000000081300000| Untracked 
|  20|0x0000000081400000, 0x0000000081500000, 0x0000000081500000|100%| O|  |TAMS 0x0000000081400000| PB 0x0000000081400000| Untracked 
|  21|0x0000000081500000, 0x0000000081600000, 0x0000000081600000|100%| O|  |TAMS 0x0000000081500000| PB 0x0000000081500000| Untracked 
|  22|0x0000000081600000, 0x0000000081700000, 0x0000000081700000|100%| O|  |TAMS 0x0000000081600000| PB 0x0000000081600000| Untracked 
|  23|0x0000000081700000, 0x0000000081800000, 0x0000000081800000|100%| O|  |TAMS 0x0000000081700000| PB 0x0000000081700000| Untracked 
|  24|0x0000000081800000, 0x0000000081900000, 0x0000000081900000|100%| O|  |TAMS 0x0000000081800000| PB 0x0000000081800000| Untracked 
|  25|0x0000000081900000, 0x0000000081a00000, 0x0000000081a00000|100%| O|  |TAMS 0x0000000081900000| PB 0x0000000081900000| Untracked 
|  26|0x0000000081a00000, 0x0000000081a2dd90, 0x0000000081b00000| 17%| O|  |TAMS 0x0000000081a00000| PB 0x0000000081a00000| Untracked 
|  27|0x0000000081b00000, 0x0000000081c00000, 0x0000000081c00000|100%| O|  |TAMS 0x0000000081b00000| PB 0x0000000081b00000| Untracked 
|  28|0x0000000081c00000, 0x0000000081d00000, 0x0000000081d00000|100%| O|  |TAMS 0x0000000081c00000| PB 0x0000000081c00000| Untracked 
|  29|0x0000000081d00000, 0x0000000081e00000, 0x0000000081e00000|100%| O|  |TAMS 0x0000000081d00000| PB 0x0000000081d00000| Untracked 
|  30|0x0000000081e00000, 0x0000000081f00000, 0x0000000081f00000|100%| O|  |TAMS 0x0000000081e00000| PB 0x0000000081e00000| Untracked 
|  31|0x0000000081f00000, 0x0000000081f00000, 0x0000000082000000|  0%| F|  |TAMS 0x0000000081f00000| PB 0x0000000081f00000| Untracked 
|  32|0x0000000082000000, 0x0000000082000000, 0x0000000082100000|  0%| F|  |TAMS 0x0000000082000000| PB 0x0000000082000000| Untracked 
|  33|0x0000000082100000, 0x0000000082100000, 0x0000000082200000|  0%| F|  |TAMS 0x0000000082100000| PB 0x0000000082100000| Untracked 
|  34|0x0000000082200000, 0x0000000082200000, 0x0000000082300000|  0%| F|  |TAMS 0x0000000082200000| PB 0x0000000082200000| Untracked 
|  35|0x0000000082300000, 0x0000000082300000, 0x0000000082400000|  0%| F|  |TAMS 0x0000000082300000| PB 0x0000000082300000| Untracked 
|  36|0x0000000082400000, 0x0000000082400000, 0x0000000082500000|  0%| F|  |TAMS 0x0000000082400000| PB 0x0000000082400000| Untracked 
|  37|0x0000000082500000, 0x0000000082500000, 0x0000000082600000|  0%| F|  |TAMS 0x0000000082500000| PB 0x0000000082500000| Untracked 
|  38|0x0000000082600000, 0x0000000082600000, 0x0000000082700000|  0%| F|  |TAMS 0x0000000082600000| PB 0x0000000082600000| Untracked 
|  39|0x0000000082700000, 0x0000000082700000, 0x0000000082800000|  0%| F|  |TAMS 0x0000000082700000| PB 0x0000000082700000| Untracked 
|  40|0x0000000082800000, 0x0000000082860840, 0x0000000082900000| 37%| S|CS|TAMS 0x0000000082800000| PB 0x0000000082800000| Complete 
|  41|0x0000000082900000, 0x0000000082a00000, 0x0000000082a00000|100%| S|CS|TAMS 0x0000000082900000| PB 0x0000000082900000| Complete 
|  42|0x0000000082a00000, 0x0000000082b00000, 0x0000000082b00000|100%| S|CS|TAMS 0x0000000082a00000| PB 0x0000000082a00000| Complete 
|  43|0x0000000082b00000, 0x0000000082c00000, 0x0000000082c00000|100%| S|CS|TAMS 0x0000000082b00000| PB 0x0000000082b00000| Complete 
|  44|0x0000000082c00000, 0x0000000082c00000, 0x0000000082d00000|  0%| F|  |TAMS 0x0000000082c00000| PB 0x0000000082c00000| Untracked 
|  45|0x0000000082d00000, 0x0000000082d00000, 0x0000000082e00000|  0%| F|  |TAMS 0x0000000082d00000| PB 0x0000000082d00000| Untracked 
|  46|0x0000000082e00000, 0x0000000082e00000, 0x0000000082f00000|  0%| F|  |TAMS 0x0000000082e00000| PB 0x0000000082e00000| Untracked 
|  47|0x0000000082f00000, 0x0000000082f00000, 0x0000000083000000|  0%| F|  |TAMS 0x0000000082f00000| PB 0x0000000082f00000| Untracked 
|  48|0x0000000083000000, 0x0000000083000000, 0x0000000083100000|  0%| F|  |TAMS 0x0000000083000000| PB 0x0000000083000000| Untracked 
|  49|0x0000000083100000, 0x0000000083100000, 0x0000000083200000|  0%| F|  |TAMS 0x0000000083100000| PB 0x0000000083100000| Untracked 
|  50|0x0000000083200000, 0x0000000083200000, 0x0000000083300000|  0%| F|  |TAMS 0x0000000083200000| PB 0x0000000083200000| Untracked 
|  51|0x0000000083300000, 0x0000000083300000, 0x0000000083400000|  0%| F|  |TAMS 0x0000000083300000| PB 0x0000000083300000| Untracked 
|  52|0x0000000083400000, 0x0000000083400000, 0x0000000083500000|  0%| F|  |TAMS 0x0000000083400000| PB 0x0000000083400000| Untracked 
|  53|0x0000000083500000, 0x0000000083500000, 0x0000000083600000|  0%| F|  |TAMS 0x0000000083500000| PB 0x0000000083500000| Untracked 
|  54|0x0000000083600000, 0x0000000083600000, 0x0000000083700000|  0%| F|  |TAMS 0x0000000083600000| PB 0x0000000083600000| Untracked 
|  55|0x0000000083700000, 0x0000000083700000, 0x0000000083800000|  0%| F|  |TAMS 0x0000000083700000| PB 0x0000000083700000| Untracked 
|  56|0x0000000083800000, 0x0000000083800000, 0x0000000083900000|  0%| F|  |TAMS 0x0000000083800000| PB 0x0000000083800000| Untracked 
|  57|0x0000000083900000, 0x0000000083900000, 0x0000000083a00000|  0%| F|  |TAMS 0x0000000083900000| PB 0x0000000083900000| Untracked 
|  58|0x0000000083a00000, 0x0000000083a00000, 0x0000000083b00000|  0%| F|  |TAMS 0x0000000083a00000| PB 0x0000000083a00000| Untracked 
|  59|0x0000000083b00000, 0x0000000083b00000, 0x0000000083c00000|  0%| F|  |TAMS 0x0000000083b00000| PB 0x0000000083b00000| Untracked 
|  60|0x0000000083c00000, 0x0000000083c00000, 0x0000000083d00000|  0%| F|  |TAMS 0x0000000083c00000| PB 0x0000000083c00000| Untracked 
|  61|0x0000000083d00000, 0x0000000083d00000, 0x0000000083e00000|  0%| F|  |TAMS 0x0000000083d00000| PB 0x0000000083d00000| Untracked 
|  62|0x0000000083e00000, 0x0000000083e00000, 0x0000000083f00000|  0%| F|  |TAMS 0x0000000083e00000| PB 0x0000000083e00000| Untracked 
|  63|0x0000000083f00000, 0x0000000083f00000, 0x0000000084000000|  0%| F|  |TAMS 0x0000000083f00000| PB 0x0000000083f00000| Untracked 
|  64|0x0000000084000000, 0x0000000084000000, 0x0000000084100000|  0%| F|  |TAMS 0x0000000084000000| PB 0x0000000084000000| Untracked 
|  65|0x0000000084100000, 0x0000000084100000, 0x0000000084200000|  0%| F|  |TAMS 0x0000000084100000| PB 0x0000000084100000| Untracked 
|  66|0x0000000084200000, 0x0000000084200000, 0x0000000084300000|  0%| F|  |TAMS 0x0000000084200000| PB 0x0000000084200000| Untracked 
|  67|0x0000000084300000, 0x0000000084300000, 0x0000000084400000|  0%| F|  |TAMS 0x0000000084300000| PB 0x0000000084300000| Untracked 
|  68|0x0000000084400000, 0x0000000084400000, 0x0000000084500000|  0%| F|  |TAMS 0x0000000084400000| PB 0x0000000084400000| Untracked 
|  69|0x0000000084500000, 0x0000000084500000, 0x0000000084600000|  0%| F|  |TAMS 0x0000000084500000| PB 0x0000000084500000| Untracked 
|  70|0x0000000084600000, 0x0000000084600000, 0x0000000084700000|  0%| F|  |TAMS 0x0000000084600000| PB 0x0000000084600000| Untracked 
|  71|0x0000000084700000, 0x0000000084700000, 0x0000000084800000|  0%| F|  |TAMS 0x0000000084700000| PB 0x0000000084700000| Untracked 
|  72|0x0000000084800000, 0x0000000084800000, 0x0000000084900000|  0%| F|  |TAMS 0x0000000084800000| PB 0x0000000084800000| Untracked 
|  73|0x0000000084900000, 0x0000000084900000, 0x0000000084a00000|  0%| F|  |TAMS 0x0000000084900000| PB 0x0000000084900000| Untracked 
|  74|0x0000000084a00000, 0x0000000084a00000, 0x0000000084b00000|  0%| F|  |TAMS 0x0000000084a00000| PB 0x0000000084a00000| Untracked 
|  75|0x0000000084b00000, 0x0000000084b00000, 0x0000000084c00000|  0%| F|  |TAMS 0x0000000084b00000| PB 0x0000000084b00000| Untracked 
|  76|0x0000000084c00000, 0x0000000084c00000, 0x0000000084d00000|  0%| F|  |TAMS 0x0000000084c00000| PB 0x0000000084c00000| Untracked 
|  77|0x0000000084d00000, 0x0000000084d00000, 0x0000000084e00000|  0%| F|  |TAMS 0x0000000084d00000| PB 0x0000000084d00000| Untracked 
|  78|0x0000000084e00000, 0x0000000084e00000, 0x0000000084f00000|  0%| F|  |TAMS 0x0000000084e00000| PB 0x0000000084e00000| Untracked 
|  84|0x0000000085400000, 0x0000000085400000, 0x0000000085500000|  0%| F|  |TAMS 0x0000000085400000| PB 0x0000000085400000| Untracked 
|  85|0x0000000085500000, 0x0000000085500000, 0x0000000085600000|  0%| F|  |TAMS 0x0000000085500000| PB 0x0000000085500000| Untracked 
|  86|0x0000000085600000, 0x0000000085600000, 0x0000000085700000|  0%| F|  |TAMS 0x0000000085600000| PB 0x0000000085600000| Untracked 
|  87|0x0000000085700000, 0x0000000085700000, 0x0000000085800000|  0%| F|  |TAMS 0x0000000085700000| PB 0x0000000085700000| Untracked 
|  88|0x0000000085800000, 0x0000000085800000, 0x0000000085900000|  0%| F|  |TAMS 0x0000000085800000| PB 0x0000000085800000| Untracked 
|  89|0x0000000085900000, 0x0000000085900000, 0x0000000085a00000|  0%| F|  |TAMS 0x0000000085900000| PB 0x0000000085900000| Untracked 
|  90|0x0000000085a00000, 0x0000000085b00000, 0x0000000085b00000|100%| E|  |TAMS 0x0000000085a00000| PB 0x0000000085a00000| Complete 
|  91|0x0000000085b00000, 0x0000000085c00000, 0x0000000085c00000|100%| E|CS|TAMS 0x0000000085b00000| PB 0x0000000085b00000| Complete 
|  92|0x0000000085c00000, 0x0000000085d00000, 0x0000000085d00000|100%| E|CS|TAMS 0x0000000085c00000| PB 0x0000000085c00000| Complete 
|  93|0x0000000085d00000, 0x0000000085e00000, 0x0000000085e00000|100%| E|CS|TAMS 0x0000000085d00000| PB 0x0000000085d00000| Complete 
|  94|0x0000000085e00000, 0x0000000085f00000, 0x0000000085f00000|100%| E|CS|TAMS 0x0000000085e00000| PB 0x0000000085e00000| Complete 
|  95|0x0000000085f00000, 0x0000000086000000, 0x0000000086000000|100%| E|CS|TAMS 0x0000000085f00000| PB 0x0000000085f00000| Complete 
| 187|0x000000008bb00000, 0x000000008bc00000, 0x000000008bc00000|100%| E|CS|TAMS 0x000000008bb00000| PB 0x000000008bb00000| Complete 
|2043|0x00000000ffb00000, 0x00000000ffc00000, 0x00000000ffc00000|100%| O|  |TAMS 0x00000000ffb00000| PB 0x00000000ffb00000| Untracked 
|2044|0x00000000ffc00000, 0x00000000ffd00000, 0x00000000ffd00000|100%| O|  |TAMS 0x00000000ffc00000| PB 0x00000000ffc00000| Untracked 
|2045|0x00000000ffd00000, 0x00000000ffe00000, 0x00000000ffe00000|100%| O|  |TAMS 0x00000000ffd00000| PB 0x00000000ffd00000| Untracked 
|2046|0x00000000ffe00000, 0x00000000fff00000, 0x00000000fff00000|100%| O|  |TAMS 0x00000000ffe00000| PB 0x00000000ffe00000| Untracked 
|2047|0x00000000fff00000, 0x0000000100000000, 0x0000000100000000|100%| O|  |TAMS 0x00000000fff00000| PB 0x00000000fff00000| Untracked 

Card table byte_map: [0x0000027e76fa0000,0x0000027e773a0000] _byte_map_base: 0x0000027e76ba0000

Marking Bits: (CMBitMap*) 0x0000027e7145e640
 Bits: [0x0000027e773a0000, 0x0000027e793a0000)

Polling page: 0x0000027e71810000

Metaspace:

Usage:
  Non-class:     41.69 MB used.
      Class:      7.00 MB used.
       Both:     48.69 MB used.

Virtual space:
  Non-class space:       64.00 MB reserved,      42.44 MB ( 66%) committed,  1 nodes.
      Class space:        1.00 GB reserved,       7.81 MB ( <1%) committed,  1 nodes.
             Both:        1.06 GB reserved,      50.25 MB (  5%) committed. 

Chunk freelists:
   Non-Class:  4.98 MB
       Class:  8.11 MB
        Both:  13.09 MB

MaxMetaspaceSize: unlimited
CompressedClassSpaceSize: 1.00 GB
Initial GC threshold: 21.00 MB
Current GC threshold: 59.31 MB
CDS: on
 - commit_granule_bytes: 65536.
 - commit_granule_words: 8192.
 - virtual_space_node_default_size: 8388608.
 - enlarge_chunks_in_place: 1.
 - use_allocation_guard: 0.


Internal statistics:

num_allocs_failed_limit: 9.
num_arena_births: 2786.
num_arena_deaths: 0.
num_vsnodes_births: 2.
num_vsnodes_deaths: 0.
num_space_committed: 804.
num_space_uncommitted: 0.
num_chunks_returned_to_freelist: 9.
num_chunks_taken_from_freelist: 5064.
num_chunk_merges: 9.
num_chunk_splits: 3335.
num_chunks_enlarged: 2097.
num_inconsistent_stats: 0.

CodeHeap 'non-profiled nmethods': size=120000Kb used=2776Kb max_used=2776Kb free=117223Kb
 bounds [0x0000027e07ad0000, 0x0000027e07d90000, 0x0000027e0f000000]
CodeHeap 'profiled nmethods': size=120000Kb used=9106Kb max_used=9106Kb free=110893Kb
 bounds [0x0000027e00000000, 0x0000027e008f0000, 0x0000027e07530000]
CodeHeap 'non-nmethods': size=5760Kb used=2824Kb max_used=2838Kb free=2935Kb
 bounds [0x0000027e07530000, 0x0000027e07800000, 0x0000027e07ad0000]
CodeCache: size=245760Kb, used=14706Kb, max_used=14720Kb, free=231051Kb
 total_blobs=5627, nmethods=4750, adapters=781, full_count=0
Compilation: enabled, stopped_count=0, restarted_count=0

Compilation events (20 events):
Event: 55.777 Thread 0x0000027e7be19710 5256       1       org.antlr.v4.runtime.atn.RuleTransition::isEpsilon (2 bytes)
Event: 55.778 Thread 0x0000027e7be19710 nmethod 5256 0x0000027e07d85610 code [0x0000027e07d857a0, 0x0000027e07d85868]
Event: 55.825 Thread 0x0000027e7be19710 5257       3       org.antlr.v4.runtime.misc.MurmurHash::update (75 bytes)
Event: 55.826 Thread 0x0000027e7be19710 nmethod 5257 0x0000027e008e3310 code [0x0000027e008e34a0, 0x0000027e008e35c8]
Event: 55.830 Thread 0x0000027e7be19710 5258       3       org.antlr.v4.runtime.misc.MurmurHash::update (17 bytes)
Event: 55.831 Thread 0x0000027e7be19710 nmethod 5258 0x0000027e008e3690 code [0x0000027e008e3860, 0x0000027e008e3aa0]
Event: 55.831 Thread 0x0000027e7be19710 5259       3       org.antlr.v4.runtime.misc.MurmurHash::initialize (2 bytes)
Event: 55.831 Thread 0x0000027e7be19710 nmethod 5259 0x0000027e008e3b90 code [0x0000027e008e3d20, 0x0000027e008e3e10]
Event: 55.831 Thread 0x0000027e7be19710 5260       3       org.antlr.v4.runtime.misc.MurmurHash::finish (39 bytes)
Event: 55.831 Thread 0x0000027e7be16510 5262       4       org.antlr.v4.runtime.misc.MurmurHash::update (75 bytes)
Event: 55.831 Thread 0x0000027e7be19710 nmethod 5260 0x0000027e008e3e90 code [0x0000027e008e4020, 0x0000027e008e4140]
Event: 55.831 Thread 0x0000027e7be19710 5261       1       org.antlr.v4.runtime.atn.PredictionContext::hashCode (5 bytes)
Event: 55.831 Thread 0x0000027e7be19710 nmethod 5261 0x0000027e07d85910 code [0x0000027e07d85aa0, 0x0000027e07d85b68]
Event: 55.832 Thread 0x0000027e7be16510 nmethod 5262 0x0000027e07d85c10 code [0x0000027e07d85d80, 0x0000027e07d85e10]
Event: 55.834 Thread 0x0000027e7be16510 5263       4       java.util.ArrayList$Itr::<init> (26 bytes)
Event: 55.834 Thread 0x0000027e7be19710 5264       3       org.antlr.v4.runtime.atn.SemanticContext$Predicate::hashCode (47 bytes)
Event: 55.835 Thread 0x0000027e7be19710 nmethod 5264 0x0000027e008e4210 code [0x0000027e008e4400, 0x0000027e008e46e8]
Event: 55.835 Thread 0x0000027e7be19710 5265       3       org.antlr.v4.runtime.misc.MurmurHash::initialize (5 bytes)
Event: 55.835 Thread 0x0000027e7be19710 nmethod 5265 0x0000027e008e4810 code [0x0000027e008e49c0, 0x0000027e008e4b08]
Event: 55.837 Thread 0x0000027e7be16510 nmethod 5263 0x0000027e07d85f10 code [0x0000027e07d860a0, 0x0000027e07d86250]

GC Heap History (20 events):
Event: 2.928 GC heap before
{Heap before GC invocations=0 (full 0):
 garbage-first heap   total 192512K, used 23552K [0x0000000080000000, 0x0000000100000000)
  region size 1024K, 23 young (23552K), 0 survivors (0K)
 Metaspace       used 1074K, committed 1216K, reserved 1114112K
  class space    used 81K, committed 128K, reserved 1048576K
}
Event: 3.101 GC heap after
{Heap after GC invocations=1 (full 0):
 garbage-first heap   total 192512K, used 3216K [0x0000000080000000, 0x0000000100000000)
  region size 1024K, 3 young (3072K), 3 survivors (3072K)
 Metaspace       used 1074K, committed 1216K, reserved 1114112K
  class space    used 81K, committed 128K, reserved 1048576K
}
Event: 7.735 GC heap before
{Heap before GC invocations=1 (full 0):
 garbage-first heap   total 192512K, used 40080K [0x0000000080000000, 0x0000000100000000)
  region size 1024K, 37 young (37888K), 3 survivors (3072K)
 Metaspace       used 4399K, committed 4544K, reserved 1114112K
  class space    used 554K, committed 640K, reserved 1048576K
}
Event: 7.748 GC heap after
{Heap after GC invocations=2 (full 0):
 garbage-first heap   total 192512K, used 10876K [0x0000000080000000, 0x0000000100000000)
  region size 1024K, 5 young (5120K), 5 survivors (5120K)
 Metaspace       used 4399K, committed 4544K, reserved 1114112K
  class space    used 554K, committed 640K, reserved 1048576K
}
Event: 15.936 GC heap before
{Heap before GC invocations=2 (full 0):
 garbage-first heap   total 192512K, used 59004K [0x0000000080000000, 0x0000000100000000)
  region size 1024K, 51 young (52224K), 5 survivors (5120K)
 Metaspace       used 5701K, committed 6016K, reserved 1114112K
  class space    used 761K, committed 896K, reserved 1048576K
}
Event: 15.946 GC heap after
{Heap after GC invocations=3 (full 0):
 garbage-first heap   total 192512K, used 16617K [0x0000000080000000, 0x0000000100000000)
  region size 1024K, 5 young (5120K), 5 survivors (5120K)
 Metaspace       used 5701K, committed 6016K, reserved 1114112K
  class space    used 761K, committed 896K, reserved 1048576K
}
Event: 33.898 GC heap before
{Heap before GC invocations=3 (full 0):
 garbage-first heap   total 192512K, used 104681K [0x0000000080000000, 0x0000000100000000)
  region size 1024K, 92 young (94208K), 5 survivors (5120K)
 Metaspace       used 20796K, committed 21504K, reserved 1114112K
  class space    used 3073K, committed 3456K, reserved 1048576K
}
Event: 34.028 GC heap after
{Heap after GC invocations=4 (full 0):
 garbage-first heap   total 192512K, used 23909K [0x0000000080000000, 0x0000000100000000)
  region size 1024K, 12 young (12288K), 12 survivors (12288K)
 Metaspace       used 20796K, committed 21504K, reserved 1114112K
  class space    used 3073K, committed 3456K, reserved 1048576K
}
Event: 38.546 GC heap before
{Heap before GC invocations=5 (full 0):
 garbage-first heap   total 81920K, used 81253K [0x0000000080000000, 0x0000000100000000)
  region size 1024K, 68 young (69632K), 12 survivors (12288K)
 Metaspace       used 28072K, committed 29248K, reserved 1114112K
  class space    used 4272K, committed 4864K, reserved 1048576K
}
Event: 38.563 GC heap after
{Heap after GC invocations=6 (full 0):
 garbage-first heap   total 99328K, used 28021K [0x0000000080000000, 0x0000000100000000)
  region size 1024K, 12 young (12288K), 12 survivors (12288K)
 Metaspace       used 28072K, committed 29248K, reserved 1114112K
  class space    used 4272K, committed 4864K, reserved 1048576K
}
Event: 41.094 GC heap before
{Heap before GC invocations=6 (full 0):
 garbage-first heap   total 99328K, used 62837K [0x0000000080000000, 0x0000000100000000)
  region size 1024K, 48 young (49152K), 12 survivors (12288K)
 Metaspace       used 34758K, committed 35968K, reserved 1114112K
  class space    used 5154K, committed 5760K, reserved 1048576K
}
Event: 41.108 GC heap after
{Heap after GC invocations=7 (full 0):
 garbage-first heap   total 99328K, used 31465K [0x0000000080000000, 0x0000000100000000)
  region size 1024K, 8 young (8192K), 8 survivors (8192K)
 Metaspace       used 34758K, committed 35968K, reserved 1114112K
  class space    used 5154K, committed 5760K, reserved 1048576K
}
Event: 41.286 GC heap before
{Heap before GC invocations=7 (full 0):
 garbage-first heap   total 99328K, used 32489K [0x0000000080000000, 0x0000000100000000)
  region size 1024K, 10 young (10240K), 8 survivors (8192K)
 Metaspace       used 35039K, committed 36288K, reserved 1114112K
  class space    used 5194K, committed 5824K, reserved 1048576K
}
Event: 41.296 GC heap after
{Heap after GC invocations=8 (full 0):
 garbage-first heap   total 99328K, used 31969K [0x0000000080000000, 0x0000000100000000)
  region size 1024K, 5 young (5120K), 5 survivors (5120K)
 Metaspace       used 35039K, committed 36288K, reserved 1114112K
  class space    used 5194K, committed 5824K, reserved 1048576K
}
Event: 43.479 GC heap before
{Heap before GC invocations=9 (full 0):
 garbage-first heap   total 99328K, used 84193K [0x0000000080000000, 0x0000000100000000)
  region size 1024K, 52 young (53248K), 5 survivors (5120K)
 Metaspace       used 38603K, committed 39936K, reserved 1114112K
  class space    used 5585K, committed 6208K, reserved 1048576K
}
Event: 43.492 GC heap after
{Heap after GC invocations=10 (full 0):
 garbage-first heap   total 99328K, used 36129K [0x0000000080000000, 0x0000000100000000)
  region size 1024K, 5 young (5120K), 5 survivors (5120K)
 Metaspace       used 38603K, committed 39936K, reserved 1114112K
  class space    used 5585K, committed 6208K, reserved 1048576K
}
Event: 47.056 GC heap before
{Heap before GC invocations=10 (full 0):
 garbage-first heap   total 99328K, used 82209K [0x0000000080000000, 0x0000000100000000)
  region size 1024K, 50 young (51200K), 5 survivors (5120K)
 Metaspace       used 41938K, committed 43456K, reserved 1114112K
  class space    used 6122K, committed 6848K, reserved 1048576K
}
Event: 47.063 GC heap after
{Heap after GC invocations=11 (full 0):
 garbage-first heap   total 99328K, used 37413K [0x0000000080000000, 0x0000000100000000)
  region size 1024K, 3 young (3072K), 3 survivors (3072K)
 Metaspace       used 41938K, committed 43456K, reserved 1114112K
  class space    used 6122K, committed 6848K, reserved 1048576K
}
Event: 54.989 GC heap before
{Heap before GC invocations=11 (full 0):
 garbage-first heap   total 99328K, used 84517K [0x0000000080000000, 0x0000000100000000)
  region size 1024K, 48 young (49152K), 3 survivors (3072K)
 Metaspace       used 48624K, committed 50176K, reserved 1114112K
  class space    used 6972K, committed 7744K, reserved 1048576K
}
Event: 54.995 GC heap after
{Heap after GC invocations=12 (full 0):
 garbage-first heap   total 99328K, used 38457K [0x0000000080000000, 0x0000000100000000)
  region size 1024K, 4 young (4096K), 4 survivors (4096K)
 Metaspace       used 48624K, committed 50176K, reserved 1114112K
  class space    used 6972K, committed 7744K, reserved 1048576K
}

Dll operation events (20 events):
Event: 0.419 Attempting to load shared library C:\Users\User\.vscode\extensions\redhat.java-1.56.0-win32-x64\jre\21.0.12.1-win32-x86_64\bin\nio.dll
Event: 0.425 Loaded shared library C:\Users\User\.vscode\extensions\redhat.java-1.56.0-win32-x64\jre\21.0.12.1-win32-x86_64\bin\nio.dll
Event: 0.433 Attempting to load shared library C:\Users\User\.vscode\extensions\redhat.java-1.56.0-win32-x64\jre\21.0.12.1-win32-x86_64\bin\zip.dll
Event: 0.433 Loaded shared library C:\Users\User\.vscode\extensions\redhat.java-1.56.0-win32-x64\jre\21.0.12.1-win32-x86_64\bin\zip.dll
Event: 2.135 Attempting to load shared library C:\Users\User\.vscode\extensions\redhat.java-1.56.0-win32-x64\jre\21.0.12.1-win32-x86_64\bin\jimage.dll
Event: 2.135 Loaded shared library C:\Users\User\.vscode\extensions\redhat.java-1.56.0-win32-x64\jre\21.0.12.1-win32-x86_64\bin\jimage.dll
Event: 3.735 Attempting to load shared library C:\Users\User\.vscode\extensions\redhat.java-1.56.0-win32-x64\jre\21.0.12.1-win32-x86_64\bin\verify.dll
Event: 3.736 Loaded shared library C:\Users\User\.vscode\extensions\redhat.java-1.56.0-win32-x64\jre\21.0.12.1-win32-x86_64\bin\verify.dll
Event: 4.717 Attempting to load shared library C:\Users\User\.gradle\native\c067742578af261105cb4f569cf0c3c89f3d7b1fecec35dd04571415982c5e48\windows-amd64\native-platform.dll
Event: 4.718 Loaded shared library C:\Users\User\.gradle\native\c067742578af261105cb4f569cf0c3c89f3d7b1fecec35dd04571415982c5e48\windows-amd64\native-platform.dll
Event: 4.797 Attempting to load shared library C:\Users\User\.gradle\native\100fb08df4bc3b14c8652ba06237920a3bd2aa13389f12d3474272988ae205f9\windows-amd64\native-platform-file-events.dll
Event: 4.803 Loaded shared library C:\Users\User\.gradle\native\100fb08df4bc3b14c8652ba06237920a3bd2aa13389f12d3474272988ae205f9\windows-amd64\native-platform-file-events.dll
Event: 16.406 Attempting to load shared library C:\Users\User\.vscode\extensions\redhat.java-1.56.0-win32-x64\jre\21.0.12.1-win32-x86_64\bin\management.dll
Event: 16.418 Loaded shared library C:\Users\User\.vscode\extensions\redhat.java-1.56.0-win32-x64\jre\21.0.12.1-win32-x86_64\bin\management.dll
Event: 16.426 Attempting to load shared library C:\Users\User\.vscode\extensions\redhat.java-1.56.0-win32-x64\jre\21.0.12.1-win32-x86_64\bin\management_ext.dll
Event: 16.430 Loaded shared library C:\Users\User\.vscode\extensions\redhat.java-1.56.0-win32-x64\jre\21.0.12.1-win32-x86_64\bin\management_ext.dll
Event: 20.284 Attempting to load shared library C:\Users\User\.vscode\extensions\redhat.java-1.56.0-win32-x64\jre\21.0.12.1-win32-x86_64\bin\extnet.dll
Event: 20.290 Loaded shared library C:\Users\User\.vscode\extensions\redhat.java-1.56.0-win32-x64\jre\21.0.12.1-win32-x86_64\bin\extnet.dll
Event: 22.772 Attempting to load shared library C:\Users\User\.vscode\extensions\redhat.java-1.56.0-win32-x64\jre\21.0.12.1-win32-x86_64\bin\sunmscapi.dll
Event: 22.778 Loaded shared library C:\Users\User\.vscode\extensions\redhat.java-1.56.0-win32-x64\jre\21.0.12.1-win32-x86_64\bin\sunmscapi.dll

Deoptimization events (20 events):
Event: 53.071 Thread 0x0000027e54f206e0 Uncommon trap: trap_request=0xffffff45 fr.pc=0x0000027e07b570b4 relative=0x00000000000001f4
Event: 53.071 Thread 0x0000027e54f206e0 Uncommon trap: reason=unstable_if action=reinterpret pc=0x0000027e07b570b4 method=java.net.URI$Parser.scan(IILjava/lang/String;)I @ 26 c2
Event: 53.071 Thread 0x0000027e54f206e0 DEOPT PACKING pc=0x0000027e07b570b4 sp=0x0000008ae4bfa340
Event: 53.071 Thread 0x0000027e54f206e0 DEOPT UNPACKING pc=0x0000027e07587ba2 sp=0x0000008ae4bfa2d0 mode 2
Event: 53.072 Thread 0x0000027e54f206e0 Uncommon trap: trap_request=0xffffff45 fr.pc=0x0000027e07b49e74 relative=0x0000000000000134
Event: 53.072 Thread 0x0000027e54f206e0 Uncommon trap: reason=unstable_if action=reinterpret pc=0x0000027e07b49e74 method=java.net.URI.match(CJJ)Z @ 45 c2
Event: 53.072 Thread 0x0000027e54f206e0 DEOPT PACKING pc=0x0000027e07b49e74 sp=0x0000008ae4bfa0b0
Event: 53.072 Thread 0x0000027e54f206e0 DEOPT UNPACKING pc=0x0000027e07587ba2 sp=0x0000008ae4bf9fd8 mode 2
Event: 53.072 Thread 0x0000027e54f206e0 Uncommon trap: trap_request=0xffffff45 fr.pc=0x0000027e07b0bd78 relative=0x0000000000000058
Event: 53.072 Thread 0x0000027e54f206e0 Uncommon trap: reason=unstable_if action=reinterpret pc=0x0000027e07b0bd78 method=java.net.URI.match(CJJ)Z @ 19 c2
Event: 53.072 Thread 0x0000027e54f206e0 DEOPT PACKING pc=0x0000027e07b0bd78 sp=0x0000008ae4bfa0c0
Event: 53.072 Thread 0x0000027e54f206e0 DEOPT UNPACKING pc=0x0000027e07587ba2 sp=0x0000008ae4bfa050 mode 2
Event: 55.002 Thread 0x0000027e54f206e0 Uncommon trap: trap_request=0xffffffde fr.pc=0x0000027e07c43a90 relative=0x00000000000002d0
Event: 55.002 Thread 0x0000027e54f206e0 Uncommon trap: reason=class_check action=maybe_recompile pc=0x0000027e07c43a90 method=java.util.Collections$SetFromMap.remove(Ljava/lang/Object;)Z @ 5 c2
Event: 55.002 Thread 0x0000027e54f206e0 DEOPT PACKING pc=0x0000027e07c43a90 sp=0x0000008ae4bfa9d0
Event: 55.002 Thread 0x0000027e54f206e0 DEOPT UNPACKING pc=0x0000027e07587ba2 sp=0x0000008ae4bfa9b8 mode 2
Event: 55.203 Thread 0x0000027e54f206e0 Uncommon trap: trap_request=0xffffffc6 fr.pc=0x0000027e07cfbf4c relative=0x000000000000026c
Event: 55.203 Thread 0x0000027e54f206e0 Uncommon trap: reason=bimorphic_or_optimized_type_check action=maybe_recompile pc=0x0000027e07cfbf4c method=java.util.Spliterators$IteratorSpliterator.tryAdvance(Ljava/util/function/Consumer;)Z @ 50 c2
Event: 55.203 Thread 0x0000027e54f206e0 DEOPT PACKING pc=0x0000027e07cfbf4c sp=0x0000008ae4bfb780
Event: 55.203 Thread 0x0000027e54f206e0 DEOPT UNPACKING pc=0x0000027e07587ba2 sp=0x0000008ae4bfb720 mode 2

Classes loaded (20 events):
Event: 53.674 Loading class javax/net/ssl/SSLException
Event: 53.675 Loading class javax/net/ssl/SSLException done
Event: 53.675 Loading class javax/net/ssl/SSLPeerUnverifiedException
Event: 53.675 Loading class javax/net/ssl/SSLPeerUnverifiedException done
Event: 53.675 Loading class java/security/cert/CertificateParsingException
Event: 53.675 Loading class java/security/cert/CertificateException
Event: 53.675 Loading class java/security/cert/CertificateException done
Event: 53.675 Loading class java/security/cert/CertificateParsingException done
Event: 53.675 Loading class javax/naming/NamingException
Event: 53.676 Loading class javax/naming/NamingException done
Event: 53.676 Loading class javax/naming/InvalidNameException
Event: 53.676 Loading class javax/naming/InvalidNameException done
Event: 54.836 Loading class java/util/function/IntBinaryOperator
Event: 54.836 Loading class java/util/function/IntBinaryOperator done
Event: 55.292 Loading class java/nio/channels/Channels$ReadableByteChannelImpl
Event: 55.292 Loading class java/nio/channels/Channels$ReadableByteChannelImpl done
Event: 55.360 Loading class java/util/EmptyStackException
Event: 55.360 Loading class java/util/EmptyStackException done
Event: 55.422 Loading class java/io/InvalidClassException
Event: 55.422 Loading class java/io/InvalidClassException done

Classes unloaded (0 events):
No events

Classes redefined (0 events):
No events

Internal exceptions (20 events):
Event: 44.805 Thread 0x0000027e54f206e0 Exception <a 'java/lang/NoSuchMethodError'{0x000000008405a3e0}: 'int java.lang.invoke.DirectMethodHandle$Holder.invokeInterface(java.lang.Object, java.lang.Object, java.lang.Object, java.lang.Object)'> (0x000000008405a3e0) 
thrown [s\src\hotspot\share\interpreter\linkResolver.cpp, line 773]
Event: 45.282 Thread 0x0000027e54f206e0 Exception <a 'java/lang/NoSuchMethodError'{0x0000000083eafa60}: 'java.lang.Object java.lang.invoke.DirectMethodHandle$Holder.invokeStatic(java.lang.Object, long, java.lang.Object)'> (0x0000000083eafa60) 
thrown [s\src\hotspot\share\interpreter\linkResolver.cpp, line 773]
Event: 45.298 Thread 0x0000027e54f206e0 Exception <a 'java/lang/NoSuchMethodError'{0x0000000083eb6b38}: 'java.lang.Object java.lang.invoke.DirectMethodHandle$Holder.newInvokeSpecial(java.lang.Object, long)'> (0x0000000083eb6b38) 
thrown [s\src\hotspot\share\interpreter\linkResolver.cpp, line 773]
Event: 45.421 Thread 0x0000027e54f206e0 Exception <a 'java/lang/NoSuchMethodError'{0x0000000083d1a7c8}: 'java.lang.Object java.lang.invoke.DirectMethodHandle$Holder.newInvokeSpecial(java.lang.Object, java.lang.Object, java.lang.Object, java.lang.Object, java.lang.Object, long, java.lang.Object)'> (0x0000000083d1a7c8) 
thrown [s\src\hotspot\share\interpreter\linkResolver.cpp, line 773]
Event: 45.422 Thread 0x0000027e54f206e0 Exception <a 'java/lang/NoSuchMethodError'{0x0000000083d22ed0}: 'java.lang.Object java.lang.invoke.Invokers$Holder.linkToTargetMethod(java.lang.Object, java.lang.Object, java.lang.Object, java.lang.Object, long, java.lang.Object, java.lang.Object)'> (0x0000000083d22ed0) 
thrown [s\src\hotspot\share\interpreter\linkResolver.cpp, line 773]
Event: 45.491 Thread 0x0000027e54f206e0 Exception <a 'java/lang/NoSuchMethodError'{0x0000000083d68410}: 'java.lang.Object java.lang.invoke.DirectMethodHandle$Holder.newInvokeSpecial(java.lang.Object, java.lang.Object, java.lang.Object, long, java.lang.Object)'> (0x0000000083d68410) 
thrown [s\src\hotspot\share\interpreter\linkResolver.cpp, line 773]
Event: 45.493 Thread 0x0000027e54f206e0 Exception <a 'java/lang/NoSuchMethodError'{0x0000000083d6cfc8}: 'java.lang.Object java.lang.invoke.DirectMethodHandle$Holder.invokeSpecial(java.lang.Object, java.lang.Object, java.lang.Object, java.lang.Object, long, java.lang.Object)'> (0x0000000083d6cfc8) 
thrown [s\src\hotspot\share\interpreter\linkResolver.cpp, line 773]
Event: 45.494 Thread 0x0000027e54f206e0 Exception <a 'java/lang/NoSuchMethodError'{0x0000000083d71250}: 'java.lang.Object java.lang.invoke.Invokers$Holder.linkToTargetMethod(java.lang.Object, java.lang.Object, long, java.lang.Object, java.lang.Object)'> (0x0000000083d71250) 
thrown [s\src\hotspot\share\interpreter\linkResolver.cpp, line 773]
Event: 46.065 Thread 0x0000027e54f206e0 Exception <a 'java/lang/NoSuchMethodError'{0x0000000083bd1ef8}: 'java.lang.Object java.lang.invoke.DirectMethodHandle$Holder.newInvokeSpecial(java.lang.Object, java.lang.Object, java.lang.Object, java.lang.Object, java.lang.Object, java.lang.Object, java.lang.Object, java.lang.Object, java.lang.Object, java.lang.Object, java.lang.Object, java.lang.Object, java.lang.Object, java.lang.Object, java.lang.Object, java.lang.Object, java.lang.Object, java.lang.Object, java.lang.Object, java.lang.Object, java.lang
Event: 46.478 Thread 0x0000027e54f206e0 Implicit null exception at 0x0000027e07cdc3fc to 0x0000027e07cdc4b4
Event: 46.900 Thread 0x0000027e54f206e0 Exception <a 'java/lang/IncompatibleClassChangeError'{0x00000000831c2720}: Found class java.lang.Object, but interface was expected> (0x00000000831c2720) 
thrown [s\src\hotspot\share\interpreter\linkResolver.cpp, line 840]
Event: 47.079 Thread 0x0000027e54f206e0 Exception <a 'java/lang/NoSuchMethodError'{0x000000008bb71600}: 'java.lang.Object java.lang.invoke.DirectMethodHandle$Holder.newInvokeSpecial(java.lang.Object, int, java.lang.Object)'> (0x000000008bb71600) 
thrown [s\src\hotspot\share\interpreter\linkResolver.cpp, line 773]
Event: 47.258 Thread 0x0000027e54f206e0 Exception <a 'java/lang/NoSuchMethodError'{0x0000000085ea8500}: 'java.lang.Object java.lang.invoke.DirectMethodHandle$Holder.invokeSpecial(java.lang.Object, java.lang.Object, long, java.lang.Object, java.lang.Object)'> (0x0000000085ea8500) 
thrown [s\src\hotspot\share\interpreter\linkResolver.cpp, line 773]
Event: 54.464 Thread 0x0000027e54f206e0 Exception <a 'sun/nio/fs/WindowsException'{0x00000000832b9008}> (0x00000000832b9008) 
thrown [s\src\hotspot\share\prims\jni.cpp, line 520]
Event: 54.464 Thread 0x0000027e54f206e0 Exception <a 'sun/nio/fs/WindowsException'{0x00000000832ba6f8}> (0x00000000832ba6f8) 
thrown [s\src\hotspot\share\prims\jni.cpp, line 520]
Event: 54.705 Thread 0x0000027e54f206e0 Exception <a 'java/lang/NoSuchMethodError'{0x00000000830562c8}: 'java.lang.Object java.lang.invoke.DirectMethodHandle$Holder.newInvokeSpecial(java.lang.Object, java.lang.Object, java.lang.Object, int)'> (0x00000000830562c8) 
thrown [s\src\hotspot\share\interpreter\linkResolver.cpp, line 773]
Event: 54.706 Thread 0x0000027e54f206e0 Exception <a 'java/lang/NoSuchMethodError'{0x000000008305aab0}: 'java.lang.Object java.lang.invoke.DirectMethodHandle$Holder.invokeSpecial(java.lang.Object, java.lang.Object, java.lang.Object, java.lang.Object, int)'> (0x000000008305aab0) 
thrown [s\src\hotspot\share\interpreter\linkResolver.cpp, line 773]
Event: 54.707 Thread 0x0000027e54f206e0 Exception <a 'java/lang/NoSuchMethodError'{0x000000008305ec20}: 'java.lang.Object java.lang.invoke.Invokers$Holder.linkToTargetMethod(java.lang.Object, java.lang.Object, int, java.lang.Object)'> (0x000000008305ec20) 
thrown [s\src\hotspot\share\interpreter\linkResolver.cpp, line 773]
Event: 54.812 Thread 0x0000027e54f206e0 Exception <a 'sun/nio/fs/WindowsException'{0x0000000082f0d630}> (0x0000000082f0d630) 
thrown [s\src\hotspot\share\prims\jni.cpp, line 520]
Event: 55.196 Thread 0x0000027e54f206e0 Exception <a 'java/lang/NoSuchMethodError'{0x0000000085f58570}: 'int java.lang.invoke.DirectMethodHandle$Holder.invokeInterface(java.lang.Object, java.lang.Object, java.lang.Object, java.lang.Object, java.lang.Object)'> (0x0000000085f58570) 
thrown [s\src\hotspot\share\interpreter\linkResolver.cpp, line 773]

ZGC Phase Switch (0 events):
No events

VM Operations (20 events):
Event: 46.823 Executing safepoint VM operation: Cleanup
Event: 46.824 Executing safepoint VM operation: Cleanup done
Event: 47.056 Executing safepoint VM operation: G1CollectForAllocation (G1 Evacuation Pause)
Event: 47.063 Executing safepoint VM operation: G1CollectForAllocation (G1 Evacuation Pause) done
Event: 47.330 Executing non-safepoint VM operation: HandshakeAllThreads (Deoptimize)
Event: 47.330 Executing non-safepoint VM operation: HandshakeAllThreads (Deoptimize) done
Event: 48.342 Executing safepoint VM operation: Cleanup
Event: 48.342 Executing safepoint VM operation: Cleanup done
Event: 49.342 Executing safepoint VM operation: Cleanup
Event: 49.342 Executing safepoint VM operation: Cleanup done
Event: 50.356 Executing safepoint VM operation: Cleanup
Event: 50.356 Executing safepoint VM operation: Cleanup done
Event: 52.386 Executing safepoint VM operation: Cleanup
Event: 52.402 Executing safepoint VM operation: Cleanup done
Event: 53.402 Executing safepoint VM operation: Cleanup
Event: 53.403 Executing safepoint VM operation: Cleanup done
Event: 54.404 Executing safepoint VM operation: Cleanup
Event: 54.451 Executing safepoint VM operation: Cleanup done
Event: 54.988 Executing safepoint VM operation: G1CollectForAllocation (G1 Evacuation Pause)
Event: 54.996 Executing safepoint VM operation: G1CollectForAllocation (G1 Evacuation Pause) done

Memory protections (0 events):
No events

Nmethod flushes (20 events):
Event: 41.335 Thread 0x0000027e7bde9ba0 flushing  nmethod 0x0000027e000d5c10
Event: 41.335 Thread 0x0000027e7bde9ba0 flushing  nmethod 0x0000027e0013cd10
Event: 41.335 Thread 0x0000027e7bde9ba0 flushing  nmethod 0x0000027e00141b90
Event: 41.335 Thread 0x0000027e7bde9ba0 flushing  nmethod 0x0000027e00177f90
Event: 41.335 Thread 0x0000027e7bde9ba0 flushing  nmethod 0x0000027e00178890
Event: 41.335 Thread 0x0000027e7bde9ba0 flushing  nmethod 0x0000027e00179290
Event: 41.335 Thread 0x0000027e7bde9ba0 flushing  nmethod 0x0000027e0017aa90
Event: 41.335 Thread 0x0000027e7bde9ba0 flushing  nmethod 0x0000027e0017b410
Event: 41.335 Thread 0x0000027e7bde9ba0 flushing  nmethod 0x0000027e0017c290
Event: 41.335 Thread 0x0000027e7bde9ba0 flushing  nmethod 0x0000027e0017d310
Event: 41.335 Thread 0x0000027e7bde9ba0 flushing  nmethod 0x0000027e0017dc10
Event: 41.335 Thread 0x0000027e7bde9ba0 flushing  nmethod 0x0000027e001c3810
Event: 41.335 Thread 0x0000027e7bde9ba0 flushing  nmethod 0x0000027e001c4290
Event: 41.335 Thread 0x0000027e7bde9ba0 flushing  nmethod 0x0000027e001c6a10
Event: 41.335 Thread 0x0000027e7bde9ba0 flushing  nmethod 0x0000027e001cbc90
Event: 41.335 Thread 0x0000027e7bde9ba0 flushing  nmethod 0x0000027e00201810
Event: 41.335 Thread 0x0000027e7bde9ba0 flushing  nmethod 0x0000027e0020c090
Event: 41.335 Thread 0x0000027e7bde9ba0 flushing  nmethod 0x0000027e0020c610
Event: 41.335 Thread 0x0000027e7bde9ba0 flushing  nmethod 0x0000027e003bdb10
Event: 41.335 Thread 0x0000027e7bde9ba0 flushing  nmethod 0x0000027e004daa90

Events (20 events):
Event: 27.008 Thread 0x0000027e54f206e0 Thread added: 0x0000027e55a42430
Event: 27.042 Thread 0x0000027e54f206e0 Thread added: 0x0000027e55a3fcd0
Event: 27.214 Thread 0x0000027e54f206e0 Thread added: 0x0000027e55a41da0
Event: 27.399 Thread 0x0000027e7be19710 Thread added: 0x0000027e563414f0
Event: 27.770 Thread 0x0000027e563414f0 Thread exited: 0x0000027e563414f0
Event: 31.791 Thread 0x0000027e54f206e0 Thread added: 0x0000027e55a43150
Event: 33.325 Thread 0x0000027e55a3fcd0 Thread added: 0x0000027e55a40360
Event: 34.613 Thread 0x0000027e54f206e0 Thread added: 0x0000027e579a3d10
Event: 34.705 Thread 0x0000027e54f206e0 Thread added: 0x0000027e579a5de0
Event: 35.892 Thread 0x0000027e54f206e0 Thread added: 0x0000027e579a6470
Event: 35.924 Thread 0x0000027e54f206e0 Thread added: 0x0000027e579a4a30
Event: 37.504 Thread 0x0000027e54f206e0 Thread added: 0x0000027e579a5750
Event: 38.156 Thread 0x0000027e54f206e0 Thread added: 0x0000027e579a6b00
Event: 38.465 Thread 0x0000027e54f206e0 Thread added: 0x0000027e579a50c0
Event: 39.318 Thread 0x0000027e54f206e0 Thread added: 0x0000027e579a7190
Event: 39.488 Thread 0x0000027e54f206e0 Thread added: 0x0000027e579a7820
Event: 40.129 Thread 0x0000027e7be19710 Thread added: 0x0000027e57b333b0
Event: 40.995 Thread 0x0000027e57b333b0 Thread exited: 0x0000027e57b333b0
Event: 42.179 Thread 0x0000027e7be19710 Thread added: 0x0000027e56109770
Event: 44.042 Thread 0x0000027e56109770 Thread exited: 0x0000027e56109770


Dynamic libraries:
0x00007ff6a5f10000 - 0x00007ff6a5f1e000 	C:\Users\User\.vscode\extensions\redhat.java-1.56.0-win32-x64\jre\21.0.12.1-win32-x86_64\bin\java.exe
0x00007ff9183e0000 - 0x00007ff918647000 	C:\WINDOWS\SYSTEM32\ntdll.dll
0x00007ff916fc0000 - 0x00007ff91708b000 	C:\WINDOWS\System32\KERNEL32.DLL
0x00007ff915cf0000 - 0x00007ff9160f1000 	C:\WINDOWS\System32\KERNELBASE.dll
0x00007ff915a10000 - 0x00007ff915b5c000 	C:\WINDOWS\System32\ucrtbase.dll
0x00007ff8f1f30000 - 0x00007ff8f1f48000 	C:\Users\User\.vscode\extensions\redhat.java-1.56.0-win32-x64\jre\21.0.12.1-win32-x86_64\bin\jli.dll
0x00007ff9163e0000 - 0x00007ff9165b7000 	C:\WINDOWS\System32\USER32.dll
0x00007ff915cc0000 - 0x00007ff915ce7000 	C:\WINDOWS\System32\win32u.dll
0x00007ff917b60000 - 0x00007ff917b8b000 	C:\WINDOWS\System32\GDI32.dll
0x00007ff9155e0000 - 0x00007ff915708000 	C:\WINDOWS\System32\gdi32full.dll
0x00007ff915960000 - 0x00007ff915a03000 	C:\WINDOWS\System32\msvcp_win.dll
0x00007ff8f1f10000 - 0x00007ff8f1f2e000 	C:\Users\User\.vscode\extensions\redhat.java-1.56.0-win32-x64\jre\21.0.12.1-win32-x86_64\bin\VCRUNTIME140.dll
0x00007ff8f56c0000 - 0x00007ff8f5950000 	C:\WINDOWS\WinSxS\amd64_microsoft.windows.common-controls_6595b64144ccf1df_6.0.26100.9549_none_3e0a0396e3330090\COMCTL32.dll
0x00007ff917570000 - 0x00007ff917619000 	C:\WINDOWS\System32\msvcrt.dll
0x00007ff917af0000 - 0x00007ff917b21000 	C:\WINDOWS\System32\IMM32.DLL
0x00007ff90fab0000 - 0x00007ff90fabc000 	C:\Users\User\.vscode\extensions\redhat.java-1.56.0-win32-x64\jre\21.0.12.1-win32-x86_64\bin\vcruntime140_1.dll
0x00007ff8e2ef0000 - 0x00007ff8e2f7d000 	C:\Users\User\.vscode\extensions\redhat.java-1.56.0-win32-x64\jre\21.0.12.1-win32-x86_64\bin\msvcp140.dll
0x00007ff824f30000 - 0x00007ff825cd2000 	C:\Users\User\.vscode\extensions\redhat.java-1.56.0-win32-x64\jre\21.0.12.1-win32-x86_64\bin\server\jvm.dll
0x00007ff916ae0000 - 0x00007ff916b9b000 	C:\WINDOWS\System32\ADVAPI32.dll
0x00007ff917830000 - 0x00007ff9178d8000 	C:\WINDOWS\System32\sechost.dll
0x00007ff916da0000 - 0x00007ff916eb8000 	C:\WINDOWS\System32\RPCRT4.dll
0x00007ff916f20000 - 0x00007ff916fa1000 	C:\WINDOWS\System32\WS2_32.dll
0x00007ff915430000 - 0x00007ff91548e000 	C:\WINDOWS\SYSTEM32\POWRPROF.dll
0x00007ff90bfe0000 - 0x00007ff90c017000 	C:\WINDOWS\SYSTEM32\WINMM.dll
0x00007ff9015e0000 - 0x00007ff9015eb000 	C:\WINDOWS\SYSTEM32\VERSION.dll
0x00007ff915410000 - 0x00007ff915425000 	C:\WINDOWS\SYSTEM32\UMPDC.dll
0x00007ff914280000 - 0x00007ff91429b000 	C:\WINDOWS\SYSTEM32\kernel.appcore.dll
0x00007ff8f1f00000 - 0x00007ff8f1f0a000 	C:\Users\User\.vscode\extensions\redhat.java-1.56.0-win32-x64\jre\21.0.12.1-win32-x86_64\bin\jimage.dll
0x00007ff9129f0000 - 0x00007ff912c3c000 	C:\WINDOWS\SYSTEM32\DBGHELP.DLL
0x00007ff9171e0000 - 0x00007ff91756a000 	C:\WINDOWS\System32\combase.dll
0x00007ff917100000 - 0x00007ff9171d9000 	C:\WINDOWS\System32\OLEAUT32.dll
0x00007ff8e9d70000 - 0x00007ff8e9dab000 	C:\WINDOWS\SYSTEM32\dbgcore.DLL
0x00007ff915710000 - 0x00007ff9157bc000 	C:\WINDOWS\System32\bcryptPrimitives.dll
0x00007ff8d8280000 - 0x00007ff8d828f000 	C:\Users\User\.vscode\extensions\redhat.java-1.56.0-win32-x64\jre\21.0.12.1-win32-x86_64\bin\instrument.dll
0x00007ff8e7c70000 - 0x00007ff8e7c90000 	C:\Users\User\.vscode\extensions\redhat.java-1.56.0-win32-x64\jre\21.0.12.1-win32-x86_64\bin\java.dll
0x00007ff917b90000 - 0x00007ff91832c000 	C:\WINDOWS\System32\SHELL32.dll
0x00007ff913000000 - 0x00007ff9138ad000 	C:\WINDOWS\SYSTEM32\windows.storage.dll
0x00007ff916ca0000 - 0x00007ff916d99000 	C:\WINDOWS\System32\SHCORE.dll
0x00007ff917090000 - 0x00007ff9170f6000 	C:\WINDOWS\System32\shlwapi.dll
0x00007ff9154f0000 - 0x00007ff915519000 	C:\WINDOWS\SYSTEM32\profapi.dll
0x00007ff8e4f80000 - 0x00007ff8e4f98000 	C:\Users\User\.vscode\extensions\redhat.java-1.56.0-win32-x64\jre\21.0.12.1-win32-x86_64\bin\zip.dll
0x00007ff8f1ef0000 - 0x00007ff8f1f00000 	C:\Users\User\.vscode\extensions\redhat.java-1.56.0-win32-x64\jre\21.0.12.1-win32-x86_64\bin\net.dll
0x00007ff904bf0000 - 0x00007ff904d1a000 	C:\WINDOWS\SYSTEM32\WINHTTP.dll
0x00007ff914840000 - 0x00007ff9148ac000 	C:\WINDOWS\system32\mswsock.dll
0x00007ff8e3770000 - 0x00007ff8e3786000 	C:\Users\User\.vscode\extensions\redhat.java-1.56.0-win32-x64\jre\21.0.12.1-win32-x86_64\bin\nio.dll
0x00007ff8f1dd0000 - 0x00007ff8f1de0000 	C:\Users\User\.vscode\extensions\redhat.java-1.56.0-win32-x64\jre\21.0.12.1-win32-x86_64\bin\verify.dll
0x00007ff8e2c50000 - 0x00007ff8e2c77000 	C:\Users\User\.gradle\native\c067742578af261105cb4f569cf0c3c89f3d7b1fecec35dd04571415982c5e48\windows-amd64\native-platform.dll
0x00007ff86c290000 - 0x00007ff86c3d4000 	C:\Users\User\.gradle\native\100fb08df4bc3b14c8652ba06237920a3bd2aa13389f12d3474272988ae205f9\windows-amd64\native-platform-file-events.dll
0x00007ff8d8950000 - 0x00007ff8d895a000 	C:\Users\User\.vscode\extensions\redhat.java-1.56.0-win32-x64\jre\21.0.12.1-win32-x86_64\bin\management.dll
0x00007ff8d8350000 - 0x00007ff8d835c000 	C:\Users\User\.vscode\extensions\redhat.java-1.56.0-win32-x64\jre\21.0.12.1-win32-x86_64\bin\management_ext.dll
0x00007ff916fb0000 - 0x00007ff916fb8000 	C:\WINDOWS\System32\PSAPI.DLL
0x00007ff914b30000 - 0x00007ff914b4b000 	C:\WINDOWS\SYSTEM32\CRYPTSP.dll
0x00007ff9141e0000 - 0x00007ff914219000 	C:\WINDOWS\system32\rsaenh.dll
0x00007ff9148f0000 - 0x00007ff914924000 	C:\WINDOWS\SYSTEM32\USERENV.dll
0x00007ff9154c0000 - 0x00007ff9154ea000 	C:\WINDOWS\SYSTEM32\bcrypt.dll
0x00007ff914b50000 - 0x00007ff914b5c000 	C:\WINDOWS\SYSTEM32\CRYPTBASE.dll
0x00007ff913c30000 - 0x00007ff913c63000 	C:\WINDOWS\SYSTEM32\IPHLPAPI.DLL
0x00007ff916f10000 - 0x00007ff916f1a000 	C:\WINDOWS\System32\NSI.dll
0x00007ff8baae0000 - 0x00007ff8baae9000 	C:\Users\User\.vscode\extensions\redhat.java-1.56.0-win32-x64\jre\21.0.12.1-win32-x86_64\bin\extnet.dll
0x00007ff887840000 - 0x00007ff88784e000 	C:\Users\User\.vscode\extensions\redhat.java-1.56.0-win32-x64\jre\21.0.12.1-win32-x86_64\bin\sunmscapi.dll
0x00007ff9157d0000 - 0x00007ff91594f000 	C:\WINDOWS\System32\CRYPT32.dll
0x00007ff914d90000 - 0x00007ff914dc0000 	C:\WINDOWS\SYSTEM32\ncrypt.dll
0x00007ff914d40000 - 0x00007ff914d7f000 	C:\WINDOWS\SYSTEM32\NTASN1.dll
0x00007ff8ac2f0000 - 0x00007ff8ac2f8000 	C:\WINDOWS\system32\wshunix.dll

JVMTI agents:
C:\Users\User\.gradle\wrapper\dists\gradle-8.11.1-bin\bpt9gzteqjrbo1mjrsomdt32c\gradle-8.11.1\lib\agents\gradle-instrumentation-agent-8.11.1.jar path:C:\Users\User\.vscode\extensions\redhat.java-1.56.0-win32-x64\jre\21.0.12.1-win32-x86_64\bin\instrument.dll, loaded, initialized, instrumentlib options:none

dbghelp: loaded successfully - version: 4.0.5 - missing functions: none
symbol engine: initialized successfully - sym options: 0x614 - pdb path: .;C:\Users\User\.vscode\extensions\redhat.java-1.56.0-win32-x64\jre\21.0.12.1-win32-x86_64\bin;C:\WINDOWS\SYSTEM32;C:\WINDOWS\WinSxS\amd64_microsoft.windows.common-controls_6595b64144ccf1df_6.0.26100.9549_none_3e0a0396e3330090;C:\Users\User\.vscode\extensions\redhat.java-1.56.0-win32-x64\jre\21.0.12.1-win32-x86_64\bin\server;C:\Users\User\.gradle\native\c067742578af261105cb4f569cf0c3c89f3d7b1fecec35dd04571415982c5e48\windows-amd64;C:\Users\User\.gradle\native\100fb08df4bc3b14c8652ba06237920a3bd2aa13389f12d3474272988ae205f9\windows-amd64

VM Arguments:
jvm_args: --add-opens=java.base/java.lang=ALL-UNNAMED --add-opens=java.base/java.lang.invoke=ALL-UNNAMED --add-opens=java.base/java.util=ALL-UNNAMED --add-opens=java.prefs/java.util.prefs=ALL-UNNAMED --add-exports=jdk.compiler/com.sun.tools.javac.api=ALL-UNNAMED --add-exports=jdk.compiler/com.sun.tools.javac.util=ALL-UNNAMED --add-opens=java.base/java.util=ALL-UNNAMED --add-opens=java.prefs/java.util.prefs=ALL-UNNAMED --add-opens=java.base/java.nio.charset=ALL-UNNAMED --add-opens=java.base/java.net=ALL-UNNAMED --add-opens=java.base/java.util.concurrent.atomic=ALL-UNNAMED --add-opens=java.xml/javax.xml.namespace=ALL-UNNAMED -Xmx2048m -Dfile.encoding=UTF-8 -Duser.country=US -Duser.language=en -Duser.variant -javaagent:C:\Users\User\.gradle\wrapper\dists\gradle-8.11.1-bin\bpt9gzteqjrbo1mjrsomdt32c\gradle-8.11.1\lib\agents\gradle-instrumentation-agent-8.11.1.jar 
java_command: org.gradle.launcher.daemon.bootstrap.GradleDaemon 8.11.1
java_class_path (initial): C:\Users\User\.gradle\wrapper\dists\gradle-8.11.1-bin\bpt9gzteqjrbo1mjrsomdt32c\gradle-8.11.1\lib\gradle-daemon-main-8.11.1.jar
Launcher Type: SUN_STANDARD

[Global flags]
     intx CICompilerCount                          = 4                                         {product} {ergonomic}
     uint ConcGCThreads                            = 2                                         {product} {ergonomic}
     uint G1ConcRefinementThreads                  = 8                                         {product} {ergonomic}
   size_t G1HeapRegionSize                         = 1048576                                   {product} {ergonomic}
    uintx GCDrainStackTargetSize                   = 64                                        {product} {ergonomic}
   size_t InitialHeapSize                          = 197132288                                 {product} {ergonomic}
   size_t MarkStackSize                            = 4194304                                   {product} {ergonomic}
   size_t MaxHeapSize                              = 2147483648                                {product} {command line}
   size_t MaxNewSize                               = 1287651328                                {product} {ergonomic}
   size_t MinHeapDeltaBytes                        = 1048576                                   {product} {ergonomic}
   size_t MinHeapSize                              = 8388608                                   {product} {ergonomic}
    uintx NonNMethodCodeHeapSize                   = 5839372                                {pd product} {ergonomic}
    uintx NonProfiledCodeHeapSize                  = 122909434                              {pd product} {ergonomic}
    uintx ProfiledCodeHeapSize                     = 122909434                              {pd product} {ergonomic}
    uintx ReservedCodeCacheSize                    = 251658240                              {pd product} {ergonomic}
     bool SegmentedCodeCache                       = true                                      {product} {ergonomic}
   size_t SoftMaxHeapSize                          = 2147483648                             {manageable} {ergonomic}
     bool UseCompressedOops                        = true                           {product lp64_product} {ergonomic}
     bool UseG1GC                                  = true                                      {product} {ergonomic}
     bool UseLargePagesIndividualAllocation        = false                                  {pd product} {ergonomic}

Logging:
Log output configuration:
 #0: stdout all=warning uptime,level,tags foldmultilines=false
 #1: stderr all=off uptime,level,tags foldmultilines=false

Release file:
JAVA_VERSION="21.0.12.1" 
MODULES="java.base java.compiler java.datatransfer java.xml java.prefs java.desktop java.instrument java.logging java.management java.security.sasl java.naming java.rmi java.management.rmi java.net.http java.scripting java.security.jgss java.transaction.xa java.sql java.sql.rowset java.xml.crypto java.se java.smartcardio jdk.accessibility jdk.internal.jvmstat jdk.attach jdk.charsets jdk.internal.opt jdk.zipfs jdk.compiler jdk.crypto.ec jdk.crypto.cryptoki jdk.crypto.mscapi jdk.dynalink jdk.internal.ed jdk.editpad jdk.hotspot.agent jdk.httpserver jdk.internal.le jdk.internal.vm.ci jdk.internal.vm.compiler jdk.internal.vm.compiler.management jdk.jartool jdk.javadoc jdk.jcmd jdk.management jdk.management.agent jdk.jconsole jdk.jdeps jdk.jdwp.agent jdk.jdi jdk.jfr jdk.jshell jdk.jsobject jdk.jstatd jdk.localedata jdk.management.jfr jdk.naming.dns jdk.naming.rmi jdk.net jdk.nio.mapmode jdk.random jdk.sctp jdk.security.auth jdk.security.jgss jdk.unsupported jdk.unsupported.desktop jdk.xml.dom" 

Environment Variables:
JAVA_HOME=C:\Program Files\Java\jdk-17
PATH=C:\Program Files\Common Files\Oracle\Java\javapath;C:\Program Files\Microsoft SDKs\Azure\CLI2\wbin;C:\app\User\product\21c\dbhomeXE\bin;C:\Program Files\Python313\Scripts\;C:\Program Files\Python313\;C:\WINDOWS\system32;C:\WINDOWS;C:\WINDOWS\System32\Wbem;C:\WINDOWS\System32\WindowsPowerShell\v1.0\;C:\WINDOWS\System32\OpenSSH\;C:\Program Files (x86)\Microsoft SQL Server\160\Tools\Binn\;C:\Program Files\Microsoft SQL Server\160\Tools\Binn\;C:\Program Files\Microsoft SQL Server\Client SDK\ODBC\170\Tools\Binn\;C:\Program Files\Microsoft SQL Server\160\DTS\Binn\;C:\ProgramData\chocolatey\bin;C:\Program Files\nodejs\;C:\Program Files\Git\cmd;C:\Program Files\dotnet\;C:\php-8.4.12;C:\Users\User\AppData\Local\ComposerSetup\bin;C:\php-8.4.12;C:\Program Files\7-Zip;C:\Program Files\Docker\Docker\resources\bin;C:\Program Files\MySQL\MySQL Server 9.4\bin;C:\Program Files\Amazon\AWSCLIV2\;C:\Users\User\AppData\Roaming\Python\Python313\Scripts;C:\Program Files\Java\jdk-17\bin;C:\Program Files\Apache\Maven\apache-maven-3.9.11\bin;C:\Program Files\Tailscale\;C:\Users\User\AppData\Local\Programs\Microsoft VS Code\bin;C:\Users\User\AppData\Local\Python\bin;C:\Users\User\AppData\Roaming\npm;D:\flutter\flutter\bin;C:\Users\User\AppData\Local\Programs\Antigravity\bin;C:\Users\User\AppData\Local\GitHubDesktop\bin;C:\Users\User\.dotnet\tools;C:\Users\User\AppData\Local\Programs\Antigravity IDE\bin;C:\Users\User\AppData\Local\Microsoft\dotnet
USERNAME=User
OS=Windows_NT
PROCESSOR_IDENTIFIER=Intel64 Family 6 Model 140 Stepping 1, GenuineIntel
TMP=C:\Users\User\AppData\Local\Temp
TEMP=C:\Users\User\AppData\Local\Temp




Periodic native trim disabled

---------------  S Y S T E M  ---------------

OS:
 Windows 11 , 64 bit Build 26100 (10.0.26100.9549)
OS uptime: 0 days 5:08 hours
Hyper-V role detected

CPU: total 8 (initial active 8) (4 cores per cpu, 2 threads per core) family 6 model 140 stepping 1 microcode 0xac, cx8, cmov, fxsr, ht, mmx, 3dnowpref, sse, sse2, sse3, ssse3, sse4.1, sse4.2, popcnt, lzcnt, tsc, tscinvbit, avx, avx2, aes, erms, clmul, bmi1, bmi2, adx, avx512f, avx512dq, avx512cd, avx512bw, avx512vl, sha, fma, vzeroupper, avx512_vpopcntdq, avx512_vpclmulqdq, avx512_vaes, avx512_vnni, clflush, clflushopt, clwb, avx512_vbmi2, avx512_vbmi, hv, rdtscp, rdpid, fsrm, gfni, avx512_bitalg, f16c, cet_ibt, cet_ss, avx512_ifma
Processor Information for the first 8 processors :
  Max Mhz: 2419, Current Mhz: 2419, Mhz Limit: 2419

Memory: 4k page, system-wide physical 12028M (661M free)
TotalPageFile size 28814M (AvailPageFile size 300M)
current process WorkingSet (physical memory assigned to process): 253M, peak: 262M
current process commit charge ("private bytes"): 289M, peak: 350M

vm_info: OpenJDK 64-Bit Server VM (21.0.12.1+1-LTS) for windows-amd64 JRE (21.0.12.1+1-LTS), built on 2026-08-18T00:00:00Z by "admin" with MS VC++ 17.12 (VS2022)

END.
